strategy,pair,n,mean_R,ci_low,nw_t,A,B,hold,rand,edge,verdict
ichimoku,USD_SGD,168,0.12421245135752992,0.0462538206781444,3.1228922640009302,0.051678119919206573,0.19269134536018384,0.14442341819248763,0.0015102076172564575,0.12270224374027347,DISCOVER
macd,EUR_USD,159,0.11538261202524479,0.007019540212870823,2.086964828396972,0.1331768576047954,0.051193911974775574,0.19512039969927866,0.003200800673407894,0.1121818113518369,DISCOVER
ichimoku,GBP_CAD,171,0.11516692566467522,0.0230732653263878,2.451060946796993,0.10564454528526587,0.1547156416649673,0.060794912513347,0.005407881904557916,0.1097590437601173,DISCOVER
ichimoku,CAD_CHF,175,0.11574699434029173,0.015365123783532997,2.2600107733467314,0.07066829267765228,0.15233120944726286,0.13456148729792203,0.037424648471766304,0.07832234586852543,DISCOVER
atr,USD_JPY,345,-0.031518938646657585,-0.13248598123743255,-0.6118543057444494,-0.028740049271284634,-0.012313740542352247,-0.07060940348319604,-0.10651131487271308,0.0749923762260555,none
atr,CHF_JPY,435,-0.04073017852999689,-0.16868232849971054,-0.6239140955246941,0.06742923265371438,-0.08710045954826229,-0.17064806819744835,-0.11473219779914197,0.07400201926914507,none
atr,AUD_JPY,359,-0.019535478520043958,-0.08981932619508042,-0.5447843162531625,0.024151131227948264,-0.14128702243035118,0.13338624182531283,-0.09055016214406271,0.07101468362401875,none
ichimoku,EUR_GBP,177,-0.016836508261054768,-0.15557949053633355,-0.23784666907471544,0.08587184005347237,0.01969561666090223,-0.23533157640610156,-0.07601208836157036,0.059175580100515594,none
atr,USD_CAD,418,-0.011928070269525042,-0.09906498669398452,-0.2683021007351891,-0.024974713152603422,0.11397137449511519,-0.24268544019418797,-0.062210419108633924,0.050282348839108884,none
atr,EUR_NOK,448,-0.08415799889412723,-0.19400696168872872,-1.5016043268511934,-0.13572322582247143,-0.14396613106432946,0.15331746590633957,-0.131410922865845,0.047252923971717764,none
ichimoku,CAD_JPY,167,-0.02510478529378753,-0.17245619901208048,-0.3339321824892336,-0.10987986125308653,0.1729953987261525,-0.20647495935336913,-0.06518146935904794,0.04007668406526041,none
macd,EUR_CAD,164,-0.025117158574490966,-0.11249920595348065,-0.563383810320736,0.0003881302794583975,0.025744544310927625,-0.16911072515537226,-0.056615632480696676,0.03149847390620571,none
ichimoku,EUR_NOK,164,-0.08325365696849407,-0.21899378163790598,-1.2021292013371725,-0.1838740688537525,-0.11132425947853421,0.13214055531884786,-0.11232613887291083,0.02907248190441676,none
macd,EUR_NOK,198,-0.09378950685810893,-0.20123965679323025,-1.7108159788784751,-0.3021903361973145,-0.03981925051285602,0.14109524109366986,-0.12249998607821945,0.028710479220110524,none
ichimoku,AUD_JPY,155,-0.07499764035246183,-0.1974335981269582,-1.2005899064518493,-0.10173317461225732,-0.16900498396779168,0.13800104157496162,-0.09677286369817817,0.02177522334571634,none
ichimoku,NZD_USD,148,-0.01548177294763583,-0.13516756220362777,-0.2535328142630523,0.0016254762347267307,-0.12535617177551672,0.2241666969699532,-0.027316811089632798,0.011835038141996967,none
ichimoku,EUR_CAD,181,-0.02289620401834789,-0.09816909478124256,-0.5961848870308498,0.003289933267718096,0.039269396587983056,-0.1720955827122173,-0.034727326854031175,0.011831122835683286,none
ichimoku,EUR_CHF,163,-0.01001230081016497,-0.20939015942701467,-0.09842672463262618,-0.10608600186903608,-0.012733976730393488,0.1759765042452538,-0.016064957720014133,0.006052656909849163,none
macd,USD_SGD,178,-0.03111019013198749,-0.19910627941259404,-0.3629606672381899,-0.14260327736946257,0.11896975892492045,-0.23650923315464842,-0.03196344172762692,0.0008532515956394295,none
macd,AUD_JPY,163,-0.05561815686987657,-0.1578414372115208,-1.0664066649067256,0.07465141562787955,-0.17221618607621703,-0.1449096588713893,-0.05502438408176622,-0.0005937727881103472,none
ichimoku,NZD_CHF,161,-0.031257801387950944,-0.10577507923347643,-0.8221622218592978,-0.07426738172631187,0.06681800257057519,-0.14079838997408367,-0.02931717243048671,-0.0019406289574642327,none
atr,EUR_GBP,447,-0.07045039182007067,-0.16607871139434505,-1.4439526761744446,-0.10291023662764834,-0.09707559637604045,0.051258019253787764,-0.06809741574325698,-0.002352976076813687,none
atr,EUR_USD,468,-0.015275184261153648,-0.12085839881058681,-0.2835617506023535,0.051839093928704005,-0.15576862501789274,0.16116467226283637,-0.011603879047570176,-0.003671305213583472,none
macd,CHF_JPY,194,-0.10623674884625803,-0.2527871460990382,-1.4208356418134214,0.04792344855491178,-0.28767775257186134,-0.06493262862950328,-0.10037788086832457,-0.00585886797793346,none
atr,USD_SGD,409,-0.0290450998843597,-0.1207556003979695,-0.6207402146376562,-0.11039286708439644,-0.029312935587272427,0.11676856902546937,-0.012192442280158892,-0.016852657604200807,none
ichimoku,EUR_USD,172,-0.010221741235600173,-0.10953355402265262,-0.20173443882990227,0.0588286628482104,-0.09141634324761272,0.015144213166646027,0.012331203692970203,-0.022552944928570375,none
atr,CAD_CHF,478,-0.00020285895019075763,-0.11040703847232604,-0.003607880790891633,-0.05276068768745845,0.017285581700205086,0.060160511191101405,0.024918041943962965,-0.02512090089415372,none
ichimoku,USD_JPY,155,-0.09166341663042299,-0.23045263759427906,-1.2944830682666397,-0.07668402076800629,-0.029017845930948857,-0.26004511627018395,-0.06520398717024496,-0.026459429460178027,none
atr,NZD_USD,384,-0.046456156939712855,-0.19519126825827207,-0.6121894608114328,0.0249773942263959,-0.17371197960651763,0.09004927729326777,-0.01478432574203828,-0.031671831197674576,none
macd,CAD_JPY,135,-0.08750173957601085,-0.20678527535959612,-1.437779392121121,-0.058907712819627055,-0.16774027306648928,0.020589457220868218,-0.04518096129500732,-0.04232077828100352,none
macd,USD_JPY,155,-0.15283919900713647,-0.2503599660957037,-3.071805513813546,-0.23795283722445662,-0.1672563043189181,0.04875589219631822,-0.10483941519952415,-0.047999783807612315,none
atr,NZD_JPY,375,-0.10668511732349276,-0.20414179464136148,-2.1455977744041834,-0.060741316531272516,-0.16452935529537163,-0.08491265243855783,-0.051421533724063426,-0.05526358359942933,none
ichimoku,USD_CAD,178,-0.10638006087716201,-0.24506850242261677,-1.5034051648125313,-0.004003200569018652,-0.08682508077696056,-0.3445561383433991,-0.04827102579812165,-0.05810903507904036,none
ichimoku,CHF_JPY,174,-0.16379276718104915,-0.2686080188853076,-3.0628541023845424,-0.1332878182849179,-0.12592384863990033,-0.2986169364235745,-0.1006506638621364,-0.06314210331891275,none
macd,USD_CAD,189,-0.13090597911733884,-0.24258023798964184,-2.2975367972969725,-0.14604994267145316,-0.057881825425876166,-0.2857579516020718,-0.06033315017363807,-0.07057282894370076,none
macd,NZD_JPY,158,-0.1352903173928091,-0.2782374194804037,-1.8550150245607402,-0.1265817346594382,-0.15809431605717905,-0.10811699053261799,-0.061921549220423755,-0.07336876817238536,none
atr,CAD_JPY,378,-0.1464794810071446,-0.22106234832812083,-3.8494066142353502,-0.16961523776423906,-0.17342665142526978,-0.0561323857843218,-0.03509292488147192,-0.11138655612567269,none
ichimoku,NZD_JPY,145,-0.19148069828307412,-0.3452303453011612,-2.4409953187773814,-0.02713578261482293,-0.25772267778684804,-0.4115403873539627,-0.06781371416113083,-0.1236669841219433,none
macd,GBP_CAD,160,-0.16699802744082168,-0.273532810138131,-3.0723874916419875,-0.15784311707788268,-0.2133295833631007,-0.07851590780125546,0.013667762913349346,-0.18066579035417102,none
atr,NZD_CHF,412,0.08339218788625105,-0.017631369970200136,1.6179264690846018,0.05259023354290117,0.06391739758345893,0.19408313010243775,-0.029370860156910844,0.1127630480431619,promising
macd,NZD_USD,164,0.08076655062598953,-0.04585291072862205,1.2502220237977184,0.005580571788206674,0.04890267483294561,0.3598616914103292,-0.03148190254840847,0.112248453174398,promising
atr,EUR_CAD,492,0.01905896447212491,-0.07078304062453596,0.4157918150332245,0.08800670685208209,-0.05434873865147489,0.05196465829040622,-0.07655904412344082,0.09561800859556573,promising
macd,EUR_CHF,186,0.09322220050648135,-0.08238463519047008,1.0404806411295948,0.09598273134425424,0.07386455460501105,0.13792569124077633,0.0013735417002317294,0.09184865880624962,promising
macd,EUR_GBP,175,0.017844223071496947,-0.0879610115026517,0.3305571540094611,-0.10684657638684972,0.03294348133685923,0.2130632955619727,-0.06703313726500229,0.08487736033649923,promising
macd,NZD_CHF,186,0.012496922844045015,-0.10516677687919995,0.2081692895254877,-0.05731444494428146,0.08404992036069224,0.032020236024675845,-0.0437034452159474,0.056200368059992414,promising
ichimoku,AUD_CAD,179,0.010627751271549206,-0.05893141173700299,0.29946295486153823,-0.003986708163341381,0.03148513759272851,-0.003101924874931091,-0.04115682738664793,0.05178457865819713,promising
macd,AUD_CAD,175,0.04792629697258418,-0.08802390204267063,0.6909555318541651,0.02497253571126746,0.04051607037203923,0.1129336597076021,-0.0017036180958354486,0.04962991506841963,promising
atr,GBP_CAD,487,0.021156352790874643,-0.07579041318115018,0.4277239271919596,-0.006045836695020926,0.06568001254421081,-0.021603218326168495,-0.025550820677192526,0.04670717346806717,promising
macd,CAD_CHF,163,0.06753612688777702,-0.11775984356439392,0.714374998965295,0.0013099035087496746,0.1544425508374138,-0.021479469091169715,0.03034426796518199,0.03719185892259503,promising
atr,AUD_CAD,394,0.010652514653103136,-0.062809797342393,0.284212790925532,-0.13070058485167957,0.1656044061000718,-0.0033315646198481975,-0.011594452704613248,0.022246967357716384,promising
atr,EUR_CHF,413,0.010217161224925117,-0.10581322524626574,0.17258958286608297,-0.005497850764809219,0.04739910486473216,-0.03772529220733828,0.0066414594286756095,0.003575701796249508,promising
