period,adx_min,adx_max,rising,di,N,regime,n,exp,lift,t,win
21,30,60,0,off,10,all,241070,0.0896,-0.0102,-3.8,0.279
21,30,60,0,off,10,bull,187536,0.0492,-0.0235,-7.7,0.274
21,30,60,0,off,10,nonbull,53534,0.2311,0.0405,7.0,0.299
21,30,60,0,off,15,all,240317,0.1039,-0.0029,-1.0,0.326
21,30,60,0,off,15,bull,186783,0.0565,-0.0206,-6.4,0.316
21,30,60,0,off,15,nonbull,53534,0.2693,0.0629,10.4,0.362
21,30,60,0,s0,10,all,156023,0.058,-0.0418,-12.4,0.284
21,30,60,0,s0,10,bull,138391,0.0594,-0.0134,-3.7,0.286
21,30,60,0,s0,10,nonbull,17632,0.0468,-0.1439,-14.6,0.266
21,30,60,0,s0,15,all,155421,0.0653,-0.0414,-11.7,0.324
21,30,60,0,s0,15,bull,137789,0.0668,-0.0102,-2.7,0.325
21,30,60,0,s0,15,nonbull,17632,0.0541,-0.1523,-14.7,0.309
21,30,60,0,s20,10,all,60237,0.0552,-0.0446,-8.2,0.289
21,30,60,0,s20,10,bull,54038,0.0557,-0.0171,-3.0,0.291
21,30,60,0,s20,10,nonbull,6199,0.0509,-0.1398,-8.4,0.272
21,30,60,0,s20,15,all,59898,0.0565,-0.0503,-8.9,0.323
21,30,60,0,s20,15,bull,53699,0.0569,-0.0201,-3.4,0.324
21,30,60,0,s20,15,nonbull,6199,0.0531,-0.1532,-8.8,0.312
21,30,60,1,off,10,all,126381,0.0773,-0.0225,-6.0,0.282
21,30,60,1,off,10,bull,99489,0.0384,-0.0344,-8.2,0.273
21,30,60,1,off,10,nonbull,26892,0.2213,0.0306,3.7,0.316
21,30,60,1,off,15,all,125845,0.0855,-0.0212,-5.4,0.324
21,30,60,1,off,15,bull,98953,0.043,-0.034,-7.8,0.312
21,30,60,1,off,15,nonbull,26892,0.242,0.0356,4.1,0.368
21,30,60,1,s0,10,all,85210,0.037,-0.0627,-13.7,0.281
21,30,60,1,s0,10,bull,75946,0.0394,-0.0333,-6.9,0.284
21,30,60,1,s0,10,nonbull,9264,0.0177,-0.173,-12.7,0.262
21,30,60,1,s0,15,all,84779,0.0404,-0.0664,-14.0,0.317
21,30,60,1,s0,15,bull,75515,0.0435,-0.0336,-6.6,0.32
21,30,60,1,s0,15,nonbull,9264,0.0153,-0.1911,-13.5,0.3
21,30,60,1,s20,10,all,56453,0.0477,-0.052,-9.2,0.287
21,30,60,1,s20,10,bull,50657,0.0476,-0.0252,-4.2,0.289
21,30,60,1,s20,10,nonbull,5796,0.0493,-0.1414,-8.2,0.271
21,30,60,1,s20,15,all,56124,0.0479,-0.0588,-10.0,0.321
21,30,60,1,s20,15,bull,50328,0.0476,-0.0294,-4.7,0.322
21,30,60,1,s20,15,nonbull,5796,0.0506,-0.1558,-8.7,0.311
21,30,999,0,off,10,all,249802,0.1264,0.0266,9.9,0.292
21,30,999,0,off,10,bull,194813,0.0934,0.0207,6.8,0.289
21,30,999,0,off,10,nonbull,54989,0.2433,0.0527,9.2,0.303
21,30,999,0,off,15,all,249004,0.1418,0.0351,12.5,0.339
21,30,999,0,off,15,bull,194015,0.102,0.025,7.9,0.331
21,30,999,0,off,15,nonbull,54989,0.2824,0.0761,12.7,0.366
21,30,999,0,s0,10,all,163874,0.116,0.0162,4.9,0.303
21,30,999,0,s0,10,bull,145175,0.1188,0.0461,12.9,0.306
21,30,999,0,s0,10,nonbull,18699,0.0943,-0.0963,-9.9,0.28
21,30,999,0,s0,15,all,163232,0.1255,0.0187,5.4,0.343
21,30,999,0,s0,15,bull,144533,0.128,0.051,13.8,0.346
21,30,999,0,s0,15,nonbull,18699,0.1058,-0.1005,-9.9,0.325
21,30,999,0,s20,10,all,67441,0.1886,0.0888,16.7,0.333
21,30,999,0,s20,10,bull,60357,0.1927,0.12,21.3,0.337
21,30,999,0,s20,10,nonbull,7084,0.1539,-0.0367,-2.3,0.304
21,30,999,0,s20,15,all,67062,0.1948,0.0881,16.0,0.368
21,30,999,0,s20,15,bull,59978,0.1986,0.1216,20.9,0.371
21,30,999,0,s20,15,nonbull,7084,0.1629,-0.0435,-2.6,0.346
21,30,999,1,off,10,all,131754,0.1249,0.0251,6.8,0.298
21,30,999,1,off,10,bull,104123,0.096,0.0233,5.6,0.293
21,30,999,1,off,10,nonbull,27631,0.2335,0.0429,5.2,0.32
21,30,999,1,off,15,all,131174,0.1347,0.0279,7.2,0.34
21,30,999,1,off,15,bull,103543,0.1025,0.0254,5.9,0.332
21,30,999,1,off,15,nonbull,27631,0.2554,0.049,5.7,0.372
21,30,999,1,s0,10,all,90158,0.111,0.0112,2.5,0.306
21,30,999,1,s0,10,bull,80347,0.1157,0.043,8.9,0.31
21,30,999,1,s0,10,nonbull,9811,0.0723,-0.1183,-8.8,0.28
21,30,999,1,s0,15,all,89688,0.1169,0.0101,2.1,0.343
21,30,999,1,s0,15,bull,79877,0.1221,0.0451,9.0,0.346
21,30,999,1,s0,15,nonbull,9811,0.0743,-0.1321,-9.5,0.319
21,30,999,1,s20,10,all,61274,0.1531,0.0533,9.6,0.323
21,30,999,1,s20,10,bull,54963,0.1563,0.0835,14.2,0.326
21,30,999,1,s20,10,nonbull,6311,0.1257,-0.065,-3.8,0.298
21,30,999,1,s20,15,all,60906,0.157,0.0502,8.7,0.357
21,30,999,1,s20,15,bull,54595,0.16,0.083,13.7,0.359
21,30,999,1,s20,15,nonbull,6311,0.1311,-0.0753,-4.3,0.338
21,35,60,0,off,10,all,121623,0.0995,-0.0003,-0.1,0.281
21,35,60,0,off,10,bull,95618,0.0536,-0.0191,-4.5,0.275
21,35,60,0,off,10,nonbull,26005,0.2684,0.0777,9.4,0.304
21,35,60,0,off,15,all,121228,0.1152,0.0085,2.1,0.328
21,35,60,0,off,15,bull,95223,0.0614,-0.0156,-3.5,0.317
21,35,60,0,off,15,nonbull,26005,0.3123,0.1059,12.2,0.368
21,35,60,0,s0,10,all,83585,0.0641,-0.0357,-7.7,0.285
21,35,60,0,s0,10,bull,74911,0.0593,-0.0134,-2.7,0.285
21,35,60,0,s0,10,nonbull,8674,0.1054,-0.0852,-6.0,0.279
21,35,60,0,s0,15,all,83250,0.0712,-0.0356,-7.4,0.324
21,35,60,0,s0,15,bull,74576,0.0659,-0.0111,-2.2,0.324
21,35,60,0,s0,15,nonbull,8674,0.1165,-0.0899,-6.1,0.325
21,35,60,0,s20,10,all,39923,0.0702,-0.0296,-4.4,0.293
21,35,60,0,s20,10,bull,35925,0.0658,-0.0069,-1.0,0.294
21,35,60,0,s20,10,nonbull,3998,0.1093,-0.0813,-3.9,0.281
21,35,60,0,s20,15,all,39685,0.0735,-0.0332,-4.8,0.327
21,35,60,0,s20,15,bull,35687,0.0686,-0.0084,-1.1,0.327
21,35,60,0,s20,15,nonbull,3998,0.117,-0.0894,-4.1,0.328
21,35,60,1,off,10,all,64563,0.096,-0.0037,-0.7,0.287
21,35,60,1,off,10,bull,51654,0.0493,-0.0235,-4.0,0.277
21,35,60,1,off,10,nonbull,12909,0.2831,0.0925,7.7,0.327
21,35,60,1,off,15,all,64260,0.107,0.0002,0.0,0.329
21,35,60,1,off,15,bull,51351,0.0546,-0.0224,-3.7,0.315
21,35,60,1,off,15,nonbull,12909,0.3153,0.1089,8.7,0.386
21,35,60,1,s0,10,all,46200,0.0561,-0.0437,-7.0,0.286
21,35,60,1,s0,10,bull,41487,0.052,-0.0207,-3.2,0.288
21,35,60,1,s0,10,nonbull,4713,0.0924,-0.0982,-5.1,0.272
21,35,60,1,s0,15,all,45936,0.0601,-0.0466,-7.2,0.322
21,35,60,1,s0,15,bull,41223,0.0553,-0.0217,-3.2,0.322
21,35,60,1,s0,15,nonbull,4713,0.1021,-0.1043,-5.2,0.32
21,35,60,1,s20,10,all,36306,0.061,-0.0388,-5.5,0.29
21,35,60,1,s20,10,bull,32702,0.0553,-0.0174,-2.3,0.292
21,35,60,1,s20,10,nonbull,3604,0.1119,-0.0788,-3.6,0.28
21,35,60,1,s20,15,all,36078,0.063,-0.0438,-6.0,0.324
21,35,60,1,s20,15,bull,32474,0.0568,-0.0202,-2.6,0.324
21,35,60,1,s20,15,nonbull,3604,0.1186,-0.0878,-3.8,0.328
21,35,999,0,off,10,all,130355,0.1693,0.0695,18.7,0.305
21,35,999,0,off,10,bull,102895,0.1369,0.0642,15.3,0.304
21,35,999,0,off,10,nonbull,27460,0.2908,0.1001,12.5,0.311
21,35,999,0,off,15,all,129915,0.1872,0.0805,20.6,0.352
21,35,999,0,off,15,bull,102455,0.1473,0.0703,16.0,0.345
21,35,999,0,off,15,nonbull,27460,0.3363,0.1299,15.3,0.376
21,35,999,0,s0,10,all,91436,0.1677,0.0679,15.1,0.319
21,35,999,0,s0,10,bull,81695,0.165,0.0922,19.3,0.321
21,35,999,0,s0,10,nonbull,9741,0.1903,-0.0003,-0.0,0.304
21,35,999,0,s0,15,all,91061,0.1785,0.0718,15.3,0.36
21,35,999,0,s0,15,bull,81320,0.1749,0.0979,19.7,0.36
21,35,999,0,s0,15,nonbull,9741,0.209,0.0026,0.2,0.355
21,35,999,0,s20,10,all,47127,0.2589,0.1591,24.9,0.356
21,35,999,0,s20,10,bull,42244,0.2601,0.1874,27.6,0.359
21,35,999,0,s20,10,nonbull,4883,0.2483,0.0576,3.0,0.326
21,35,999,0,s20,15,all,46849,0.269,0.1622,24.5,0.391
21,35,999,0,s20,15,bull,41966,0.2695,0.1924,27.4,0.393
21,35,999,0,s20,15,nonbull,4883,0.2646,0.0583,2.9,0.374
21,35,999,1,off,10,all,69936,0.1842,0.0845,16.4,0.318
21,35,999,1,off,10,bull,56288,0.1551,0.0823,14.4,0.313
21,35,999,1,off,10,nonbull,13648,0.3046,0.1139,9.8,0.336
21,35,999,1,off,15,all,69589,0.1979,0.0912,17.0,0.36
21,35,999,1,off,15,bull,55941,0.1637,0.0867,14.5,0.352
21,35,999,1,off,15,nonbull,13648,0.3384,0.132,10.8,0.394
21,35,999,1,s0,10,all,51148,0.1846,0.0848,14.0,0.33
21,35,999,1,s0,10,bull,45888,0.1844,0.1117,17.3,0.333
21,35,999,1,s0,10,nonbull,5260,0.1865,-0.0041,-0.2,0.304
21,35,999,1,s0,15,all,50845,0.1932,0.0864,13.7,0.366
21,35,999,1,s0,15,bull,45585,0.192,0.115,17.2,0.368
21,35,999,1,s0,15,nonbull,5260,0.2031,-0.0033,-0.2,0.354
21,35,999,1,s20,10,all,41127,0.2164,0.1166,17.1,0.343
21,35,999,1,s20,10,bull,37008,0.2159,0.1432,19.8,0.346
21,35,999,1,s20,10,nonbull,4119,0.2211,0.0305,1.4,0.319
21,35,999,1,s20,15,all,40860,0.2237,0.117,16.5,0.377
21,35,999,1,s20,15,bull,36741,0.2227,0.1456,19.5,0.379
21,35,999,1,s20,15,nonbull,4119,0.2334,0.0271,1.2,0.367
21,40,60,0,off,10,all,57730,0.1364,0.0366,6.6,0.292
21,40,60,0,off,10,bull,45390,0.0961,0.0234,3.7,0.287
21,40,60,0,off,10,nonbull,12340,0.2846,0.094,7.9,0.309
21,40,60,0,off,15,all,57500,0.1567,0.05,8.6,0.34
21,40,60,0,off,15,bull,45160,0.1091,0.0321,4.9,0.331
21,40,60,0,off,15,nonbull,12340,0.3309,0.1245,9.8,0.374
21,40,60,0,s0,10,all,41884,0.1111,0.0113,1.7,0.298
21,40,60,0,s0,10,bull,37412,0.1017,0.029,4.2,0.297
21,40,60,0,s0,10,nonbull,4472,0.1901,-0.0005,-0.0,0.303
21,40,60,0,s0,15,all,41683,0.1219,0.0151,2.2,0.339
21,40,60,0,s0,15,bull,37211,0.1118,0.0348,4.8,0.337
21,40,60,0,s0,15,nonbull,4472,0.2056,-0.0008,-0.0,0.356
21,40,60,0,s20,10,all,24053,0.1116,0.0118,1.4,0.304
21,40,60,0,s20,10,bull,21598,0.1043,0.0316,3.4,0.305
21,40,60,0,s20,10,nonbull,2455,0.1755,-0.0152,-0.6,0.298
21,40,60,0,s20,15,all,23894,0.1202,0.0134,1.5,0.341
21,40,60,0,s20,15,bull,21439,0.1122,0.0351,3.7,0.34
21,40,60,0,s20,15,nonbull,2455,0.1904,-0.016,-0.6,0.35
21,40,60,1,off,10,all,31311,0.1409,0.0411,5.4,0.3
21,40,60,1,off,10,bull,25108,0.0946,0.0218,2.6,0.291
21,40,60,1,off,10,nonbull,6203,0.3282,0.1376,8.0,0.339
21,40,60,1,off,15,all,31127,0.1579,0.0511,6.4,0.345
21,40,60,1,off,15,bull,24924,0.1068,0.0297,3.4,0.331
21,40,60,1,off,15,nonbull,6203,0.3633,0.1569,8.7,0.401
21,40,60,1,s0,10,all,23581,0.1097,0.01,1.1,0.302
21,40,60,1,s0,10,bull,21090,0.0992,0.0264,2.8,0.302
21,40,60,1,s0,10,nonbull,2491,0.1994,0.0088,0.3,0.301
21,40,60,1,s0,15,all,23418,0.12,0.0133,1.4,0.341
21,40,60,1,s0,15,bull,20927,0.1085,0.0314,3.2,0.339
21,40,60,1,s0,15,nonbull,2491,0.2174,0.0111,0.4,0.357
21,40,60,1,s20,10,all,20814,0.1036,0.0038,0.4,0.303
21,40,60,1,s20,10,bull,18717,0.0934,0.0206,2.1,0.303
21,40,60,1,s20,10,nonbull,2097,0.1952,0.0046,0.2,0.302
21,40,60,1,s20,15,all,20663,0.1108,0.004,0.4,0.339
21,40,60,1,s20,15,bull,18566,0.0996,0.0226,2.2,0.337
21,40,60,1,s20,15,nonbull,2097,0.2101,0.0038,0.1,0.355
21,40,999,0,off,10,all,66462,0.2684,0.1687,31.9,0.338
21,40,999,0,off,10,bull,52667,0.253,0.1802,30.1,0.341
21,40,999,0,off,10,nonbull,13795,0.3275,0.1369,12.0,0.323
21,40,999,0,off,15,all,66187,0.2926,0.1859,33.6,0.386
21,40,999,0,off,15,bull,52392,0.2705,0.1935,31.0,0.385
21,40,999,0,off,15,nonbull,13795,0.3767,0.1703,14.2,0.388
21,40,999,0,s0,10,all,49735,0.2941,0.1943,31.3,0.359
21,40,999,0,s0,10,bull,44196,0.2904,0.2177,32.9,0.361
21,40,999,0,s0,10,nonbull,5539,0.3231,0.1324,7.3,0.343
21,40,999,0,s0,15,all,49494,0.3114,0.2046,31.7,0.402
21,40,999,0,s0,15,bull,43955,0.3064,0.2294,33.4,0.402
21,40,999,0,s0,15,nonbull,5539,0.3511,0.1447,7.6,0.402
21,40,999,0,s20,10,all,31257,0.3865,0.2868,36.1,0.397
21,40,999,0,s20,10,bull,27917,0.3896,0.3169,37.6,0.402
21,40,999,0,s20,10,nonbull,3340,0.3611,0.1704,7.3,0.359
21,40,999,0,s20,15,all,31058,0.4042,0.2975,36.2,0.435
21,40,999,0,s20,15,bull,27718,0.4063,0.3293,37.8,0.438
21,40,999,0,s20,15,nonbull,3340,0.3868,0.1804,7.4,0.411
21,40,999,1,off,10,all,36684,0.3025,0.2027,28.1,0.357
21,40,999,1,off,10,bull,29742,0.2877,0.215,26.8,0.358
21,40,999,1,off,10,nonbull,6942,0.3656,0.175,10.7,0.354
21,40,999,1,off,15,all,36456,0.3241,0.2174,28.9,0.402
21,40,999,1,off,15,bull,29514,0.3054,0.2284,27.4,0.398
21,40,999,1,off,15,nonbull,6942,0.4037,0.1973,11.5,0.416
21,40,999,1,s0,10,all,28529,0.3308,0.231,27.9,0.377
21,40,999,1,s0,10,bull,25491,0.3294,0.2566,29.2,0.38
21,40,999,1,s0,10,nonbull,3038,0.3431,0.1524,6.2,0.351
21,40,999,1,s0,15,all,28327,0.3484,0.2417,28.1,0.417
21,40,999,1,s0,15,bull,25289,0.3456,0.2686,29.5,0.417
21,40,999,1,s0,15,nonbull,3038,0.3716,0.1652,6.4,0.409
21,40,999,1,s20,10,all,25635,0.345,0.2452,28.0,0.385
21,40,999,1,s20,10,bull,23023,0.3443,0.2716,29.3,0.388
21,40,999,1,s20,10,nonbull,2612,0.351,0.1604,6.0,0.359
21,40,999,1,s20,15,all,25445,0.36,0.2532,27.9,0.422
21,40,999,1,s20,15,bull,22833,0.3585,0.2815,29.3,0.423
21,40,999,1,s20,15,nonbull,2612,0.3732,0.1668,6.0,0.411
21,45,60,0,off,10,all,25443,0.1722,0.0724,8.6,0.303
21,45,60,0,off,10,bull,20273,0.1373,0.0646,6.9,0.298
21,45,60,0,off,10,nonbull,5170,0.309,0.1184,6.4,0.32
21,45,60,0,off,15,all,25341,0.2001,0.0934,10.6,0.352
21,45,60,0,off,15,bull,20171,0.16,0.083,8.4,0.345
21,45,60,0,off,15,nonbull,5170,0.3567,0.1503,7.7,0.38
21,45,60,0,s0,10,all,19433,0.1706,0.0709,7.3,0.314
21,45,60,0,s0,10,bull,17336,0.1566,0.0838,8.2,0.312
21,45,60,0,s0,10,nonbull,2097,0.287,0.0964,3.3,0.334
21,45,60,0,s0,15,all,19335,0.191,0.0842,8.3,0.359
21,45,60,0,s0,15,bull,17238,0.1759,0.0989,9.2,0.356
21,45,60,0,s0,15,nonbull,2097,0.3147,0.1083,3.5,0.388
21,45,60,0,s20,10,all,12832,0.1667,0.0669,5.6,0.321
21,45,60,0,s20,10,bull,11475,0.1507,0.0779,6.1,0.318
21,45,60,0,s20,10,nonbull,1357,0.3019,0.1112,3.0,0.345
21,45,60,0,s20,15,all,12753,0.1807,0.0739,5.9,0.358
21,45,60,0,s20,15,bull,11396,0.1651,0.088,6.7,0.355
21,45,60,0,s20,15,nonbull,1357,0.3118,0.1054,2.7,0.389
21,45,60,1,off,10,all,13997,0.1856,0.0858,7.5,0.315
21,45,60,1,off,10,bull,11387,0.1342,0.0615,4.9,0.303
21,45,60,1,off,10,nonbull,2610,0.4096,0.219,8.2,0.37
21,45,60,1,off,15,all,13919,0.208,0.1012,8.5,0.362
21,45,60,1,off,15,bull,11309,0.1544,0.0774,5.9,0.347
21,45,60,1,off,15,nonbull,2610,0.4402,0.2338,8.3,0.427
21,45,60,1,s0,10,all,11094,0.1806,0.0808,6.2,0.323
21,45,60,1,s0,10,bull,9895,0.1593,0.0866,6.3,0.319
21,45,60,1,s0,10,nonbull,1199,0.3565,0.1658,4.2,0.358
21,45,60,1,s0,15,all,11019,0.1969,0.0902,6.7,0.365
21,45,60,1,s0,15,bull,9820,0.1763,0.0993,6.9,0.36
21,45,60,1,s0,15,nonbull,1199,0.3658,0.1594,3.9,0.405
21,45,60,1,s20,10,all,10337,0.1605,0.0607,4.5,0.32
21,45,60,1,s20,10,bull,9266,0.1392,0.0664,4.7,0.316
21,45,60,1,s20,10,nonbull,1071,0.3451,0.1545,3.7,0.359
21,45,60,1,s20,15,all,10263,0.1722,0.0655,4.7,0.357
21,45,60,1,s20,15,bull,9192,0.152,0.0749,5.1,0.352
21,45,60,1,s20,15,nonbull,1071,0.3462,0.1398,3.2,0.401
21,45,999,0,off,10,all,34175,0.4198,0.3201,42.8,0.389
21,45,999,0,off,10,bull,27550,0.4263,0.3536,42.2,0.399
21,45,999,0,off,10,nonbull,6625,0.3929,0.2022,12.3,0.347
21,45,999,0,off,15,all,34028,0.4534,0.3466,44.5,0.438
21,45,999,0,off,15,bull,27403,0.4551,0.3781,43.4,0.445
21,45,999,0,off,15,nonbull,6625,0.4464,0.24,13.8,0.409
21,45,999,0,s0,10,all,27284,0.487,0.3872,45.8,0.422
21,45,999,0,s0,10,bull,24120,0.487,0.4142,45.9,0.425
21,45,999,0,s0,10,nonbull,3164,0.4871,0.2964,12.3,0.394
21,45,999,0,s0,15,all,27146,0.5166,0.4098,46.7,0.468
21,45,999,0,s0,15,bull,23982,0.5145,0.4375,46.8,0.469
21,45,999,0,s0,15,nonbull,3164,0.5326,0.3262,12.9,0.458
21,45,999,0,s20,10,all,20036,0.5758,0.476,48.0,0.459
21,45,999,0,s20,10,bull,17794,0.5817,0.509,48.2,0.465
21,45,999,0,s20,10,nonbull,2242,0.5284,0.3378,11.8,0.417
21,45,999,0,s20,15,all,19917,0.6018,0.4951,48.4,0.498
21,45,999,0,s20,15,bull,17675,0.6076,0.5306,48.8,0.502
21,45,999,0,s20,15,nonbull,2242,0.5564,0.35,11.7,0.465
21,45,999,1,off,10,all,19370,0.4792,0.3794,37.8,0.418
21,45,999,1,off,10,bull,16021,0.4813,0.4085,36.9,0.423
21,45,999,1,off,10,nonbull,3349,0.4692,0.2785,11.7,0.395
21,45,999,1,off,15,all,19248,0.509,0.4022,38.6,0.464
21,45,999,1,off,15,bull,15899,0.5094,0.4324,37.7,0.466
21,45,999,1,off,15,nonbull,3349,0.507,0.3006,12.1,0.453
21,45,999,1,s0,10,all,16042,0.5519,0.4521,40.7,0.45
21,45,999,1,s0,10,bull,14296,0.5513,0.4785,40.5,0.453
21,45,999,1,s0,10,nonbull,1746,0.5572,0.3665,11.1,0.426
21,45,999,1,s0,15,all,15928,0.5794,0.4726,41.1,0.492
21,45,999,1,s0,15,bull,14182,0.5784,0.5014,41.1,0.494
21,45,999,1,s0,15,nonbull,1746,0.5876,0.3812,11.1,0.482
21,45,999,1,s20,10,all,15158,0.5506,0.4509,39.3,0.454
21,45,999,1,s20,10,bull,13572,0.5503,0.4776,39.3,0.457
21,45,999,1,s20,10,nonbull,1586,0.5531,0.3624,10.5,0.435
21,45,999,1,s20,15,all,15045,0.5741,0.4674,39.5,0.492
21,45,999,1,s20,15,bull,13459,0.5746,0.4975,39.7,0.493
21,45,999,1,s20,15,nonbull,1586,0.5705,0.3641,10.1,0.478
28,30,60,0,off,10,all,137140,0.113,0.0132,3.7,0.285
28,30,60,0,off,10,bull,108187,0.0659,-0.0068,-1.7,0.279
28,30,60,0,off,10,nonbull,28953,0.2891,0.0984,12.6,0.308
28,30,60,0,off,15,all,136708,0.1305,0.0237,6.3,0.332
28,30,60,0,off,15,bull,107755,0.0756,-0.0014,-0.3,0.321
28,30,60,0,off,15,nonbull,28953,0.3349,0.1285,15.6,0.374
28,30,60,0,s0,10,all,95937,0.0809,-0.0189,-4.4,0.288
28,30,60,0,s0,10,bull,86362,0.0741,0.0014,0.3,0.288
28,30,60,0,s0,10,nonbull,9575,0.1421,-0.0486,-3.6,0.29
28,30,60,0,s0,15,all,95577,0.0892,-0.0175,-3.9,0.329
28,30,60,0,s0,15,bull,86002,0.0821,0.0051,1.1,0.328
28,30,60,0,s0,15,nonbull,9575,0.1534,-0.053,-3.7,0.338
28,30,60,0,s20,10,all,34075,0.1072,0.0074,1.0,0.303
28,30,60,0,s20,10,bull,30803,0.1012,0.0285,3.7,0.304
28,30,60,0,s20,10,nonbull,3272,0.1638,-0.0268,-1.2,0.295
28,30,60,0,s20,15,all,33867,0.1122,0.0055,0.7,0.337
28,30,60,0,s20,15,bull,30595,0.1055,0.0284,3.6,0.336
28,30,60,0,s20,15,nonbull,3272,0.1754,-0.031,-1.3,0.343
28,30,60,1,off,10,all,71177,0.1094,0.0096,1.9,0.291
28,30,60,1,off,10,bull,57071,0.0603,-0.0125,-2.2,0.281
28,30,60,1,off,10,nonbull,14106,0.3083,0.1176,10.3,0.329
28,30,60,1,off,15,all,70851,0.121,0.0142,2.7,0.334
28,30,60,1,off,15,bull,56745,0.0682,-0.0088,-1.5,0.32
28,30,60,1,off,15,nonbull,14106,0.3333,0.1269,10.6,0.389
28,30,60,1,s0,10,all,51977,0.0731,-0.0267,-4.5,0.291
28,30,60,1,s0,10,bull,46935,0.0692,-0.0036,-0.6,0.292
28,30,60,1,s0,10,nonbull,5042,0.1099,-0.0807,-4.4,0.279
28,30,60,1,s0,15,all,51705,0.0796,-0.0271,-4.4,0.328
28,30,60,1,s0,15,bull,46663,0.0754,-0.0016,-0.3,0.328
28,30,60,1,s0,15,nonbull,5042,0.1191,-0.0873,-4.5,0.328
28,30,60,1,s20,10,all,31806,0.096,-0.0037,-0.5,0.301
28,30,60,1,s20,10,bull,28790,0.0904,0.0176,2.2,0.302
28,30,60,1,s20,10,nonbull,3016,0.1502,-0.0405,-1.7,0.291
28,30,60,1,s20,15,all,31602,0.0994,-0.0073,-0.9,0.334
28,30,60,1,s20,15,bull,28586,0.0932,0.0162,2.0,0.334
28,30,60,1,s20,15,nonbull,3016,0.1579,-0.0485,-1.9,0.338
28,30,999,0,off,10,all,144606,0.1714,0.0716,20.2,0.305
28,30,999,0,off,10,bull,114551,0.1358,0.063,15.8,0.303
28,30,999,0,off,10,nonbull,30055,0.307,0.1164,15.2,0.314
28,30,999,0,off,15,all,144143,0.1904,0.0836,22.6,0.352
28,30,999,0,off,15,bull,114088,0.1473,0.0703,16.9,0.345
28,30,999,0,off,15,nonbull,30055,0.3537,0.1473,18.2,0.379
28,30,999,0,s0,10,all,102720,0.1656,0.0659,15.5,0.317
28,30,999,0,s0,10,bull,92352,0.1609,0.0882,19.7,0.318
28,30,999,0,s0,10,nonbull,10368,0.2078,0.0171,1.3,0.31
28,30,999,0,s0,15,all,102329,0.1766,0.0698,15.8,0.358
28,30,999,0,s0,15,bull,91961,0.1713,0.0942,20.2,0.358
28,30,999,0,s0,15,nonbull,10368,0.2238,0.0174,1.3,0.36
28,30,999,0,s20,10,all,40270,0.3057,0.206,29.7,0.37
28,30,999,0,s20,10,bull,36333,0.3056,0.2328,31.8,0.373
28,30,999,0,s20,10,nonbull,3937,0.3075,0.1168,5.5,0.342
28,30,999,0,s20,15,all,40031,0.3165,0.2098,29.2,0.404
28,30,999,0,s20,15,bull,36094,0.3155,0.2384,31.5,0.406
28,30,999,0,s20,15,nonbull,3937,0.3265,0.1201,5.4,0.389
28,30,999,1,off,10,all,75623,0.185,0.0852,17.3,0.317
28,30,999,1,off,10,bull,61056,0.1509,0.0782,14.2,0.313
28,30,999,1,off,10,nonbull,14567,0.3278,0.1371,12.2,0.336
28,30,999,1,off,15,all,75267,0.1986,0.0919,17.8,0.36
28,30,999,1,off,15,bull,60700,0.1612,0.0842,14.7,0.352
28,30,999,1,off,15,nonbull,14567,0.3547,0.1483,12.6,0.396
28,30,999,1,s0,10,all,56160,0.1801,0.0803,13.9,0.327
28,30,999,1,s0,10,bull,50764,0.1797,0.107,17.5,0.33
28,30,999,1,s0,10,nonbull,5396,0.1833,-0.0074,-0.4,0.302
28,30,999,1,s0,15,all,55858,0.1899,0.0831,13.8,0.365
28,30,999,1,s0,15,bull,50462,0.1889,0.1119,17.6,0.366
28,30,999,1,s0,15,nonbull,5396,0.1993,-0.007,-0.4,0.353
28,30,999,1,s20,10,all,35855,0.2559,0.1562,21.3,0.356
28,30,999,1,s20,10,bull,32503,0.2558,0.1831,23.7,0.359
28,30,999,1,s20,10,nonbull,3352,0.2572,0.0665,2.9,0.327
28,30,999,1,s20,15,all,35621,0.2642,0.1575,20.7,0.389
28,30,999,1,s20,15,bull,32269,0.2633,0.1862,23.3,0.391
28,30,999,1,s20,15,nonbull,3352,0.2736,0.0672,2.8,0.375
28,35,60,0,off,10,all,62651,0.145,0.0453,8.5,0.294
28,35,60,0,off,10,bull,50129,0.1004,0.0277,4.7,0.288
28,35,60,0,off,10,nonbull,12522,0.3237,0.1331,11.2,0.317
28,35,60,0,off,15,all,62428,0.1643,0.0575,10.3,0.341
28,35,60,0,off,15,bull,49906,0.1134,0.0364,5.8,0.332
28,35,60,0,off,15,nonbull,12522,0.3672,0.1608,12.9,0.38
28,35,60,0,s0,10,all,47007,0.1233,0.0235,3.8,0.299
28,35,60,0,s0,10,bull,42296,0.1125,0.0398,6.1,0.298
28,35,60,0,s0,10,nonbull,4711,0.2203,0.0297,1.5,0.309
28,35,60,0,s0,15,all,46810,0.1342,0.0274,4.2,0.342
28,35,60,0,s0,15,bull,42099,0.1232,0.0462,6.8,0.34
28,35,60,0,s0,15,nonbull,4711,0.2326,0.0262,1.3,0.361
28,35,60,0,s20,10,all,21670,0.1533,0.0535,5.8,0.317
28,35,60,0,s20,10,bull,19506,0.1433,0.0706,7.2,0.316
28,35,60,0,s20,10,nonbull,2164,0.2431,0.0524,1.8,0.322
28,35,60,0,s20,15,all,21527,0.1644,0.0576,6.0,0.354
28,35,60,0,s20,15,bull,19363,0.1547,0.0777,7.7,0.352
28,35,60,0,s20,15,nonbull,2164,0.2514,0.0451,1.5,0.372
28,35,60,1,off,10,all,33003,0.1537,0.0539,7.3,0.304
28,35,60,1,off,10,bull,26778,0.1096,0.0368,4.5,0.295
28,35,60,1,off,10,nonbull,6225,0.3435,0.1529,8.9,0.342
28,35,60,1,off,15,all,32838,0.1707,0.0639,8.2,0.349
28,35,60,1,off,15,bull,26613,0.1244,0.0474,5.5,0.337
28,35,60,1,off,15,nonbull,6225,0.3686,0.1622,9.0,0.401
28,35,60,1,s0,10,all,25708,0.1377,0.038,4.5,0.31
28,35,60,1,s0,10,bull,23083,0.1286,0.0559,6.3,0.309
28,35,60,1,s0,10,nonbull,2625,0.2178,0.0271,1.0,0.313
28,35,60,1,s0,15,all,25561,0.1506,0.0439,5.0,0.35
28,35,60,1,s0,15,bull,22936,0.1419,0.0649,7.0,0.348
28,35,60,1,s0,15,nonbull,2625,0.2269,0.0205,0.7,0.364
28,35,60,1,s20,10,all,19555,0.1416,0.0418,4.3,0.315
28,35,60,1,s20,10,bull,17631,0.1313,0.0586,5.7,0.315
28,35,60,1,s20,10,nonbull,1924,0.2358,0.0452,1.5,0.321
28,35,60,1,s20,15,all,19416,0.1505,0.0437,4.3,0.351
28,35,60,1,s20,15,bull,17492,0.1409,0.0639,6.0,0.349
28,35,60,1,s20,15,nonbull,1924,0.2378,0.0314,1.0,0.367
28,35,999,0,off,10,all,70117,0.262,0.1622,31.5,0.335
28,35,999,0,off,10,bull,56493,0.2382,0.1655,28.8,0.336
28,35,999,0,off,10,nonbull,13624,0.3604,0.1698,14.9,0.33
28,35,999,0,off,15,all,69863,0.2842,0.1774,33.0,0.382
28,35,999,0,off,15,bull,56239,0.2547,0.1777,29.6,0.379
28,35,999,0,off,15,nonbull,13624,0.406,0.1996,16.6,0.392
28,35,999,0,s0,10,all,53790,0.2798,0.18,30.3,0.352
28,35,999,0,s0,10,bull,48286,0.2737,0.201,31.9,0.353
28,35,999,0,s0,10,nonbull,5504,0.3328,0.1422,7.8,0.346
28,35,999,0,s0,15,all,53562,0.2954,0.1887,30.5,0.395
28,35,999,0,s0,15,bull,48058,0.2888,0.2117,32.3,0.395
28,35,999,0,s0,15,nonbull,5504,0.3539,0.1475,7.7,0.399
28,35,999,0,s20,10,all,27865,0.43,0.3302,39.3,0.412
28,35,999,0,s20,10,bull,25036,0.4306,0.3579,40.2,0.415
28,35,999,0,s20,10,nonbull,2829,0.4244,0.2337,9.2,0.381
28,35,999,0,s20,15,all,27691,0.4481,0.3414,39.3,0.448
28,35,999,0,s20,15,bull,24862,0.4486,0.3716,40.4,0.45
28,35,999,0,s20,15,nonbull,2829,0.4438,0.2374,8.9,0.429
28,35,999,1,off,10,all,37449,0.3011,0.2013,28.2,0.356
28,35,999,1,off,10,bull,30763,0.2832,0.2104,26.7,0.356
28,35,999,1,off,10,nonbull,6686,0.3836,0.1929,11.6,0.357
28,35,999,1,off,15,all,37254,0.3218,0.215,28.9,0.401
28,35,999,1,off,15,bull,30568,0.3018,0.2248,27.4,0.397
28,35,999,1,off,15,nonbull,6686,0.4129,0.2065,11.8,0.415
28,35,999,1,s0,10,all,29891,0.3297,0.2299,28.5,0.375
28,35,999,1,s0,10,bull,26912,0.3288,0.256,30.0,0.378
28,35,999,1,s0,10,nonbull,2979,0.3378,0.1472,5.9,0.351
28,35,999,1,s0,15,all,29714,0.3479,0.2412,28.8,0.416
28,35,999,1,s0,15,bull,26735,0.3467,0.2696,30.5,0.417
28,35,999,1,s0,15,nonbull,2979,0.3595,0.1531,5.9,0.406
28,35,999,1,s20,10,all,23604,0.3767,0.2769,30.3,0.396
28,35,999,1,s20,10,bull,21344,0.3762,0.3034,31.5,0.399
28,35,999,1,s20,10,nonbull,2260,0.3818,0.1911,6.7,0.369
28,35,999,1,s20,15,all,23435,0.3922,0.2855,30.2,0.432
28,35,999,1,s20,15,bull,21175,0.3917,0.3146,31.6,0.433
28,35,999,1,s20,15,nonbull,2260,0.3975,0.1911,6.4,0.418
28,40,60,0,off,10,all,26895,0.1959,0.0961,11.8,0.309
28,40,60,0,off,10,bull,21794,0.161,0.0883,9.7,0.305
28,40,60,0,off,10,nonbull,5101,0.3448,0.1542,8.3,0.325
28,40,60,0,off,15,all,26794,0.221,0.1143,13.3,0.357
28,40,60,0,off,15,bull,21693,0.1803,0.1033,10.9,0.349
28,40,60,0,off,15,nonbull,5101,0.3942,0.1878,9.6,0.389
28,40,60,0,s0,10,all,21496,0.2005,0.1007,10.9,0.32
28,40,60,0,s0,10,bull,19031,0.1881,0.1154,11.7,0.318
28,40,60,0,s0,10,nonbull,2465,0.2964,0.1058,3.9,0.331
28,40,60,0,s0,15,all,21405,0.2181,0.1113,11.5,0.364
28,40,60,0,s0,15,bull,18940,0.2047,0.1277,12.4,0.361
28,40,60,0,s0,15,nonbull,2465,0.321,0.1146,4.0,0.389
28,40,60,0,s20,10,all,12175,0.2422,0.1424,11.5,0.343
28,40,60,0,s20,10,bull,10812,0.2304,0.1577,11.9,0.341
28,40,60,0,s20,10,nonbull,1363,0.3353,0.1447,4.0,0.353
28,40,60,0,s20,15,all,12104,0.2604,0.1536,11.9,0.381
28,40,60,0,s20,15,bull,10741,0.2467,0.1697,12.4,0.377
28,40,60,0,s20,15,nonbull,1363,0.3682,0.1618,4.2,0.409
28,40,60,1,off,10,all,14373,0.2173,0.1175,10.4,0.326
28,40,60,1,off,10,bull,11814,0.1887,0.1159,9.3,0.321
28,40,60,1,off,10,nonbull,2559,0.3493,0.1586,5.9,0.349
28,40,60,1,off,15,all,14294,0.238,0.1313,11.1,0.37
28,40,60,1,off,15,bull,11735,0.2064,0.1294,9.9,0.361
28,40,60,1,off,15,nonbull,2559,0.383,0.1767,6.3,0.408
28,40,60,1,s0,10,all,11865,0.239,0.1392,11.1,0.339
28,40,60,1,s0,10,bull,10460,0.2284,0.1557,11.6,0.339
28,40,60,1,s0,10,nonbull,1405,0.3176,0.1269,3.6,0.34
28,40,60,1,s0,15,all,11796,0.2568,0.1501,11.4,0.38
28,40,60,1,s0,15,bull,10391,0.2444,0.1673,12.0,0.378
28,40,60,1,s0,15,nonbull,1405,0.3489,0.1425,3.8,0.398
28,40,60,1,s20,10,all,10296,0.2374,0.1376,10.2,0.344
28,40,60,1,s20,10,bull,9154,0.2237,0.151,10.5,0.342
28,40,60,1,s20,10,nonbull,1142,0.3466,0.1559,3.9,0.36
28,40,60,1,s20,15,all,10229,0.2518,0.145,10.3,0.38
28,40,60,1,s20,15,bull,9087,0.2365,0.1595,10.7,0.377
28,40,60,1,s20,15,nonbull,1142,0.3733,0.1669,4.0,0.411
28,40,999,0,off,10,all,34361,0.4234,0.3236,43.5,0.389
28,40,999,0,off,10,bull,28158,0.4238,0.3511,42.4,0.397
28,40,999,0,off,10,nonbull,6203,0.4217,0.2311,13.6,0.352
28,40,999,0,off,15,all,34229,0.4535,0.3467,44.8,0.436
28,40,999,0,off,15,bull,28026,0.4488,0.3718,43.3,0.441
28,40,999,0,off,15,nonbull,6203,0.4746,0.2682,15.1,0.414
28,40,999,0,s0,10,all,28279,0.4796,0.3798,45.9,0.416
28,40,999,0,s0,10,bull,25021,0.4812,0.4084,46.2,0.42
28,40,999,0,s0,10,nonbull,3258,0.4679,0.2772,11.7,0.387
28,40,999,0,s0,15,all,28157,0.5047,0.398,46.3,0.461
28,40,999,0,s0,15,bull,24899,0.5048,0.4278,46.7,0.463
28,40,999,0,s0,15,nonbull,3258,0.5043,0.2979,12.0,0.446
28,40,999,0,s20,10,all,18370,0.6319,0.5321,51.7,0.478
28,40,999,0,s20,10,bull,16342,0.6411,0.5683,51.9,0.484
28,40,999,0,s20,10,nonbull,2028,0.5579,0.3673,12.2,0.426
28,40,999,0,s20,15,all,18268,0.6581,0.5514,52.0,0.514
28,40,999,0,s20,15,bull,16240,0.6656,0.5886,52.2,0.519
28,40,999,0,s20,15,nonbull,2028,0.5982,0.3919,12.5,0.476
28,40,999,1,off,10,all,18819,0.4956,0.3958,38.9,0.424
28,40,999,1,off,10,bull,15799,0.5067,0.434,39.0,0.433
28,40,999,1,off,10,nonbull,3020,0.4371,0.2464,9.9,0.38
28,40,999,1,off,15,all,18710,0.5229,0.4162,39.5,0.467
28,40,999,1,off,15,bull,15690,0.5314,0.4544,39.4,0.473
28,40,999,1,off,15,nonbull,3020,0.4789,0.2725,10.5,0.439
28,40,999,1,s0,10,all,16048,0.5701,0.4703,42.6,0.454
28,40,999,1,s0,10,bull,14289,0.5786,0.5059,43.0,0.46
28,40,999,1,s0,10,nonbull,1759,0.5008,0.3101,9.6,0.399
28,40,999,1,s0,15,all,15949,0.5968,0.49,42.9,0.495
28,40,999,1,s0,15,bull,14190,0.6027,0.5257,43.3,0.499
28,40,999,1,s0,15,nonbull,1759,0.5489,0.3425,10.1,0.462
28,40,999,1,s20,10,all,14345,0.5972,0.4974,42.4,0.469
28,40,999,1,s20,10,bull,12867,0.6032,0.5305,42.7,0.474
28,40,999,1,s20,10,nonbull,1478,0.5446,0.3539,9.9,0.426
28,40,999,1,s20,15,all,14248,0.6208,0.5141,42.5,0.505
28,40,999,1,s20,15,bull,12770,0.6248,0.5478,42.8,0.508
28,40,999,1,s20,15,nonbull,1478,0.5866,0.3802,10.2,0.478
28,45,60,0,off,10,all,11399,0.298,0.1982,15.6,0.338
28,45,60,0,off,10,bull,9432,0.2803,0.2076,14.9,0.338
28,45,60,0,off,10,nonbull,1967,0.3826,0.192,6.4,0.336
28,45,60,0,off,15,all,11341,0.3324,0.2256,17.0,0.391
28,45,60,0,off,15,bull,9374,0.3098,0.2328,15.9,0.387
28,45,60,0,off,15,nonbull,1967,0.4399,0.2335,7.3,0.405
28,45,60,0,s0,10,all,9434,0.3472,0.2474,17.6,0.361
28,45,60,0,s0,10,bull,8305,0.3319,0.2592,17.3,0.357
28,45,60,0,s0,10,nonbull,1129,0.46,0.2693,6.6,0.384
28,45,60,0,s0,15,all,9381,0.3815,0.2747,18.6,0.416
28,45,60,0,s0,15,bull,8252,0.3617,0.2847,18.1,0.408
28,45,60,0,s0,15,nonbull,1129,0.5261,0.3197,7.4,0.468
28,45,60,0,s20,10,all,6344,0.3725,0.2728,15.8,0.377
28,45,60,0,s20,10,bull,5576,0.3512,0.2785,15.1,0.37
28,45,60,0,s20,15,all,6299,0.4057,0.299,16.6,0.424
28,45,60,0,s20,15,bull,5531,0.3811,0.304,15.8,0.415
28,45,60,1,off,10,all,6192,0.3381,0.2384,13.7,0.361
28,45,60,1,off,10,bull,5221,0.3205,0.2478,13.1,0.356
28,45,60,1,off,15,all,6145,0.3688,0.262,14.4,0.411
28,45,60,1,off,15,bull,5174,0.3497,0.2727,13.8,0.403
28,45,60,1,s0,10,all,5305,0.4103,0.3105,16.4,0.386
28,45,60,1,s0,10,bull,4657,0.3866,0.3138,15.5,0.379
28,45,60,1,s0,15,all,5263,0.4447,0.338,17.0,0.439
28,45,60,1,s0,15,bull,4615,0.4169,0.3399,16.1,0.428
28,45,60,1,s20,10,all,4941,0.3855,0.2857,14.5,0.384
28,45,60,1,s20,10,bull,4353,0.3625,0.2897,13.8,0.377
28,45,60,1,s20,15,all,4900,0.414,0.3073,15.0,0.43
28,45,60,1,s20,15,bull,4312,0.3885,0.3115,14.3,0.42
28,45,999,0,off,10,all,18865,0.672,0.5723,57.3,0.472
28,45,999,0,off,10,bull,15796,0.7007,0.628,57.4,0.488
28,45,999,0,off,10,nonbull,3069,0.5244,0.3338,13.8,0.386
28,45,999,0,off,15,all,18776,0.712,0.6053,58.6,0.522
28,45,999,0,off,15,bull,15707,0.7367,0.6596,58.4,0.536
28,45,999,0,off,15,nonbull,3069,0.5861,0.3797,15.0,0.45
28,45,999,0,s0,10,all,16217,0.7726,0.6728,62.8,0.512
28,45,999,0,s0,10,bull,14295,0.7846,0.7119,62.3,0.519
28,45,999,0,s0,10,nonbull,1922,0.6832,0.4925,16.1,0.456
28,45,999,0,s0,15,all,16133,0.8133,0.7066,63.9,0.563
28,45,999,0,s0,15,bull,14211,0.8216,0.7446,63.2,0.567
28,45,999,0,s0,15,nonbull,1922,0.7522,0.5458,17.1,0.532
28,45,999,0,s20,10,all,12539,0.8791,0.7793,64.8,0.557
28,45,999,0,s20,10,bull,11106,0.8953,0.8226,64.3,0.566
28,45,999,0,s20,10,nonbull,1433,0.7532,0.5625,15.9,0.493
28,45,999,0,s20,15,all,12463,0.9168,0.8101,65.7,0.598
28,45,999,0,s20,15,bull,11030,0.9308,0.8538,65.2,0.605
28,45,999,0,s20,15,nonbull,1433,0.809,0.6027,16.5,0.55
28,45,999,1,off,10,all,10638,0.7799,0.6802,51.2,0.52
28,45,999,1,off,10,bull,9206,0.8093,0.7366,51.8,0.532
28,45,999,1,off,10,nonbull,1432,0.5912,0.4005,10.9,0.443
28,45,999,1,off,15,all,10561,0.8189,0.7121,52.0,0.567
28,45,999,1,off,15,bull,9129,0.8462,0.7692,52.5,0.576
28,45,999,1,off,15,nonbull,1432,0.6446,0.4382,11.5,0.506
28,45,999,1,s0,10,all,9488,0.8948,0.795,57.6,0.56
28,45,999,1,s0,10,bull,8486,0.9049,0.8321,57.0,0.566
28,45,999,1,s0,10,nonbull,1002,0.8094,0.6187,14.6,0.507
28,45,999,1,s0,15,all,9416,0.9377,0.8309,58.5,0.608
28,45,999,1,s0,15,bull,8414,0.9433,0.8663,57.7,0.611
28,45,999,1,s0,15,nonbull,1002,0.8901,0.6838,15.5,0.587
28,45,999,1,s20,10,all,8990,0.8929,0.7931,55.7,0.565
28,45,999,1,s20,10,bull,8066,0.9039,0.8312,55.3,0.571
28,45,999,1,s20,15,all,8919,0.9305,0.8237,56.3,0.607
28,45,999,1,s20,15,bull,7995,0.9387,0.8617,55.9,0.61
35,30,60,0,off,10,all,84442,0.134,0.0342,7.5,0.291
35,30,60,0,off,10,bull,67775,0.0931,0.0204,4.0,0.286
35,30,60,0,off,10,nonbull,16667,0.3002,0.1095,10.7,0.312
35,30,60,0,off,15,all,84163,0.1529,0.0462,9.6,0.339
35,30,60,0,off,15,bull,67496,0.1047,0.0277,5.2,0.329
35,30,60,0,off,15,nonbull,16667,0.3485,0.1421,13.1,0.376
35,30,60,0,s0,10,all,63409,0.1121,0.0123,2.3,0.296
35,30,60,0,s0,10,bull,57222,0.103,0.0302,5.4,0.295
35,30,60,0,s0,10,nonbull,6187,0.1963,0.0056,0.3,0.304
35,30,60,0,s0,15,all,63165,0.1231,0.0163,2.9,0.338
35,30,60,0,s0,15,bull,56978,0.1134,0.0364,6.2,0.336
35,30,60,0,s0,15,nonbull,6187,0.2126,0.0062,0.4,0.353
35,30,60,0,s20,10,all,21672,0.1767,0.0769,8.3,0.324
35,30,60,0,s20,10,bull,19648,0.1687,0.096,9.9,0.324
35,30,60,0,s20,10,nonbull,2024,0.2541,0.0635,2.1,0.327
35,30,60,0,s20,15,all,21530,0.1876,0.0809,8.4,0.36
35,30,60,0,s20,15,bull,19506,0.1798,0.1027,10.2,0.359
35,30,60,0,s20,15,nonbull,2024,0.2636,0.0572,1.8,0.369
35,30,60,1,off,10,all,43402,0.1428,0.0431,6.7,0.303
35,30,60,1,off,10,bull,35514,0.1065,0.0338,4.7,0.296
35,30,60,1,off,10,nonbull,7888,0.3065,0.1158,7.6,0.33
35,30,60,1,off,15,all,43201,0.16,0.0532,7.9,0.346
35,30,60,1,off,15,bull,35313,0.1201,0.0431,5.8,0.337
35,30,60,1,off,15,nonbull,7888,0.3387,0.1323,8.3,0.387
35,30,60,1,s0,10,all,33820,0.1243,0.0245,3.3,0.307
35,30,60,1,s0,10,bull,30661,0.1206,0.0479,6.2,0.308
35,30,60,1,s0,10,nonbull,3159,0.1596,-0.031,-1.3,0.299
35,30,60,1,s0,15,all,33643,0.1352,0.0284,3.7,0.346
35,30,60,1,s0,15,bull,30484,0.1314,0.0544,6.7,0.346
35,30,60,1,s0,15,nonbull,3159,0.1717,-0.0347,-1.4,0.345
35,30,60,1,s20,10,all,19962,0.1565,0.0567,5.9,0.321
35,30,60,1,s20,10,bull,18128,0.1484,0.0757,7.5,0.32
35,30,60,1,s20,10,nonbull,1834,0.237,0.0464,1.5,0.329
35,30,60,1,s20,15,all,19825,0.1659,0.0591,5.9,0.355
35,30,60,1,s20,15,bull,17991,0.1584,0.0814,7.7,0.354
35,30,60,1,s20,15,nonbull,1834,0.2387,0.0323,1.0,0.365
35,30,999,0,off,10,all,91339,0.2205,0.1207,27.0,0.321
35,30,999,0,off,10,bull,73719,0.1945,0.1218,24.4,0.321
35,30,999,0,off,10,nonbull,17620,0.329,0.1384,13.8,0.322
35,30,999,0,off,15,all,91030,0.2413,0.1345,28.7,0.368
35,30,999,0,off,15,bull,73410,0.2084,0.1314,25.2,0.364
35,30,999,0,off,15,nonbull,17620,0.3782,0.1718,16.3,0.385
35,30,999,0,s0,10,all,69777,0.2285,0.1287,24.8,0.335
35,30,999,0,s0,10,bull,62896,0.223,0.1503,27.5,0.336
35,30,999,0,s0,10,nonbull,6881,0.2786,0.088,5.4,0.331
35,30,999,0,s0,15,all,69503,0.2425,0.1357,25.1,0.377
35,30,999,0,s0,15,bull,62622,0.2363,0.1593,28.0,0.377
35,30,999,0,s0,15,nonbull,6881,0.2987,0.0923,5.4,0.38
35,30,999,0,s20,10,all,27455,0.4364,0.3366,39.8,0.413
35,30,999,0,s20,10,bull,24823,0.4368,0.3641,40.8,0.416
35,30,999,0,s20,10,nonbull,2632,0.432,0.2413,9.2,0.385
35,30,999,0,s20,15,all,27283,0.4527,0.3459,39.6,0.447
35,30,999,0,s20,15,bull,24651,0.4529,0.3759,40.8,0.45
35,30,999,0,s20,15,nonbull,2632,0.4508,0.2445,8.9,0.426
35,30,999,1,off,10,all,47440,0.2554,0.1557,24.7,0.342
35,30,999,1,off,10,bull,39205,0.2381,0.1654,23.8,0.342
35,30,999,1,off,10,nonbull,8235,0.3378,0.1471,9.8,0.341
35,30,999,1,off,15,all,47209,0.2748,0.1681,25.6,0.385
35,30,999,1,off,15,bull,38974,0.2541,0.1771,24.5,0.383
35,30,999,1,off,15,nonbull,8235,0.3728,0.1664,10.6,0.399
35,30,999,1,s0,10,all,37670,0.2705,0.1708,23.9,0.356
35,30,999,1,s0,10,bull,34223,0.2724,0.1996,26.6,0.359
35,30,999,1,s0,10,nonbull,3447,0.2522,0.0616,2.7,0.328
35,30,999,1,s0,15,all,37463,0.2851,0.1783,24.0,0.396
35,30,999,1,s0,15,bull,34016,0.2863,0.2093,26.8,0.398
35,30,999,1,s0,15,nonbull,3447,0.2735,0.0671,2.8,0.377
35,30,999,1,s20,10,all,23650,0.3755,0.2757,30.2,0.396
35,30,999,1,s20,10,bull,21537,0.3758,0.3031,31.6,0.398
35,30,999,1,s20,10,nonbull,2113,0.3724,0.1818,6.1,0.371
35,30,999,1,s20,15,all,23483,0.3899,0.2831,30.0,0.43
35,30,999,1,s20,15,bull,21370,0.39,0.313,31.6,0.432
35,30,999,1,s20,15,nonbull,2113,0.3887,0.1823,5.9,0.413
35,35,60,0,off,10,all,35982,0.1796,0.0798,11.3,0.304
35,35,60,0,off,10,bull,29580,0.1455,0.0728,9.4,0.301
35,35,60,0,off,10,nonbull,6402,0.3372,0.1466,8.9,0.321
35,35,60,0,off,15,all,35854,0.2004,0.0937,12.7,0.351
35,35,60,0,off,15,bull,29452,0.1611,0.0841,10.3,0.344
35,35,60,0,off,15,nonbull,6402,0.3813,0.1749,10.0,0.383
35,35,60,0,s0,10,all,29225,0.1793,0.0795,10.1,0.313
35,35,60,0,s0,10,bull,26100,0.1654,0.0927,11.1,0.311
35,35,60,0,s0,10,nonbull,3125,0.2952,0.1046,4.4,0.325
35,35,60,0,s0,15,all,29108,0.1946,0.0878,10.6,0.358
35,35,60,0,s0,15,bull,25983,0.1791,0.1021,11.7,0.355
35,35,60,0,s0,15,nonbull,3125,0.3234,0.117,4.6,0.386
35,35,60,0,s20,10,all,13253,0.2566,0.1568,13.1,0.348
35,35,60,0,s20,10,bull,11943,0.2483,0.1756,14.0,0.347
35,35,60,0,s20,10,nonbull,1310,0.3325,0.1419,3.8,0.356
35,35,60,0,s20,15,all,13174,0.2736,0.1668,13.4,0.387
35,35,60,0,s20,15,bull,11864,0.2643,0.1873,14.3,0.384
35,35,60,0,s20,15,nonbull,1310,0.3575,0.1511,3.8,0.406
35,35,60,1,off,10,all,18630,0.1952,0.0955,9.6,0.319
35,35,60,1,off,10,bull,15554,0.1689,0.0962,8.9,0.315
35,35,60,1,off,10,nonbull,3076,0.3283,0.1377,5.6,0.339
35,35,60,1,off,15,all,18533,0.2158,0.1091,10.5,0.362
35,35,60,1,off,15,bull,15457,0.1871,0.1101,9.7,0.356
35,35,60,1,off,15,nonbull,3076,0.3602,0.1538,6.0,0.396
35,35,60,1,s0,10,all,15657,0.2171,0.1173,10.8,0.331
35,35,60,1,s0,10,bull,13977,0.2078,0.1351,11.7,0.331
35,35,60,1,s0,10,nonbull,1680,0.2941,0.1035,3.2,0.33
35,35,60,1,s0,15,all,15570,0.2353,0.1285,11.3,0.373
35,35,60,1,s0,15,bull,13890,0.2252,0.1481,12.3,0.372
35,35,60,1,s0,15,nonbull,1680,0.3189,0.1125,3.3,0.389
35,35,60,1,s20,10,all,11676,0.2309,0.1311,10.3,0.344
35,35,60,1,s20,10,bull,10519,0.2216,0.1489,11.1,0.342
35,35,60,1,s20,10,nonbull,1157,0.3155,0.1249,3.1,0.357
35,35,60,1,s20,15,all,11602,0.2452,0.1384,10.5,0.38
35,35,60,1,s20,15,bull,10445,0.2358,0.1588,11.4,0.378
35,35,60,1,s20,15,nonbull,1157,0.3295,0.1231,2.9,0.399
35,35,999,0,off,10,all,42879,0.3566,0.2568,38.8,0.366
35,35,999,0,off,10,bull,35524,0.3472,0.2745,37.5,0.371
35,35,999,0,off,10,nonbull,7355,0.4015,0.2109,13.6,0.344
35,35,999,0,off,15,all,42721,0.3811,0.2743,39.7,0.412
35,35,999,0,off,15,bull,35366,0.3671,0.2901,38.1,0.414
35,35,999,0,off,15,nonbull,7355,0.4483,0.2419,14.8,0.404
35,35,999,0,s0,10,all,35593,0.3955,0.2957,40.3,0.387
35,35,999,0,s0,10,bull,31774,0.3919,0.3191,40.9,0.389
35,35,999,0,s0,10,nonbull,3819,0.4256,0.2349,10.8,0.371
35,35,999,0,s0,15,all,35446,0.4159,0.3091,40.4,0.432
35,35,999,0,s0,15,bull,31627,0.4107,0.3337,41.2,0.432
35,35,999,0,s0,15,nonbull,3819,0.4583,0.252,11.0,0.428
35,35,999,0,s20,10,all,19036,0.6069,0.5071,50.1,0.469
35,35,999,0,s20,10,bull,17118,0.6131,0.5403,50.5,0.474
35,35,999,0,s20,10,nonbull,1918,0.5517,0.361,11.7,0.426
35,35,999,0,s20,15,all,18927,0.6296,0.5228,50.1,0.505
35,35,999,0,s20,15,bull,17009,0.6346,0.5576,50.6,0.509
35,35,999,0,s20,15,nonbull,1918,0.5847,0.3783,11.7,0.473
35,35,999,1,off,10,all,22668,0.4216,0.3218,34.8,0.398
35,35,999,1,off,10,bull,19245,0.4251,0.3524,35.0,0.404
35,35,999,1,off,10,nonbull,3423,0.4014,0.2108,9.0,0.364
35,35,999,1,off,15,all,22541,0.4464,0.3396,35.4,0.441
35,35,999,1,off,15,bull,19118,0.4475,0.3705,35.5,0.444
35,35,999,1,off,15,nonbull,3423,0.4401,0.2337,9.6,0.423
35,35,999,1,s0,10,all,19507,0.4812,0.3814,38.1,0.422
35,35,999,1,s0,10,bull,17539,0.4862,0.4135,39.0,0.428
35,35,999,1,s0,10,nonbull,1968,0.4366,0.246,8.1,0.376
35,35,999,1,s0,15,all,19390,0.5052,0.3984,38.3,0.465
35,35,999,1,s0,15,bull,17422,0.5085,0.4315,39.3,0.468
35,35,999,1,s0,15,nonbull,1968,0.4756,0.2692,8.4,0.439
35,35,999,1,s20,10,all,15364,0.5501,0.4504,39.7,0.454
35,35,999,1,s20,10,bull,13928,0.5554,0.4826,40.4,0.458
35,35,999,1,s20,10,nonbull,1436,0.4995,0.3088,8.5,0.413
35,35,999,1,s20,15,all,15260,0.5709,0.4642,39.6,0.489
35,35,999,1,s20,15,bull,13824,0.5749,0.4979,40.4,0.492
35,35,999,1,s20,15,nonbull,1436,0.5326,0.3262,8.6,0.462
35,40,60,0,off,10,all,15633,0.3081,0.2083,19.3,0.34
35,40,60,0,off,10,bull,12889,0.2925,0.2198,18.4,0.342
35,40,60,0,off,10,nonbull,2744,0.3811,0.1904,7.5,0.333
35,40,60,0,off,15,all,15568,0.3426,0.2358,20.7,0.395
35,40,60,0,off,15,bull,12824,0.324,0.247,19.7,0.393
35,40,60,0,off,15,nonbull,2744,0.4294,0.223,8.3,0.405
35,40,60,0,s0,10,all,13065,0.3436,0.2438,20.4,0.359
35,40,60,0,s0,10,bull,11518,0.3321,0.2594,20.3,0.358
35,40,60,0,s0,10,nonbull,1547,0.429,0.2384,6.9,0.369
35,40,60,0,s0,15,all,13010,0.377,0.2702,21.5,0.415
35,40,60,0,s0,15,bull,11463,0.3617,0.2847,21.3,0.41
35,40,60,0,s0,15,nonbull,1547,0.4904,0.284,7.8,0.451
35,40,60,0,s20,10,all,7523,0.3969,0.2972,18.7,0.387
35,40,60,0,s20,10,bull,6706,0.3989,0.3262,19.3,0.388
35,40,60,0,s20,15,all,7483,0.4293,0.3225,19.4,0.434
35,40,60,0,s20,15,bull,6666,0.4296,0.3526,20.1,0.434
35,40,60,1,off,10,all,8257,0.3308,0.231,15.3,0.357
35,40,60,1,off,10,bull,6948,0.3242,0.2515,15.3,0.357
35,40,60,1,off,10,nonbull,1309,0.3654,0.1748,4.6,0.358
35,40,60,1,off,15,all,8208,0.3684,0.2617,16.6,0.41
35,40,60,1,off,15,bull,6899,0.3615,0.2845,16.6,0.407
35,40,60,1,off,15,nonbull,1309,0.4048,0.1984,5.0,0.424
35,40,60,1,s0,10,all,7145,0.3883,0.2885,17.7,0.379
35,40,60,1,s0,10,bull,6280,0.383,0.3103,17.8,0.379
35,40,60,1,s0,15,all,7106,0.4282,0.3215,18.8,0.434
35,40,60,1,s0,15,bull,6241,0.4192,0.3422,18.8,0.43
35,40,60,1,s20,10,all,6138,0.3761,0.2763,15.6,0.384
35,40,60,1,s20,10,bull,5466,0.3776,0.3049,16.3,0.384
35,40,60,1,s20,15,all,6103,0.4063,0.2995,16.3,0.429
35,40,60,1,s20,15,bull,5431,0.4076,0.3306,17.0,0.429
35,40,999,0,off,10,all,22530,0.6055,0.5057,55.3,0.447
35,40,999,0,off,10,bull,18833,0.6267,0.5539,55.1,0.461
35,40,999,0,off,10,nonbull,3697,0.4977,0.3071,14.0,0.375
35,40,999,0,off,15,all,22435,0.643,0.5362,56.5,0.498
35,40,999,0,off,15,bull,18738,0.6613,0.5843,56.1,0.51
35,40,999,0,off,15,nonbull,3697,0.5503,0.3439,14.9,0.439
35,40,999,0,s0,10,all,19433,0.6857,0.586,59.4,0.48
35,40,999,0,s0,10,bull,17192,0.6956,0.6229,59.3,0.486
35,40,999,0,s0,10,nonbull,2241,0.6097,0.4191,14.7,0.434
35,40,999,0,s0,15,all,19348,0.7227,0.6159,60.3,0.532
35,40,999,0,s0,15,bull,17107,0.7297,0.6527,60.0,0.536
35,40,999,0,s0,15,nonbull,2241,0.6687,0.4623,15.5,0.503
35,40,999,0,s20,10,all,13306,0.8371,0.7373,62.7,0.543
35,40,999,0,s20,10,bull,11881,0.8589,0.7862,63.2,0.553
35,40,999,0,s20,10,nonbull,1425,0.655,0.4644,13.0,0.462
35,40,999,0,s20,15,all,13236,0.8706,0.7639,63.3,0.583
35,40,999,0,s20,15,bull,11811,0.8909,0.8138,63.8,0.591
35,40,999,0,s20,15,nonbull,1425,0.703,0.4966,13.4,0.513
35,40,999,1,off,10,all,12295,0.7035,0.6037,48.6,0.491
35,40,999,1,off,10,bull,10639,0.7338,0.6611,49.6,0.504
35,40,999,1,off,10,nonbull,1656,0.5087,0.3181,9.3,0.406
35,40,999,1,off,15,all,12216,0.7438,0.637,49.6,0.54
35,40,999,1,off,15,bull,10560,0.7725,0.6955,50.5,0.55
35,40,999,1,off,15,nonbull,1656,0.5605,0.3541,10.0,0.473
35,40,999,1,s0,10,all,10995,0.7969,0.6971,53.5,0.524
35,40,999,1,s0,10,bull,9842,0.8157,0.7429,54.0,0.533
35,40,999,1,s0,10,nonbull,1153,0.6365,0.4459,11.0,0.446
35,40,999,1,s0,15,all,10926,0.8398,0.733,54.5,0.575
35,40,999,1,s0,15,bull,9773,0.8542,0.7772,54.9,0.58
35,40,999,1,s0,15,nonbull,1153,0.7172,0.5108,12.1,0.529
35,40,999,1,s20,10,all,9826,0.8208,0.721,52.3,0.541
35,40,999,1,s20,10,bull,8875,0.8415,0.7687,53.1,0.549
35,40,999,1,s20,15,all,9761,0.8552,0.7484,52.8,0.582
35,40,999,1,s20,15,bull,8810,0.8738,0.7968,53.6,0.589
35,45,60,0,off,10,all,7307,0.4791,0.3793,23.9,0.39
35,45,60,0,off,10,bull,5986,0.4905,0.4178,23.6,0.405
35,45,60,0,off,10,nonbull,1321,0.4271,0.2365,6.5,0.322
35,45,60,0,off,15,all,7269,0.5298,0.4231,25.4,0.453
35,45,60,0,off,15,bull,5948,0.5349,0.4579,24.8,0.461
35,45,60,0,off,15,nonbull,1321,0.5069,0.3005,7.8,0.416
35,45,60,0,s0,10,all,6223,0.5541,0.4543,26.2,0.422
35,45,60,0,s0,10,bull,5476,0.5578,0.485,26.2,0.429
35,45,60,0,s0,15,all,6190,0.6068,0.5,27.6,0.487
35,45,60,0,s0,15,bull,5443,0.6046,0.5276,27.3,0.487
35,45,60,0,s20,10,all,4246,0.5904,0.4906,23.3,0.445
35,45,60,0,s20,10,bull,3755,0.5994,0.5267,23.5,0.45
35,45,60,0,s20,15,all,4218,0.6453,0.5385,24.6,0.501
35,45,60,0,s20,15,bull,3727,0.6524,0.5754,24.7,0.504
35,45,60,1,off,10,all,3982,0.5262,0.4265,19.6,0.417
35,45,60,1,off,10,bull,3342,0.5398,0.4671,19.7,0.425
35,45,60,1,off,15,all,3954,0.5879,0.4811,21.1,0.482
35,45,60,1,off,15,bull,3314,0.5987,0.5217,21.1,0.485
35,45,60,1,s0,10,all,3524,0.6262,0.5264,22.8,0.45
35,45,60,1,s0,10,bull,3083,0.625,0.5523,22.4,0.455
35,45,60,1,s0,15,all,3501,0.6924,0.5856,24.3,0.52
35,45,60,1,s0,15,bull,3060,0.6854,0.6084,23.6,0.517
35,45,60,1,s20,10,all,3166,0.5942,0.4944,20.2,0.451
35,45,60,1,s20,10,bull,2799,0.6032,0.5305,20.4,0.454
35,45,60,1,s20,15,all,3143,0.6489,0.5421,21.3,0.506
35,45,60,1,s20,15,bull,2776,0.6574,0.5804,21.5,0.508
35,45,999,0,off,10,all,14204,0.8678,0.768,68.8,0.535
35,45,999,0,off,10,bull,11930,0.9193,0.8466,69.7,0.562
35,45,999,0,off,10,nonbull,2274,0.5975,0.4068,14.7,0.394
35,45,999,0,off,15,all,14136,0.9156,0.8089,70.4,0.588
35,45,999,0,off,15,bull,11862,0.9625,0.8855,71.0,0.611
35,45,999,0,off,15,nonbull,2274,0.671,0.4646,16.0,0.467
35,45,999,0,s0,10,all,12591,0.9757,0.8759,75.3,0.578
35,45,999,0,s0,10,bull,11150,1.0035,0.9307,75.5,0.591
35,45,999,0,s0,10,nonbull,1441,0.7609,0.5702,16.4,0.473
35,45,999,0,s0,15,all,12528,1.0244,0.9176,76.8,0.632
35,45,999,0,s0,15,bull,11087,1.0488,0.9718,77.0,0.642
35,45,999,0,s0,15,nonbull,1441,0.8361,0.6297,17.4,0.552
35,45,999,0,s20,10,all,10029,1.0628,0.963,75.4,0.619
35,45,999,0,s20,10,bull,8930,1.0952,1.0225,76.0,0.634
35,45,999,0,s20,10,nonbull,1099,0.7992,0.6086,15.3,0.5
35,45,999,0,s20,15,all,9971,1.1065,0.9998,76.8,0.66
35,45,999,0,s20,15,bull,8872,1.1373,1.0603,77.4,0.673
35,45,999,0,s20,15,nonbull,1099,0.8582,0.6518,15.9,0.557
35,45,999,1,off,10,all,8020,0.9993,0.8995,61.7,0.591
35,45,999,1,off,10,bull,7033,1.0463,0.9735,63.4,0.611
35,45,999,1,off,15,all,7962,1.0533,0.9466,63.4,0.645
35,45,999,1,off,15,bull,6975,1.0965,1.0194,64.8,0.661
35,45,999,1,s0,10,all,7374,1.1112,1.0114,68.9,0.629
35,45,999,1,s0,10,bull,6645,1.1361,1.0634,69.2,0.643
35,45,999,1,s0,15,all,7321,1.1688,1.062,70.9,0.685
35,45,999,1,s0,15,bull,6592,1.1878,1.1107,70.9,0.693
35,45,999,1,s20,10,all,6854,1.1143,1.0145,66.4,0.64
35,45,999,1,s20,10,bull,6208,1.1425,1.0697,67.2,0.652
35,45,999,1,s20,15,all,6801,1.1626,1.0559,67.8,0.683
35,45,999,1,s20,15,bull,6155,1.1875,1.1105,68.6,0.693
50,30,60,0,off,10,all,37752,0.1895,0.0897,13.1,0.305
50,30,60,0,off,10,bull,31666,0.1619,0.0891,11.9,0.302
50,30,60,0,off,10,nonbull,6086,0.3331,0.1425,8.4,0.319
50,30,60,0,off,15,all,37603,0.2109,0.1041,14.4,0.354
50,30,60,0,off,15,bull,31517,0.177,0.1,12.7,0.348
50,30,60,0,off,15,nonbull,6086,0.3866,0.1802,10.1,0.381
50,30,60,0,s0,10,all,31792,0.195,0.0952,12.6,0.314
50,30,60,0,s0,10,bull,28470,0.1849,0.1121,14.0,0.314
50,30,60,0,s0,10,nonbull,3322,0.2815,0.0909,4.0,0.311
50,30,60,0,s0,15,all,31668,0.2148,0.1081,13.7,0.362
50,30,60,0,s0,15,bull,28346,0.2006,0.1236,14.8,0.36
50,30,60,0,s0,15,nonbull,3322,0.3359,0.1295,5.4,0.377
50,30,60,0,s20,10,all,10404,0.3175,0.2177,16.1,0.367
50,30,60,0,s20,10,bull,9441,0.3193,0.2465,17.3,0.37
50,30,60,0,s20,15,all,10335,0.34,0.2333,16.6,0.406
50,30,60,0,s20,15,bull,9372,0.3403,0.2633,17.8,0.408
50,30,60,1,off,10,all,18742,0.2169,0.1171,11.8,0.326
50,30,60,1,off,10,bull,16096,0.205,0.1322,12.3,0.327
50,30,60,1,off,10,nonbull,2646,0.2894,0.0987,3.8,0.32
50,30,60,1,off,15,all,18635,0.2399,0.1331,12.8,0.372
50,30,60,1,off,15,bull,15989,0.2241,0.1471,13.1,0.37
50,30,60,1,off,15,nonbull,2646,0.335,0.1286,4.7,0.381
50,30,60,1,s0,10,all,16214,0.2415,0.1417,13.2,0.339
50,30,60,1,s0,10,bull,14737,0.2405,0.1678,14.8,0.342
50,30,60,1,s0,10,nonbull,1477,0.251,0.0604,1.7,0.309
50,30,60,1,s0,15,all,16122,0.2666,0.1598,14.2,0.385
50,30,60,1,s0,15,bull,14645,0.2608,0.1838,15.5,0.386
50,30,60,1,s0,15,nonbull,1477,0.3236,0.1173,3.2,0.381
50,30,60,1,s20,10,all,9320,0.2915,0.1917,13.4,0.363
50,30,60,1,s20,10,bull,8525,0.2908,0.218,14.5,0.364
50,30,60,1,s20,15,all,9251,0.3168,0.21,14.1,0.403
50,30,60,1,s20,15,bull,8456,0.3139,0.2369,15.1,0.403
50,30,999,0,off,10,all,44388,0.3537,0.254,39.2,0.363
50,30,999,0,off,10,bull,37407,0.346,0.2733,38.5,0.367
50,30,999,0,off,10,nonbull,6981,0.3952,0.2045,12.9,0.34
50,30,999,0,off,15,all,44213,0.3783,0.2715,40.1,0.41
50,30,999,0,off,15,bull,37232,0.3654,0.2884,38.9,0.412
50,30,999,0,off,15,nonbull,6981,0.4469,0.2405,14.4,0.4
50,30,999,0,s0,10,all,37942,0.3887,0.2889,40.8,0.382
50,30,999,0,s0,10,bull,34002,0.388,0.3153,42.0,0.385
50,30,999,0,s0,10,nonbull,3940,0.3947,0.204,9.6,0.356
50,30,999,0,s0,15,all,37792,0.4122,0.3054,41.4,0.428
50,30,999,0,s0,15,bull,33852,0.4086,0.3316,42.4,0.43
50,30,999,0,s0,15,nonbull,3940,0.4427,0.2363,10.6,0.414
50,30,999,0,s20,10,all,16021,0.6962,0.5964,54.6,0.498
50,30,999,0,s20,10,bull,14498,0.7095,0.6367,55.3,0.504
50,30,999,0,s20,10,nonbull,1523,0.5696,0.379,11.0,0.433
50,30,999,0,s20,15,all,15926,0.7235,0.6167,54.9,0.534
50,30,999,0,s20,15,bull,14403,0.7367,0.6596,55.7,0.541
50,30,999,0,s20,15,nonbull,1523,0.5991,0.3927,11.0,0.471
50,30,999,1,off,10,all,22578,0.4313,0.3315,35.8,0.401
50,30,999,1,off,10,bull,19669,0.4428,0.37,37.2,0.409
50,30,999,1,off,10,nonbull,2909,0.3538,0.1632,6.5,0.348
50,30,999,1,off,15,all,22445,0.4572,0.3504,36.4,0.446
50,30,999,1,off,15,bull,19536,0.466,0.389,37.6,0.451
50,30,999,1,off,15,nonbull,2909,0.3979,0.1915,7.2,0.406
50,30,999,1,s0,10,all,19870,0.4862,0.3864,38.9,0.424
50,30,999,1,s0,10,bull,18190,0.4958,0.423,40.7,0.43
50,30,999,1,s0,10,nonbull,1680,0.3823,0.1917,5.8,0.36
50,30,999,1,s0,15,all,19752,0.5148,0.408,39.6,0.469
50,30,999,1,s0,15,bull,18072,0.5207,0.4437,41.1,0.472
50,30,999,1,s0,15,nonbull,1680,0.4513,0.2449,7.0,0.429
50,30,999,1,s20,10,all,12817,0.6412,0.5415,43.8,0.484
50,30,999,1,s20,10,bull,11819,0.6523,0.5796,45.0,0.489
50,30,999,1,s20,15,all,12722,0.6704,0.5636,44.2,0.522
50,30,999,1,s20,15,bull,11724,0.68,0.603,45.4,0.526
50,35,60,0,off,10,all,16059,0.3369,0.2371,22.3,0.345
50,35,60,0,off,10,bull,13356,0.3166,0.2439,20.8,0.345
50,35,60,0,off,10,nonbull,2703,0.4369,0.2462,9.7,0.346
50,35,60,0,off,15,all,15993,0.3741,0.2673,23.9,0.402
50,35,60,0,off,15,bull,13290,0.3459,0.2689,21.9,0.399
50,35,60,0,off,15,nonbull,2703,0.5129,0.3065,11.5,0.42
50,35,60,0,s0,10,all,13879,0.3493,0.2495,21.7,0.356
50,35,60,0,s0,10,bull,12287,0.3389,0.2661,21.7,0.356
50,35,60,0,s0,10,nonbull,1592,0.4296,0.239,7.3,0.351
50,35,60,0,s0,15,all,13827,0.3831,0.2763,22.8,0.411
50,35,60,0,s0,15,bull,12235,0.3663,0.2893,22.4,0.409
50,35,60,0,s0,15,nonbull,1592,0.5118,0.3054,8.7,0.43
50,35,60,0,s20,10,all,6237,0.4769,0.3771,21.5,0.413
50,35,60,0,s20,10,bull,5642,0.4947,0.4219,22.9,0.421
50,35,60,0,s20,15,all,6210,0.5147,0.4079,22.4,0.462
50,35,60,0,s20,15,bull,5615,0.5306,0.4536,23.6,0.469
50,35,60,1,off,10,all,8081,0.3917,0.2919,19.1,0.375
50,35,60,1,off,10,bull,6903,0.3906,0.3179,19.2,0.38
50,35,60,1,off,10,nonbull,1178,0.3978,0.2072,5.3,0.346
50,35,60,1,off,15,all,8038,0.4425,0.3358,21.0,0.434
50,35,60,1,off,15,bull,6860,0.4383,0.3613,20.8,0.435
50,35,60,1,off,15,nonbull,1178,0.4671,0.2607,6.3,0.424
50,35,60,1,s0,10,all,7280,0.4313,0.3315,20.5,0.39
50,35,60,1,s0,10,bull,6483,0.4317,0.359,20.9,0.395
50,35,60,1,s0,15,all,7243,0.4846,0.3778,22.3,0.45
50,35,60,1,s0,15,bull,6446,0.4792,0.4022,22.3,0.451
50,35,60,1,s20,10,all,5295,0.4629,0.3632,19.0,0.412
50,35,60,1,s20,10,bull,4800,0.4746,0.4018,19.9,0.419
50,35,60,1,s20,15,all,5268,0.5083,0.4015,20.2,0.463
50,35,60,1,s20,15,bull,4773,0.5175,0.4405,21.0,0.469
50,35,999,0,off,10,all,22695,0.615,0.5152,56.9,0.446
50,35,999,0,off,10,bull,19097,0.6308,0.558,56.2,0.459
50,35,999,0,off,10,nonbull,3598,0.5315,0.3408,15.5,0.38
50,35,999,0,off,15,all,22603,0.6538,0.547,58.1,0.499
50,35,999,0,off,15,bull,19005,0.6643,0.5873,57.0,0.509
50,35,999,0,off,15,nonbull,3598,0.5984,0.392,17.0,0.447
50,35,999,0,s0,10,all,20029,0.6689,0.5691,58.9,0.471
50,35,999,0,s0,10,bull,17819,0.6787,0.6059,58.9,0.477
50,35,999,0,s0,10,nonbull,2210,0.5899,0.3993,14.1,0.419
50,35,999,0,s0,15,all,19951,0.7053,0.5985,59.7,0.522
50,35,999,0,s0,15,bull,17741,0.7118,0.6348,59.6,0.528
50,35,999,0,s0,15,nonbull,2210,0.6531,0.4467,15.1,0.482
50,35,999,0,s20,10,all,11854,0.9132,0.8134,66.5,0.568
50,35,999,0,s20,10,bull,10699,0.9405,0.8678,67.6,0.58
50,35,999,0,s20,10,nonbull,1155,0.6601,0.4695,11.9,0.461
50,35,999,0,s20,15,all,11801,0.9494,0.8427,67.2,0.608
50,35,999,0,s20,15,bull,10646,0.9769,0.8999,68.4,0.62
50,35,999,0,s20,15,nonbull,1155,0.6965,0.4901,12.0,0.505
50,35,999,1,off,10,all,11917,0.7417,0.6419,51.2,0.502
50,35,999,1,off,10,bull,10476,0.7738,0.7011,52.5,0.516
50,35,999,1,off,10,nonbull,1441,0.5081,0.3175,8.8,0.397
50,35,999,1,off,15,all,11848,0.789,0.6822,52.6,0.554
50,35,999,1,off,15,bull,10407,0.8193,0.7423,53.9,0.566
50,35,999,1,off,15,nonbull,1441,0.5701,0.3637,9.7,0.467
50,35,999,1,s0,10,all,10936,0.8125,0.7127,54.9,0.527
50,35,999,1,s0,10,bull,9936,0.8326,0.7599,55.8,0.537
50,35,999,1,s0,10,nonbull,1000,0.6126,0.422,9.9,0.424
50,35,999,1,s0,15,all,10873,0.8627,0.756,56.4,0.58
50,35,999,1,s0,15,bull,9873,0.8791,0.8021,57.1,0.588
50,35,999,1,s0,15,nonbull,1000,0.7012,0.4948,11.1,0.507
50,35,999,1,s20,10,all,8792,0.9047,0.8049,56.1,0.569
50,35,999,1,s20,10,bull,8094,0.9277,0.855,57.4,0.578
50,35,999,1,s20,15,all,8739,0.947,0.8402,57.1,0.612
50,35,999,1,s20,15,bull,8041,0.9685,0.8915,58.4,0.62
50,40,60,0,off,10,all,8014,0.4905,0.3907,26.0,0.389
50,40,60,0,off,10,bull,6507,0.5042,0.4315,25.6,0.403
50,40,60,0,off,10,nonbull,1507,0.4312,0.2406,7.2,0.328
50,40,60,0,off,15,all,7983,0.5406,0.4339,27.5,0.451
50,40,60,0,off,15,bull,6476,0.5488,0.4718,26.7,0.463
50,40,60,0,off,15,nonbull,1507,0.5054,0.299,8.5,0.4
50,40,60,0,s0,10,all,6896,0.5452,0.4455,27.3,0.414
50,40,60,0,s0,10,bull,6012,0.5546,0.4818,27.4,0.423
50,40,60,0,s0,15,all,6867,0.5962,0.4894,28.6,0.478
50,40,60,0,s0,15,bull,5983,0.5995,0.5224,28.4,0.483
50,40,60,0,s20,10,all,3957,0.6472,0.5474,25.1,0.468
50,40,60,0,s20,10,bull,3573,0.6804,0.6077,26.4,0.484
50,40,60,0,s20,15,all,3938,0.703,0.5963,26.3,0.523
50,40,60,0,s20,15,bull,3554,0.7329,0.6559,27.5,0.537
50,40,60,1,off,10,all,4162,0.6242,0.5244,24.8,0.447
50,40,60,1,off,10,bull,3562,0.6415,0.5687,24.8,0.46
50,40,60,1,off,15,all,4143,0.7009,0.5942,26.9,0.517
50,40,60,1,off,15,bull,3543,0.7115,0.6345,26.5,0.525
50,40,60,1,s0,10,all,3795,0.6786,0.5788,26.1,0.468
50,40,60,1,s0,10,bull,3355,0.6912,0.6185,26.1,0.48
50,40,60,1,s0,15,all,3776,0.76,0.6532,28.3,0.54
50,40,60,1,s0,15,bull,3336,0.7627,0.6856,27.9,0.545
50,40,60,1,s20,10,all,3145,0.6571,0.5574,22.7,0.474
50,40,60,1,s20,10,bull,2848,0.6752,0.6025,23.3,0.486
50,40,60,1,s20,15,all,3126,0.7278,0.6211,24.4,0.533
50,40,60,1,s20,15,bull,2829,0.7405,0.6635,24.7,0.542
50,40,999,0,off,10,all,14650,0.8518,0.752,68.7,0.525
50,40,999,0,off,10,bull,12248,0.9061,0.8334,69.8,0.552
50,40,999,0,off,10,nonbull,2402,0.575,0.3844,14.4,0.386
50,40,999,0,off,15,all,14593,0.8984,0.7917,70.1,0.579
50,40,999,0,off,15,bull,12191,0.9501,0.8731,71.0,0.605
50,40,999,0,off,15,nonbull,2402,0.6363,0.4299,15.4,0.448
50,40,999,0,s0,10,all,13046,0.9436,0.8438,73.7,0.563
50,40,999,0,s0,10,bull,11544,0.9757,0.903,74.5,0.577
50,40,999,0,s0,10,nonbull,1502,0.6963,0.5056,14.9,0.453
50,40,999,0,s0,15,all,12991,0.9906,0.8838,75.1,0.617
50,40,999,0,s0,15,bull,11489,1.0212,0.9442,75.7,0.631
50,40,999,0,s0,15,nonbull,1502,0.7563,0.5499,15.7,0.512
50,40,999,0,s20,10,all,9574,1.0875,0.9877,76.3,0.628
50,40,999,0,s20,10,bull,8630,1.1243,1.0516,77.8,0.643
50,40,999,0,s20,15,all,9529,1.1309,1.0242,77.6,0.669
50,40,999,0,s20,15,bull,8585,1.1678,1.0908,79.3,0.684
50,40,999,1,off,10,all,7998,1.0342,0.9344,64.9,0.601
50,40,999,1,off,10,bull,7135,1.0784,1.0057,66.8,0.62
50,40,999,1,off,15,all,7953,1.0933,0.9865,67.0,0.656
50,40,999,1,off,15,bull,7090,1.134,1.057,68.8,0.672
50,40,999,1,s0,10,all,7451,1.1167,1.0169,69.9,0.631
50,40,999,1,s0,10,bull,6808,1.1447,1.0719,71.0,0.644
50,40,999,1,s0,15,all,7406,1.1801,1.0734,72.5,0.687
50,40,999,1,s0,15,bull,6763,1.2028,1.1258,73.3,0.697
50,40,999,1,s20,10,all,6642,1.1396,1.0398,67.7,0.649
50,40,999,1,s20,10,bull,6142,1.1647,1.092,68.9,0.66
50,40,999,1,s20,15,all,6597,1.1935,1.0867,69.7,0.694
50,40,999,1,s20,15,bull,6097,1.2158,1.1388,70.8,0.703
50,45,60,0,off,10,all,4286,0.7072,0.6074,29.7,0.465
50,45,60,0,off,10,bull,3481,0.7558,0.6831,29.8,0.496
50,45,60,0,off,15,all,4262,0.7576,0.6508,30.5,0.525
50,45,60,0,off,15,bull,3457,0.7985,0.7214,30.3,0.553
50,45,60,0,s0,10,all,3750,0.773,0.6733,30.7,0.498
50,45,60,0,s0,10,bull,3265,0.8246,0.7519,31.9,0.523
50,45,60,0,s0,15,all,3726,0.8243,0.7176,31.5,0.56
50,45,60,0,s0,15,bull,3241,0.8696,0.7926,32.4,0.581
50,45,60,0,s20,10,all,2565,0.8436,0.7438,27.9,0.539
50,45,60,0,s20,10,bull,2298,0.8994,0.8266,29.5,0.563
50,45,60,0,s20,15,all,2551,0.8926,0.7859,28.6,0.59
50,45,60,0,s20,15,bull,2284,0.9454,0.8683,30.1,0.612
50,45,60,1,off,10,all,2301,0.8554,0.7556,27.1,0.528
50,45,60,1,off,10,bull,2002,0.8738,0.801,26.7,0.544
50,45,60,1,off,15,all,2287,0.9352,0.8284,28.8,0.599
50,45,60,1,off,15,bull,1988,0.9416,0.8646,28.0,0.608
50,45,60,1,s0,10,all,2127,0.9199,0.8201,28.5,0.554
50,45,60,1,s0,10,bull,1900,0.944,0.8713,28.5,0.572
50,45,60,1,s0,15,all,2113,1.0017,0.8949,30.2,0.627
50,45,60,1,s0,15,bull,1886,1.0124,0.9353,29.7,0.637
50,45,60,1,s20,10,all,1881,0.8799,0.7801,25.1,0.556
50,45,60,1,s20,10,bull,1690,0.915,0.8423,25.6,0.576
50,45,60,1,s20,15,all,1867,0.9507,0.844,26.4,0.614
50,45,60,1,s20,15,bull,1676,0.9771,0.9001,26.7,0.629
50,45,999,0,off,10,all,10922,1.0602,0.9604,79.4,0.601
50,45,999,0,off,10,bull,9222,1.1329,1.0602,81.7,0.637
50,45,999,0,off,10,nonbull,1700,0.6656,0.475,15.2,0.409
50,45,999,0,off,15,all,10872,1.106,0.9992,80.7,0.652
50,45,999,0,off,15,bull,9172,1.1763,1.0992,83.0,0.686
50,45,999,0,off,15,nonbull,1700,0.7267,0.5203,15.9,0.47
50,45,999,0,s0,10,all,9900,1.1564,1.0566,85.5,0.642
50,45,999,0,s0,10,bull,8797,1.2075,1.1347,87.9,0.663
50,45,999,0,s0,10,nonbull,1103,0.7493,0.5586,14.2,0.476
50,45,999,0,s0,15,all,9850,1.2027,1.0959,86.9,0.693
50,45,999,0,s0,15,bull,8747,1.2535,1.1765,89.5,0.713
50,45,999,0,s0,15,nonbull,1103,0.7992,0.5928,14.6,0.529
50,45,999,0,s20,10,all,8182,1.224,1.1242,84.6,0.677
50,45,999,0,s20,10,bull,7355,1.2697,1.1969,86.9,0.696
50,45,999,0,s20,15,all,8142,1.2632,1.1565,85.8,0.715
50,45,999,0,s20,15,bull,7315,1.3096,1.2326,88.4,0.733
50,45,999,1,off,10,all,6137,1.2452,1.1454,75.3,0.678
50,45,999,1,off,10,bull,5575,1.2841,1.2114,77.4,0.695
50,45,999,1,off,15,all,6097,1.3006,1.1938,77.4,0.729
50,45,999,1,off,15,bull,5535,1.3354,1.2584,79.4,0.743
50,45,999,1,s0,10,all,5783,1.3318,1.2321,82.3,0.709
50,45,999,1,s0,10,bull,5353,1.3576,1.2849,83.7,0.721
50,45,999,1,s0,15,all,5743,1.3907,1.284,85.1,0.762
50,45,999,1,s0,15,bull,5313,1.4115,1.3345,86.2,0.77
50,45,999,1,s20,10,all,5378,1.3309,1.2311,78.7,0.718
50,45,999,1,s20,10,bull,4984,1.3598,1.2871,80.5,0.731
50,45,999,1,s20,15,all,5338,1.3812,1.2745,81.0,0.76
50,45,999,1,s20,15,bull,4944,1.4068,1.3298,82.7,0.77
75,30,60,0,off,10,all,18738,0.3117,0.2119,21.7,0.332
75,30,60,0,off,10,bull,16173,0.3011,0.2284,21.7,0.335
75,30,60,0,off,10,nonbull,2565,0.3782,0.1875,7.4,0.315
75,30,60,0,off,15,all,18665,0.3457,0.2389,23.2,0.391
75,30,60,0,off,15,bull,16100,0.3306,0.2536,22.8,0.392
75,30,60,0,off,15,nonbull,2565,0.4405,0.2341,8.7,0.385
75,30,60,0,s0,10,all,16560,0.3182,0.2184,20.9,0.341
75,30,60,0,s0,10,bull,14954,0.3191,0.2464,22.3,0.345
75,30,60,0,s0,10,nonbull,1606,0.3096,0.1189,3.7,0.3
75,30,60,0,s0,15,all,16497,0.35,0.2432,22.1,0.397
75,30,60,0,s0,15,bull,14891,0.349,0.272,23.4,0.401
75,30,60,0,s0,15,nonbull,1606,0.3594,0.153,4.5,0.367
75,30,60,0,s20,10,all,5268,0.5331,0.4333,22.9,0.431
75,30,60,0,s20,10,bull,4808,0.5524,0.4797,24.1,0.442
75,30,60,0,s20,15,all,5251,0.5745,0.4677,23.8,0.48
75,30,60,0,s20,15,bull,4791,0.5942,0.5172,25.0,0.49
75,30,60,1,off,10,all,8871,0.4333,0.3335,22.8,0.394
75,30,60,1,off,10,bull,7957,0.4314,0.3587,23.1,0.399
75,30,60,1,off,15,all,8827,0.4765,0.3698,24.2,0.449
75,30,60,1,off,15,bull,7913,0.4712,0.3942,24.3,0.452
75,30,60,1,s0,10,all,8227,0.4527,0.3529,23.2,0.402
75,30,60,1,s0,10,bull,7637,0.4557,0.3829,24.1,0.408
75,30,60,1,s0,15,all,8183,0.4983,0.3916,24.6,0.458
75,30,60,1,s0,15,bull,7593,0.4969,0.4199,25.3,0.462
75,30,60,1,s20,10,all,4564,0.5629,0.4632,22.5,0.448
75,30,60,1,s20,10,bull,4260,0.5754,0.5027,23.6,0.454
75,30,60,1,s20,15,all,4547,0.6072,0.5004,23.5,0.499
75,30,60,1,s20,15,bull,4243,0.617,0.54,24.4,0.505
75,30,999,0,off,10,all,24968,0.5647,0.4649,54.0,0.425
75,30,999,0,off,10,bull,21512,0.5735,0.5008,53.6,0.435
75,30,999,0,off,10,nonbull,3456,0.5098,0.3192,14.4,0.363
75,30,999,0,off,15,all,24860,0.6003,0.4936,54.9,0.479
75,30,999,0,off,15,bull,21404,0.6056,0.5286,54.3,0.488
75,30,999,0,off,15,nonbull,3456,0.5679,0.3615,15.5,0.427
75,30,999,0,s0,10,all,22353,0.6016,0.5018,54.9,0.445
75,30,999,0,s0,10,bull,20137,0.6121,0.5393,55.8,0.452
75,30,999,0,s0,10,nonbull,2216,0.5061,0.3154,11.3,0.381
75,30,999,0,s0,15,all,22255,0.635,0.5282,55.5,0.497
75,30,999,0,s0,15,bull,20039,0.645,0.568,56.5,0.503
75,30,999,0,s0,15,nonbull,2216,0.5447,0.3383,11.6,0.436
75,30,999,0,s20,10,all,10641,0.9866,0.8868,70.0,0.595
75,30,999,0,s20,10,bull,9610,1.014,0.9413,70.7,0.607
75,30,999,0,s20,10,nonbull,1031,0.7309,0.5403,13.4,0.477
75,30,999,0,s20,15,all,10589,1.0227,0.916,70.8,0.633
75,30,999,0,s20,15,bull,9558,1.0518,0.9748,71.7,0.647
75,30,999,0,s20,15,nonbull,1031,0.7536,0.5472,13.2,0.509
75,30,999,1,off,10,all,12512,0.7127,0.6129,50.0,0.493
75,30,999,1,off,10,bull,11242,0.7335,0.6608,50.9,0.505
75,30,999,1,off,10,nonbull,1270,0.5286,0.338,9.1,0.386
75,30,999,1,off,15,all,12438,0.7533,0.6466,51.0,0.542
75,30,999,1,off,15,bull,11168,0.7719,0.6949,51.8,0.553
75,30,999,1,off,15,nonbull,1270,0.59,0.3836,9.9,0.45
75,30,999,1,s0,10,all,11680,0.7579,0.6581,52.1,0.51
75,30,999,1,s0,10,bull,10797,0.7743,0.7016,53.2,0.52
75,30,999,1,s0,15,all,11606,0.8002,0.6935,53.1,0.56
75,30,999,1,s0,15,bull,10723,0.8146,0.7376,54.2,0.568
75,30,999,1,s20,10,all,7873,0.9514,0.8516,57.1,0.584
75,30,999,1,s20,10,bull,7276,0.9793,0.9066,58.6,0.597
75,30,999,1,s20,15,all,7826,0.9896,0.8828,57.8,0.625
75,30,999,1,s20,15,bull,7229,1.0172,0.9402,59.3,0.638
75,35,60,0,off,10,all,8522,0.4474,0.3476,24.1,0.367
75,35,60,0,off,10,bull,7326,0.4528,0.3801,24.3,0.376
75,35,60,0,off,10,nonbull,1196,0.4144,0.2238,6.1,0.314
75,35,60,0,off,15,all,8502,0.4919,0.3851,25.3,0.431
75,35,60,0,off,15,bull,7306,0.4934,0.4164,25.2,0.44
75,35,60,0,off,15,nonbull,1196,0.4824,0.276,7.1,0.376
75,35,60,0,s0,10,all,7522,0.4913,0.3916,25.2,0.391
75,35,60,0,s0,10,bull,6700,0.497,0.4243,25.7,0.396
75,35,60,0,s0,15,all,7507,0.5339,0.4271,26.2,0.455
75,35,60,0,s0,15,bull,6685,0.5372,0.4602,26.6,0.458
75,35,60,0,s20,10,all,3429,0.6537,0.5539,23.8,0.472
75,35,60,0,s20,10,bull,3120,0.702,0.6293,25.7,0.492
75,35,60,0,s20,15,all,3424,0.7031,0.5964,24.7,0.523
75,35,60,0,s20,15,bull,3115,0.7524,0.6754,26.7,0.543
75,35,60,1,off,10,all,4253,0.6219,0.5221,24.9,0.449
75,35,60,1,off,10,bull,3819,0.6389,0.5662,25.5,0.461
75,35,60,1,off,15,all,4248,0.6841,0.5773,26.4,0.515
75,35,60,1,off,15,bull,3814,0.697,0.62,26.8,0.525
75,35,60,1,s0,10,all,4000,0.6703,0.5705,26.4,0.468
75,35,60,1,s0,10,bull,3677,0.6814,0.6087,26.9,0.475
75,35,60,1,s0,15,all,3995,0.7364,0.6296,28.0,0.537
75,35,60,1,s0,15,bull,3672,0.7421,0.6651,28.3,0.542
75,35,60,1,s20,10,all,2882,0.7214,0.6216,24.3,0.503
75,35,60,1,s20,10,bull,2675,0.7548,0.6821,25.7,0.517
75,35,60,1,s20,15,all,2877,0.7757,0.6689,25.3,0.559
75,35,60,1,s20,15,bull,2670,0.8061,0.7291,26.6,0.572
75,35,999,0,off,10,all,14752,0.8183,0.7185,65.8,0.51
75,35,999,0,off,10,bull,12665,0.8515,0.7788,66.0,0.529
75,35,999,0,off,10,nonbull,2087,0.6169,0.4263,15.1,0.392
75,35,999,0,off,15,all,14697,0.861,0.7543,66.8,0.564
75,35,999,0,off,15,bull,12610,0.8917,0.8147,66.8,0.583
75,35,999,0,off,15,nonbull,2087,0.6755,0.4691,15.9,0.45
75,35,999,0,s0,10,all,13315,0.8917,0.792,69.3,0.544
75,35,999,0,s0,10,bull,11883,0.9159,0.8431,69.8,0.554
75,35,999,0,s0,10,nonbull,1432,0.6914,0.5008,14.3,0.457
75,35,999,0,s0,15,all,13265,0.9322,0.8254,70.0,0.597
75,35,999,0,s0,15,bull,11833,0.9566,0.8796,70.6,0.608
75,35,999,0,s0,15,nonbull,1432,0.7304,0.524,14.4,0.508
75,35,999,0,s20,10,all,8802,1.1284,1.0286,77.3,0.645
75,35,999,0,s20,10,bull,7922,1.1713,1.0986,79.2,0.663
75,35,999,0,s20,15,all,8762,1.1665,1.0597,78.3,0.682
75,35,999,0,s20,15,bull,7882,1.2116,1.1346,80.5,0.701
75,35,999,1,off,10,all,7894,0.9778,0.878,59.8,0.581
75,35,999,1,off,10,bull,7104,1.021,0.9482,61.6,0.601
75,35,999,1,off,15,all,7859,1.0268,0.92,61.1,0.632
75,35,999,1,off,15,bull,7069,1.0681,0.991,62.9,0.651
75,35,999,1,s0,10,all,7453,1.0477,0.948,64.0,0.606
75,35,999,1,s0,10,bull,6837,1.0804,1.0076,65.4,0.621
75,35,999,1,s0,15,all,7418,1.0989,0.9921,65.3,0.659
75,35,999,1,s0,15,bull,6802,1.1301,1.0531,66.8,0.673
75,35,999,1,s20,10,all,6191,1.1307,1.0309,64.8,0.647
75,35,999,1,s20,10,bull,5691,1.1761,1.1034,67.3,0.666
75,35,999,1,s20,15,all,6156,1.172,1.0653,65.7,0.687
75,35,999,1,s20,15,bull,5656,1.2178,1.1408,68.4,0.706
75,40,60,0,off,10,all,4498,0.7115,0.6118,30.9,0.459
75,40,60,0,off,10,bull,3770,0.7663,0.6936,32.0,0.486
75,40,60,0,off,15,all,4488,0.7722,0.6655,32.1,0.532
75,40,60,0,off,15,bull,3760,0.8255,0.7484,33.1,0.561
75,40,60,0,s0,10,all,4085,0.7494,0.6496,31.0,0.484
75,40,60,0,s0,10,bull,3544,0.789,0.7163,31.9,0.501
75,40,60,0,s0,15,all,4075,0.8032,0.6964,31.9,0.553
75,40,60,0,s0,15,bull,3534,0.8436,0.7666,32.8,0.57
75,40,60,0,s20,10,all,2285,0.8592,0.7594,27.0,0.549
75,40,60,0,s20,10,bull,2041,0.9432,0.8704,29.6,0.58
75,40,60,0,s20,15,all,2280,0.9199,0.8131,28.2,0.603
75,40,60,0,s20,15,bull,2036,1.0091,0.9321,31.0,0.637
75,40,60,1,off,10,all,2379,0.9363,0.8365,30.9,0.558
75,40,60,1,off,10,bull,2116,0.989,0.9163,32.2,0.582
75,40,60,1,off,15,all,2374,1.0143,0.9076,32.6,0.632
75,40,60,1,off,15,bull,2111,1.0642,0.9872,33.8,0.656
75,40,60,1,s0,10,all,2291,0.9856,0.8858,32.6,0.575
75,40,60,1,s0,10,bull,2073,1.0271,0.9544,33.6,0.594
75,40,60,1,s0,15,all,2286,1.0684,0.9616,34.5,0.652
75,40,60,1,s0,15,bull,2068,1.1055,1.0285,35.3,0.67
75,40,60,1,s20,10,all,1839,0.9758,0.876,28.4,0.594
75,40,60,1,s20,10,bull,1682,1.039,0.9662,30.3,0.618
75,40,60,1,s20,15,all,1834,1.0447,0.9379,29.8,0.653
75,40,60,1,s20,15,bull,1677,1.1083,1.0313,31.8,0.679
75,40,999,0,off,10,all,10728,1.0682,0.9684,79.8,0.602
75,40,999,0,off,10,bull,9109,1.1369,1.0642,82.0,0.634
75,40,999,0,off,10,nonbull,1619,0.6815,0.4908,15.3,0.416
75,40,999,0,off,15,all,10683,1.1175,1.0107,81.3,0.656
75,40,999,0,off,15,bull,9064,1.1853,1.1083,83.6,0.689
75,40,999,0,off,15,nonbull,1619,0.7379,0.5316,16.0,0.473
75,40,999,0,s0,10,all,9878,1.1377,1.038,83.4,0.635
75,40,999,0,s0,10,bull,8727,1.1859,1.1132,85.4,0.654
75,40,999,0,s0,10,nonbull,1151,0.7726,0.5819,15.0,0.49
75,40,999,0,s0,15,all,9833,1.1828,1.076,84.6,0.687
75,40,999,0,s0,15,bull,8682,1.2335,1.1564,87.0,0.707
75,40,999,0,s0,15,nonbull,1151,0.8006,0.5942,14.9,0.533
75,40,999,0,s20,10,all,7658,1.2606,1.1608,85.8,0.694
75,40,999,0,s20,10,bull,6843,1.3172,1.2445,89.1,0.716
75,40,999,0,s20,15,all,7618,1.3009,1.1942,87.3,0.73
75,40,999,0,s20,15,bull,6803,1.3612,1.2842,91.3,0.754
75,40,999,1,off,10,all,6020,1.2128,1.113,71.8,0.665
75,40,999,1,off,10,bull,5401,1.2786,1.2059,75.5,0.692
75,40,999,1,off,15,all,5985,1.2651,1.1584,73.5,0.715
75,40,999,1,off,15,bull,5366,1.3303,1.2532,77.5,0.742
75,40,999,1,s0,10,all,5744,1.2858,1.186,77.6,0.69
75,40,999,1,s0,10,bull,5233,1.3396,1.2668,80.9,0.713
75,40,999,1,s0,15,all,5709,1.3404,1.2336,79.7,0.742
75,40,999,1,s0,15,bull,5198,1.3944,1.3174,83.4,0.765
75,40,999,1,s20,10,all,5148,1.3045,1.2047,74.8,0.708
75,40,999,1,s20,10,bull,4698,1.3669,1.2942,79.1,0.733
75,40,999,1,s20,15,all,5113,1.3494,1.2426,76.4,0.747
75,40,999,1,s20,15,bull,4663,1.4141,1.3371,81.2,0.773
75,45,60,0,off,10,all,2768,0.889,0.7893,32.3,0.511
75,45,60,0,off,10,bull,2277,1.0156,0.9429,35.7,0.567
75,45,60,0,off,15,all,2763,0.9559,0.8491,33.4,0.59
75,45,60,0,off,15,bull,2272,1.0907,1.0136,37.1,0.652
75,45,60,0,s0,10,all,2461,0.9615,0.8617,33.2,0.553
75,45,60,0,s0,10,bull,2124,1.0619,0.9891,36.2,0.593
75,45,60,0,s0,15,all,2456,1.0224,0.9157,34.1,0.63
75,45,60,0,s0,15,bull,2119,1.1303,1.0533,37.5,0.672
75,45,60,0,s20,10,all,1568,1.0054,0.9056,27.5,0.601
75,45,60,0,s20,10,bull,1406,1.1116,1.0389,30.7,0.639
75,45,60,0,s20,15,all,1568,1.0627,0.9559,28.4,0.656
75,45,60,0,s20,15,bull,1406,1.1818,1.1048,32.2,0.7
75,45,60,1,off,10,all,1534,1.1642,1.0644,33.8,0.633
75,45,60,1,off,10,bull,1390,1.2442,1.1715,36.6,0.665
75,45,60,1,off,15,all,1534,1.2472,1.1404,35.6,0.717
75,45,60,1,off,15,bull,1390,1.3312,1.2541,38.7,0.751
75,45,60,1,s0,10,all,1463,1.2338,1.134,36.4,0.658
75,45,60,1,s0,10,bull,1362,1.2874,1.2147,38.5,0.679
75,45,60,1,s0,15,all,1463,1.3238,1.2171,38.6,0.746
75,45,60,1,s0,15,bull,1362,1.3791,1.3021,41.0,0.767
75,45,60,1,s20,10,all,1218,1.1775,1.0777,30.3,0.662
75,45,60,1,s20,10,bull,1139,1.2431,1.1704,32.8,0.685
75,45,60,1,s20,15,all,1218,1.2478,1.141,31.7,0.724
75,45,60,1,s20,15,bull,1139,1.3211,1.244,34.6,0.752
75,45,999,0,off,10,all,8998,1.1913,1.0916,86.3,0.645
75,45,999,0,off,10,bull,7616,1.2841,1.2113,91.0,0.688
75,45,999,0,off,10,nonbull,1382,0.6803,0.4897,14.2,0.411
75,45,999,0,off,15,all,8958,1.2406,1.1339,88.1,0.698
75,45,999,0,off,15,bull,7576,1.3355,1.2585,93.4,0.742
75,45,999,0,off,15,nonbull,1382,0.7206,0.5142,14.4,0.461
75,45,999,0,s0,10,all,8254,1.2774,1.1776,91.9,0.686
75,45,999,0,s0,10,bull,7307,1.3424,1.2696,96.3,0.711
75,45,999,0,s0,15,all,8214,1.3232,1.2164,93.6,0.736
75,45,999,0,s0,15,bull,7267,1.393,1.316,98.8,0.763
75,45,999,0,s20,10,all,6941,1.3351,1.2353,90.5,0.72
75,45,999,0,s20,10,bull,6208,1.3936,1.3209,94.4,0.743
75,45,999,0,s20,15,all,6906,1.3726,1.2659,91.9,0.755
75,45,999,0,s20,15,bull,6173,1.4365,1.3595,96.9,0.78
75,45,999,1,off,10,all,5175,1.3255,1.2258,77.7,0.705
75,45,999,1,off,10,bull,4675,1.3995,1.3267,83.3,0.735
75,45,999,1,off,15,all,5145,1.3755,1.2687,79.6,0.754
75,45,999,1,off,15,bull,4645,1.4514,1.3744,85.8,0.784
75,45,999,1,s0,10,all,4916,1.4102,1.3104,85.8,0.734
75,45,999,1,s0,10,bull,4522,1.4671,1.3944,90.8,0.757
75,45,999,1,s0,15,all,4886,1.4627,1.3559,88.3,0.785
75,45,999,1,s0,15,bull,4492,1.5227,1.4457,94.3,0.809
75,45,999,1,s20,10,all,4527,1.4039,1.3041,81.1,0.742
75,45,999,1,s20,10,bull,4155,1.4657,1.393,86.3,0.767
75,45,999,1,s20,15,all,4497,1.4461,1.3394,82.8,0.779
75,45,999,1,s20,15,bull,4125,1.5128,1.4358,89.1,0.806
100,30,60,0,off,10,all,13373,0.4017,0.3019,26.3,0.352
100,30,60,0,off,10,bull,11567,0.4167,0.344,27.6,0.362
100,30,60,0,off,10,nonbull,1806,0.3053,0.1146,3.9,0.286
100,30,60,0,off,15,all,13327,0.4456,0.3388,28.0,0.415
100,30,60,0,off,15,bull,11521,0.4554,0.3784,28.8,0.426
100,30,60,0,off,15,nonbull,1806,0.3829,0.1765,5.7,0.341
100,30,60,0,s0,10,all,11759,0.4347,0.3349,27.1,0.37
100,30,60,0,s0,10,bull,10505,0.4464,0.3736,28.4,0.378
100,30,60,0,s0,10,nonbull,1254,0.337,0.1463,4.1,0.303
100,30,60,0,s0,15,all,11718,0.4758,0.369,28.4,0.431
100,30,60,0,s0,15,bull,10464,0.4845,0.4075,29.4,0.44
100,30,60,0,s0,15,nonbull,1254,0.403,0.1966,5.3,0.36
100,30,60,0,s20,10,all,3666,0.7098,0.6101,27.4,0.485
100,30,60,0,s20,10,bull,3259,0.7592,0.6865,29.0,0.508
100,30,60,0,s20,15,all,3660,0.7643,0.6575,28.7,0.534
100,30,60,0,s20,15,bull,3253,0.8124,0.7354,30.2,0.559
100,30,60,1,off,10,all,6039,0.5651,0.4653,26.5,0.431
100,30,60,1,off,10,bull,5362,0.618,0.5453,29.0,0.453
100,30,60,1,off,15,all,6019,0.6164,0.5097,27.8,0.489
100,30,60,1,off,15,bull,5342,0.6709,0.5939,30.4,0.515
100,30,60,1,s0,10,all,5744,0.5911,0.4913,27.2,0.44
100,30,60,1,s0,10,bull,5243,0.6352,0.5625,29.6,0.459
100,30,60,1,s0,15,all,5724,0.6428,0.5361,28.5,0.501
100,30,60,1,s0,15,bull,5223,0.6887,0.6117,31.0,0.522
100,30,60,1,s20,10,all,3008,0.7661,0.6664,26.9,0.515
100,30,60,1,s20,10,bull,2736,0.8191,0.7464,28.7,0.538
100,30,60,1,s20,15,all,3002,0.8282,0.7214,28.3,0.567
100,30,60,1,s20,15,bull,2730,0.8793,0.8023,30.1,0.591
100,30,999,0,off,10,all,18701,0.6768,0.577,58.8,0.458
100,30,999,0,off,10,bull,16186,0.7019,0.6292,59.4,0.472
100,30,999,0,off,10,nonbull,2515,0.5149,0.3243,12.6,0.365
100,30,999,0,off,15,all,18620,0.718,0.6112,59.8,0.513
100,30,999,0,off,15,bull,16105,0.7396,0.6626,60.1,0.528
100,30,999,0,off,15,nonbull,2515,0.5794,0.373,13.9,0.418
100,30,999,0,s0,10,all,16817,0.7321,0.6323,61.0,0.485
100,30,999,0,s0,10,bull,14998,0.7535,0.6807,61.9,0.495
100,30,999,0,s0,10,nonbull,1819,0.5561,0.3654,11.9,0.402
100,30,999,0,s0,15,all,16741,0.7705,0.6637,61.7,0.538
100,30,999,0,s0,15,bull,14922,0.7912,0.7142,62.6,0.549
100,30,999,0,s0,15,nonbull,1819,0.6002,0.3938,12.4,0.447
100,30,999,0,s20,10,all,8540,1.1267,1.0269,76.2,0.641
100,30,999,0,s20,10,bull,7600,1.1725,1.0998,77.9,0.659
100,30,999,0,s20,15,all,8499,1.1684,1.0616,77.5,0.681
100,30,999,0,s20,15,bull,7559,1.216,1.139,79.6,0.7
100,30,999,1,off,10,all,9066,0.8434,0.7436,52.8,0.536
100,30,999,1,off,10,bull,8192,0.8973,0.8246,55.9,0.557
100,30,999,1,off,15,all,9032,0.8863,0.7796,53.7,0.585
100,30,999,1,off,15,bull,8158,0.9421,0.8651,57.1,0.608
100,30,999,1,s0,10,all,8659,0.8893,0.7895,55.2,0.552
100,30,999,1,s0,10,bull,7970,0.9345,0.8617,58.1,0.569
100,30,999,1,s0,15,all,8625,0.9332,0.8265,56.1,0.602
100,30,999,1,s0,15,bull,7936,0.9807,0.9037,59.3,0.621
100,30,999,1,s20,10,all,5865,1.1129,1.0131,61.5,0.641
100,30,999,1,s20,10,bull,5407,1.1603,1.0876,64.3,0.659
100,30,999,1,s20,15,all,5845,1.1583,1.0516,62.9,0.681
100,30,999,1,s20,15,bull,5387,1.2064,1.1294,65.9,0.7
100,35,60,0,off,10,all,6707,0.6368,0.537,33.4,0.421
100,35,60,0,off,10,bull,5773,0.6822,0.6094,35.1,0.44
100,35,60,0,off,15,all,6684,0.7002,0.5934,35.2,0.496
100,35,60,0,off,15,bull,5750,0.7447,0.6677,36.5,0.519
100,35,60,0,s0,10,all,5811,0.6873,0.5876,33.7,0.449
100,35,60,0,s0,10,bull,5180,0.7255,0.6528,35.4,0.462
100,35,60,0,s0,15,all,5788,0.7462,0.6394,35.1,0.522
100,35,60,0,s0,15,bull,5157,0.7873,0.7103,36.8,0.539
100,35,60,0,s20,10,all,2554,0.8896,0.7898,30.5,0.547
100,35,60,0,s20,10,bull,2223,0.969,0.8962,32.5,0.58
100,35,60,0,s20,15,all,2549,0.9421,0.8353,31.6,0.592
100,35,60,0,s20,15,bull,2218,1.0266,0.9496,33.7,0.629
100,35,60,1,off,10,all,3209,0.8718,0.7721,33.1,0.527
100,35,60,1,off,10,bull,2847,0.9597,0.887,36.3,0.559
100,35,60,1,off,15,all,3199,0.9417,0.835,34.6,0.601
100,35,60,1,off,15,bull,2837,1.0345,0.9575,37.9,0.639
100,35,60,1,s0,10,all,3050,0.9201,0.8203,34.5,0.545
100,35,60,1,s0,10,bull,2804,0.9737,0.901,36.7,0.564
100,35,60,1,s0,15,all,3040,0.9932,0.8864,36.1,0.621
100,35,60,1,s0,15,bull,2794,1.0509,0.9739,38.4,0.645
100,35,60,1,s20,10,all,2019,0.9844,0.8846,30.4,0.591
100,35,60,1,s20,10,bull,1810,1.0618,0.989,32.5,0.624
100,35,60,1,s20,15,all,2014,1.0514,0.9447,32.0,0.642
100,35,60,1,s20,15,bull,1805,1.132,1.055,34.3,0.678
100,35,999,0,off,10,all,12035,0.9602,0.8604,73.5,0.555
100,35,999,0,off,10,bull,10392,1.0084,0.9357,74.9,0.577
100,35,999,0,off,10,nonbull,1643,0.6553,0.4646,14.5,0.419
100,35,999,0,off,15,all,11977,1.0111,0.9044,75.0,0.614
100,35,999,0,off,15,bull,10334,1.0593,0.9823,76.3,0.637
100,35,999,0,off,15,nonbull,1643,0.708,0.5016,15.1,0.466
100,35,999,0,s0,10,all,10869,1.0299,0.9302,76.3,0.589
100,35,999,0,s0,10,bull,9673,1.072,0.9993,78.2,0.604
100,35,999,0,s0,10,nonbull,1196,0.6896,0.499,12.9,0.472
100,35,999,0,s0,15,all,10811,1.0769,0.9702,77.4,0.644
100,35,999,0,s0,15,bull,9615,1.1229,1.0459,79.7,0.662
100,35,999,0,s0,15,nonbull,1196,0.7069,0.5005,12.6,0.503
100,35,999,0,s20,10,all,7428,1.2509,1.1512,83.9,0.686
100,35,999,0,s20,10,bull,6564,1.3087,1.236,86.9,0.707
100,35,999,0,s20,15,all,7388,1.2905,1.1837,85.3,0.723
100,35,999,0,s20,15,bull,6524,1.3529,1.2758,89.0,0.747
100,35,999,1,off,10,all,6236,1.1275,1.0277,65.1,0.633
100,35,999,1,off,10,bull,5677,1.1924,1.1196,69.3,0.656
100,35,999,1,off,15,all,6212,1.1764,1.0696,66.3,0.685
100,35,999,1,off,15,bull,5653,1.2448,1.1678,71.0,0.711
100,35,999,1,s0,10,all,5965,1.1922,1.0924,69.4,0.656
100,35,999,1,s0,10,bull,5531,1.238,1.1653,72.7,0.671
100,35,999,1,s0,15,all,5941,1.2437,1.137,70.9,0.709
100,35,999,1,s0,15,bull,5507,1.2932,1.2162,74.7,0.727
100,35,999,1,s20,10,all,4876,1.2736,1.1738,69.6,0.698
100,35,999,1,s20,10,bull,4481,1.3289,1.2562,73.3,0.719
100,35,999,1,s20,15,all,4857,1.3181,1.2113,71.2,0.735
100,35,999,1,s20,15,bull,4462,1.3764,1.2994,75.5,0.758
100,40,60,0,off,10,all,4075,0.8241,0.7243,35.7,0.485
100,40,60,0,off,10,bull,3417,0.9061,0.8334,37.8,0.518
100,40,60,0,off,15,all,4065,0.8988,0.792,37.5,0.568
100,40,60,0,off,15,bull,3407,0.9794,0.9024,39.5,0.606
100,40,60,0,s0,10,all,3517,0.8957,0.7959,36.1,0.526
100,40,60,0,s0,10,bull,3106,0.9545,0.8818,38.1,0.545
100,40,60,0,s0,15,all,3507,0.9598,0.853,37.4,0.605
100,40,60,0,s0,15,bull,3096,1.0229,0.9459,39.6,0.628
100,40,60,0,s20,10,all,1908,0.9575,0.8578,28.6,0.578
100,40,60,0,s20,10,bull,1685,1.0358,0.963,30.8,0.604
100,40,60,0,s20,15,all,1908,0.9997,0.893,29.2,0.622
100,40,60,0,s20,15,bull,1685,1.0827,1.0057,31.6,0.652
100,40,60,1,off,10,all,2106,1.0995,0.9997,36.5,0.608
100,40,60,1,off,10,bull,1819,1.2282,1.1554,41.0,0.654
100,40,60,1,off,15,all,2106,1.1778,1.071,38.4,0.688
100,40,60,1,off,15,bull,1819,1.3146,1.2376,43.5,0.741
100,40,60,1,s0,10,all,1967,1.1749,1.0751,38.8,0.637
100,40,60,1,s0,10,bull,1786,1.2463,1.1736,41.5,0.66
100,40,60,1,s0,15,all,1967,1.2557,1.1489,41.0,0.718
100,40,60,1,s0,15,bull,1786,1.3341,1.2571,44.1,0.749
100,40,60,1,s20,10,all,1481,1.0923,0.9926,29.8,0.635
100,40,60,1,s20,10,bull,1312,1.1796,1.1069,32.0,0.668
100,40,60,1,s20,15,all,1481,1.1463,1.0396,30.8,0.683
100,40,60,1,s20,15,bull,1312,1.239,1.1619,33.4,0.72
100,40,999,0,off,10,all,9403,1.1319,1.0321,81.6,0.62
100,40,999,0,off,10,bull,8036,1.1992,1.1265,84.1,0.65
100,40,999,0,off,10,nonbull,1367,0.7357,0.545,15.5,0.445
100,40,999,0,off,15,all,9358,1.1844,1.0777,83.5,0.678
100,40,999,0,off,15,bull,7991,1.2516,1.1746,86.1,0.709
100,40,999,0,off,15,nonbull,1367,0.7918,0.5854,16.1,0.497
100,40,999,0,s0,10,all,8575,1.207,1.1072,85.1,0.659
100,40,999,0,s0,10,bull,7599,1.2602,1.1874,88.2,0.676
100,40,999,0,s0,15,all,8530,1.2531,1.1464,86.6,0.711
100,40,999,0,s0,15,bull,7554,1.3111,1.2341,90.3,0.732
100,40,999,0,s20,10,all,6782,1.3045,1.2047,85.7,0.708
100,40,999,0,s20,10,bull,6026,1.3578,1.285,89.0,0.726
100,40,999,0,s20,15,all,6747,1.3399,1.2331,86.8,0.743
100,40,999,0,s20,15,bull,5991,1.3977,1.3207,90.8,0.763
100,40,999,1,off,10,all,5133,1.2759,1.1761,71.7,0.689
100,40,999,1,off,10,bull,4649,1.3488,1.2761,77.1,0.715
100,40,999,1,off,15,all,5119,1.3236,1.2168,73.3,0.739
100,40,999,1,off,15,bull,4635,1.4009,1.3239,79.5,0.767
100,40,999,1,s0,10,all,4882,1.3552,1.2554,78.0,0.717
100,40,999,1,s0,10,bull,4513,1.4055,1.3328,82.4,0.733
100,40,999,1,s0,15,all,4868,1.405,1.2983,80.0,0.768
100,40,999,1,s0,15,bull,4499,1.46,1.3829,85.3,0.787
100,40,999,1,s20,10,all,4338,1.3464,1.2466,72.2,0.726
100,40,999,1,s20,10,bull,3983,1.4011,1.3284,76.4,0.745
100,40,999,1,s20,15,all,4324,1.3835,1.2767,73.3,0.761
100,40,999,1,s20,15,bull,3969,1.4421,1.3651,78.2,0.782
100,45,60,0,off,10,all,2805,0.9873,0.8875,37.4,0.544
100,45,60,0,off,10,bull,2433,1.0903,1.0176,40.8,0.584
100,45,60,0,off,15,all,2800,1.0673,0.9605,39.2,0.632
100,45,60,0,off,15,bull,2428,1.1705,1.0934,42.7,0.677
100,45,60,0,s0,10,all,2447,1.0647,0.965,38.0,0.586
100,45,60,0,s0,10,bull,2239,1.124,1.0513,40.3,0.607
100,45,60,0,s0,15,all,2442,1.1366,1.0298,39.5,0.67
100,45,60,0,s0,15,bull,2234,1.1976,1.1206,42.0,0.694
100,45,60,0,s20,10,all,1380,1.0927,0.9929,28.8,0.635
100,45,60,0,s20,10,bull,1262,1.1686,1.0959,31.2,0.66
100,45,60,0,s20,15,all,1380,1.1402,1.0334,29.6,0.68
100,45,60,0,s20,15,bull,1262,1.2198,1.1428,32.1,0.709
100,45,60,1,off,10,all,1600,1.2371,1.1373,38.3,0.654
100,45,60,1,off,10,bull,1440,1.3506,1.2779,43.1,0.693
100,45,60,1,off,15,all,1600,1.3246,1.2178,40.7,0.74
100,45,60,1,off,15,bull,1440,1.4431,1.3661,46.1,0.785
100,45,60,1,s0,10,all,1497,1.3162,1.2164,41.1,0.682
100,45,60,1,s0,10,bull,1419,1.36,1.2872,43.3,0.696
100,45,60,1,s0,15,all,1497,1.406,1.2992,43.8,0.77
100,45,60,1,s0,15,bull,1419,1.4535,1.3765,46.4,0.789
100,45,60,1,s20,10,all,1086,1.2503,1.1505,31.4,0.692
100,45,60,1,s20,10,bull,1008,1.3068,1.2341,33.1,0.713
100,45,60,1,s20,15,all,1086,1.3114,1.2046,32.7,0.743
100,45,60,1,s20,15,bull,1008,1.371,1.294,34.7,0.768
100,45,999,0,off,10,all,8133,1.2362,1.1364,86.9,0.662
100,45,999,0,off,10,bull,7052,1.3037,1.231,90.2,0.692
100,45,999,0,off,10,nonbull,1081,0.7958,0.6052,15.4,0.469
100,45,999,0,off,15,all,8093,1.2874,1.1806,88.9,0.717
100,45,999,0,off,15,bull,7012,1.3558,1.2788,92.6,0.747
100,45,999,0,off,15,nonbull,1081,0.8438,0.6374,15.7,0.52
100,45,999,0,s0,10,all,7505,1.3066,1.2068,90.9,0.697
100,45,999,0,s0,10,bull,6732,1.3559,1.2832,94.3,0.714
100,45,999,0,s0,15,all,7465,1.3529,1.2461,92.7,0.748
100,45,999,0,s0,15,bull,6692,1.4065,1.3295,96.8,0.767
100,45,999,0,s20,10,all,6254,1.3636,1.2638,89.0,0.731
100,45,999,0,s20,10,bull,5603,1.412,1.3393,92.2,0.747
100,45,999,0,s20,15,all,6219,1.3999,1.2931,90.3,0.767
100,45,999,0,s20,15,bull,5568,1.4527,1.3757,94.3,0.785
100,45,999,1,off,10,all,4627,1.3427,1.243,74.6,0.714
100,45,999,1,off,10,bull,4270,1.4008,1.3281,79.5,0.733
100,45,999,1,off,15,all,4613,1.3905,1.2838,76.4,0.763
100,45,999,1,off,15,bull,4256,1.4521,1.3751,82.1,0.784
100,45,999,1,s0,10,all,4412,1.4223,1.3226,81.8,0.741
100,45,999,1,s0,10,bull,4146,1.4585,1.3858,85.6,0.752
100,45,999,1,s0,15,all,4398,1.4721,1.3654,84.1,0.791
100,45,999,1,s0,15,bull,4132,1.5121,1.4351,88.7,0.804
100,45,999,1,s20,10,all,3943,1.4153,1.3155,76.0,0.751
100,45,999,1,s20,10,bull,3679,1.4543,1.3815,79.5,0.764
100,45,999,1,s20,15,all,3929,1.4529,1.3462,77.4,0.785
100,45,999,1,s20,15,bull,3665,1.4953,1.4183,81.5,0.8
