row_type,sleeve,direction,regime_bucket,regime,half,L,L_label,n,mean_R,NW_SE,NW_CI_low,hold_median,hold_mean,hold_q10,hold_q25,hold_q75,hold_q90,dedup_drop
sleeve_curve,long_mr_strong4,long,ATR_low_0_33,low,full,22,corrected_median_minus_1,13850,0.056972523407805224,0.016303031055365715,0.025018582539288424,,,,,,,10338.0
sleeve_curve,long_mr_strong4,long,ATR_mid_33_67,mid,full,22,corrected_median_minus_1,11823,0.04467139083085121,0.017398151747884456,0.010571013404997678,,,,,,,10338.0
sleeve_curve,long_mr_strong4,long,ATR_high_67_100,high,full,22,corrected_median_minus_1,14480,-0.011076104400314174,0.016908371293229373,-0.044216512135043747,,,,,,,10338.0
sleeve_curve,long_mr_strong4,long,ATR_low_mid_0_67,low_mid_0_67,full,22,corrected_median_minus_1,25673,0.05130757227403327,0.012197810743768875,0.027399863216246278,,,,,,,10338.0
sleeve_curve,long_mr_strong4,long,ATR_low_mid_minus_high,low_mid_minus_high,full,22,corrected_median_minus_1,40153,0.062383676674347445,0.020848971359050464,0.02151969281060854,,,,,,,10338.0
sleeve_curve,long_mr_strong4,long,ATR_low_0_33,low,full,31,mean_minus_1,13850,0.056972523407805224,0.017487989892201898,0.022696063219089506,,,,,,,10338.0
sleeve_curve,long_mr_strong4,long,ATR_mid_33_67,mid,full,31,mean_minus_1,11823,0.04467139083085121,0.018382661283942645,0.008641374714323628,,,,,,,10338.0
sleeve_curve,long_mr_strong4,long,ATR_high_67_100,high,full,31,mean_minus_1,14480,-0.011076104400314174,0.018081798316043604,-0.046516429099759636,,,,,,,10338.0
sleeve_curve,long_mr_strong4,long,ATR_low_mid_0_67,low_mid_0_67,full,31,mean_minus_1,25673,0.05130757227403327,0.013276821389630513,0.025285002350357466,,,,,,,10338.0
sleeve_curve,long_mr_strong4,long,ATR_low_mid_minus_high,low_mid_minus_high,full,31,mean_minus_1,40153,0.062383676674347445,0.022432686342795143,0.018415611442468963,,,,,,,10338.0
sleeve_curve,long_mr_strong4,long,ATR_low_0_33,low,full,83,max_hold_minus_1,13850,0.056972523407805224,0.020432566887444308,0.016924692308414382,,,,,,,10338.0
sleeve_curve,long_mr_strong4,long,ATR_mid_33_67,mid,full,83,max_hold_minus_1,11823,0.04467139083085121,0.020029391539956837,0.005413783412535816,,,,,,,10338.0
sleeve_curve,long_mr_strong4,long,ATR_high_67_100,high,full,83,max_hold_minus_1,14480,-0.011076104400314174,0.021012904169258568,-0.05226139657206097,,,,,,,10338.0
sleeve_curve,long_mr_strong4,long,ATR_low_mid_0_67,low_mid_0_67,full,83,max_hold_minus_1,25673,0.05130757227403327,0.016154277147441696,0.01964518906504755,,,,,,,10338.0
sleeve_curve,long_mr_strong4,long,ATR_low_mid_minus_high,low_mid_minus_high,full,83,max_hold_minus_1,40153,0.062383676674347445,0.02650476960440896,0.01043432824970588,,,,,,,10338.0
sleeve_curve,long_mr_strong4,long,ATR_low_0_33,low,h1,22,corrected_median_minus_1,7295,0.05288109095858946,0.023437881176936556,0.006942843851793813,,,,,,,10338.0
sleeve_curve,long_mr_strong4,long,ATR_mid_33_67,mid,h1,22,corrected_median_minus_1,5814,0.03541655904354114,0.024999126318774285,-0.01358172854125645,,,,,,,10338.0
sleeve_curve,long_mr_strong4,long,ATR_high_67_100,high,h1,22,corrected_median_minus_1,6967,-0.017256057760830317,0.02487968449932801,-0.06602023937951321,,,,,,,10338.0
sleeve_curve,long_mr_strong4,long,ATR_low_mid_0_67,low_mid_0_67,h1,22,corrected_median_minus_1,13109,0.04513535989183449,0.017624311729396974,0.010591708902216418,,,,,,,10338.0
sleeve_curve,long_mr_strong4,long,ATR_low_mid_minus_high,low_mid_minus_high,h1,22,corrected_median_minus_1,20076,0.0623914176526648,0.03048958944822088,0.0026318223341518718,,,,,,,10338.0
sleeve_curve,long_mr_strong4,long,ATR_low_0_33,low,h1,31,mean_minus_1,7295,0.05288109095858946,0.025424628661649726,0.003048818781756002,,,,,,,10338.0
sleeve_curve,long_mr_strong4,long,ATR_mid_33_67,mid,h1,31,mean_minus_1,5814,0.03541655904354114,0.026603073906398437,-0.016725465812999794,,,,,,,10338.0
sleeve_curve,long_mr_strong4,long,ATR_high_67_100,high,h1,31,mean_minus_1,6967,-0.017256057760830317,0.026770864411478672,-0.06972695200732851,,,,,,,10338.0
sleeve_curve,long_mr_strong4,long,ATR_low_mid_0_67,low_mid_0_67,h1,31,mean_minus_1,13109,0.04513535989183449,0.019371775484162565,0.007166679942875863,,,,,,,10338.0
sleeve_curve,long_mr_strong4,long,ATR_low_mid_minus_high,low_mid_minus_high,h1,31,mean_minus_1,20076,0.0623914176526648,0.03304458906911353,-0.002375976922797715,,,,,,,10338.0
sleeve_curve,long_mr_strong4,long,ATR_low_0_33,low,h1,83,max_hold_minus_1,7295,0.05288109095858946,0.031037300331144522,-0.007952017690453797,,,,,,,10338.0
sleeve_curve,long_mr_strong4,long,ATR_mid_33_67,mid,h1,83,max_hold_minus_1,5814,0.03541655904354114,0.02990657689000647,-0.023200331660871536,,,,,,,10338.0
sleeve_curve,long_mr_strong4,long,ATR_high_67_100,high,h1,83,max_hold_minus_1,6967,-0.017256057760830317,0.03174359332061648,-0.07947350066923861,,,,,,,10338.0
sleeve_curve,long_mr_strong4,long,ATR_low_mid_0_67,low_mid_0_67,h1,83,max_hold_minus_1,13109,0.04513535989183449,0.024266042896647296,-0.0024260841855942086,,,,,,,10338.0
sleeve_curve,long_mr_strong4,long,ATR_low_mid_minus_high,low_mid_minus_high,h1,83,max_hold_minus_1,20076,0.0623914176526648,0.03995618293539329,-0.01592270090070605,,,,,,,10338.0
sleeve_curve,long_mr_strong4,long,ATR_low_0_33,low,h2,22,corrected_median_minus_1,6555,0.061525841442439694,0.022485098774755838,0.01745504784391825,,,,,,,10338.0
sleeve_curve,long_mr_strong4,long,ATR_mid_33_67,mid,h2,22,corrected_median_minus_1,6009,0.05362589108237738,0.024206822816589185,0.0061805183618625775,,,,,,,10338.0
sleeve_curve,long_mr_strong4,long,ATR_high_67_100,high,h2,22,corrected_median_minus_1,7513,-0.0053452731660913735,0.022994894870303876,-0.05041526711188697,,,,,,,10338.0
sleeve_curve,long_mr_strong4,long,ATR_low_mid_0_67,low_mid_0_67,h2,22,corrected_median_minus_1,12564,0.05774752229936308,0.016819167143280758,0.024781954698532796,,,,,,,10338.0
sleeve_curve,long_mr_strong4,long,ATR_low_mid_minus_high,low_mid_minus_high,h2,22,corrected_median_minus_1,20077,0.06309279546545445,0.028489464254175482,0.007253445527270502,,,,,,,10338.0
sleeve_curve,long_mr_strong4,long,ATR_low_0_33,low,h2,31,mean_minus_1,6555,0.061525841442439694,0.02374429175899534,0.014987029594808826,,,,,,,10338.0
sleeve_curve,long_mr_strong4,long,ATR_mid_33_67,mid,h2,31,mean_minus_1,6009,0.05362589108237738,0.025405071140469908,0.00383195164705636,,,,,,,10338.0
sleeve_curve,long_mr_strong4,long,ATR_high_67_100,high,h2,31,mean_minus_1,7513,-0.0053452731660913735,0.024434276386022618,-0.053236454882695704,,,,,,,10338.0
sleeve_curve,long_mr_strong4,long,ATR_low_mid_0_67,low_mid_0_67,h2,31,mean_minus_1,12564,0.05774752229936308,0.018094319121805758,0.022282656820623796,,,,,,,10338.0
sleeve_curve,long_mr_strong4,long,ATR_low_mid_minus_high,low_mid_minus_high,h2,31,mean_minus_1,20077,0.06309279546545445,0.030404576086344108,0.003499826336219994,,,,,,,10338.0
sleeve_curve,long_mr_strong4,long,ATR_low_0_33,low,h2,83,max_hold_minus_1,6555,0.061525841442439694,0.0259530555176086,0.010657852627926838,,,,,,,10338.0
sleeve_curve,long_mr_strong4,long,ATR_mid_33_67,mid,h2,83,max_hold_minus_1,6009,0.05362589108237738,0.026820051092597986,0.0010585909408853261,,,,,,,10338.0
sleeve_curve,long_mr_strong4,long,ATR_high_67_100,high,h2,83,max_hold_minus_1,7513,-0.0053452731660913735,0.027826167025844117,-0.059884560536745846,,,,,,,10338.0
sleeve_curve,long_mr_strong4,long,ATR_low_mid_0_67,low_mid_0_67,h2,83,max_hold_minus_1,12564,0.05774752229936308,0.021182877361443066,0.016229082670934668,,,,,,,10338.0
sleeve_curve,long_mr_strong4,long,ATR_low_mid_minus_high,low_mid_minus_high,h2,83,max_hold_minus_1,20077,0.06309279546545445,0.034971557938703726,-0.005451458094404851,,,,,,,10338.0
sleeve_curve,long_mr_strong4,short,ATR_low_0_33,low,full,22,corrected_median_minus_1,15859,0.017566234853416355,0.016179065955218907,-0.014144734418812702,,,,,,,10970.0
sleeve_curve,long_mr_strong4,short,ATR_mid_33_67,mid,full,22,corrected_median_minus_1,12248,-0.0033581860614579017,0.01649841473682004,-0.035695078945625174,,,,,,,10970.0
sleeve_curve,long_mr_strong4,short,ATR_high_67_100,high,full,22,corrected_median_minus_1,14070,-0.009631349990337866,0.01718223167284993,-0.04330852406912373,,,,,,,10970.0
sleeve_curve,long_mr_strong4,short,ATR_low_mid_0_67,low_mid_0_67,full,22,corrected_median_minus_1,28107,0.008448139454925592,0.011786060962169484,-0.014652540030926595,,,,,,,10970.0
sleeve_curve,long_mr_strong4,short,ATR_low_mid_minus_high,low_mid_minus_high,full,22,corrected_median_minus_1,42177,0.01807948944526346,0.02083603412992652,-0.02275913744939252,,,,,,,10970.0
sleeve_curve,long_mr_strong4,short,ATR_low_0_33,low,full,31,mean_minus_1,15859,0.017566234853416355,0.01764140259624558,-0.017010914235224984,,,,,,,10970.0
sleeve_curve,long_mr_strong4,short,ATR_mid_33_67,mid,full,31,mean_minus_1,12248,-0.0033581860614579017,0.017528711637092475,-0.03771446087015915,,,,,,,10970.0
sleeve_curve,long_mr_strong4,short,ATR_high_67_100,high,full,31,mean_minus_1,14070,-0.009631349990337866,0.018396432722354528,-0.04568835812615274,,,,,,,10970.0
sleeve_curve,long_mr_strong4,short,ATR_low_mid_0_67,low_mid_0_67,full,31,mean_minus_1,28107,0.008448139454925592,0.012895289350240039,-0.016826627671544886,,,,,,,10970.0
sleeve_curve,long_mr_strong4,short,ATR_low_mid_minus_high,low_mid_minus_high,full,31,mean_minus_1,42177,0.01807948944526346,0.02246591249725972,-0.025953699049365595,,,,,,,10970.0
sleeve_curve,long_mr_strong4,short,ATR_low_0_33,low,full,83,max_hold_minus_1,15859,0.017566234853416355,0.021523447740857616,-0.024619722718664572,,,,,,,10970.0
sleeve_curve,long_mr_strong4,short,ATR_mid_33_67,mid,full,83,max_hold_minus_1,12248,-0.0033581860614579017,0.019260026438918557,-0.041107837881738274,,,,,,,10970.0
sleeve_curve,long_mr_strong4,short,ATR_high_67_100,high,full,83,max_hold_minus_1,14070,-0.009631349990337866,0.02030683011811078,-0.04943273702183499,,,,,,,10970.0
sleeve_curve,long_mr_strong4,short,ATR_low_mid_0_67,low_mid_0_67,full,83,max_hold_minus_1,28107,0.008448139454925592,0.016194095705079674,-0.023292288127030568,,,,,,,10970.0
sleeve_curve,long_mr_strong4,short,ATR_low_mid_minus_high,low_mid_minus_high,full,83,max_hold_minus_1,42177,0.01807948944526346,0.02597337261795416,-0.0328283208859267,,,,,,,10970.0
sleeve_curve,long_mr_strong4,short,ATR_low_0_33,low,h1,22,corrected_median_minus_1,8005,0.020651430084165426,0.02209282859656393,-0.022650513965099876,,,,,,,10970.0
sleeve_curve,long_mr_strong4,short,ATR_mid_33_67,mid,h1,22,corrected_median_minus_1,6088,0.009129678427087217,0.022983033705645778,-0.03591706763597851,,,,,,,10970.0
sleeve_curve,long_mr_strong4,short,ATR_high_67_100,high,h1,22,corrected_median_minus_1,6995,-0.010242494038969376,0.024344594814827574,-0.05795789987603142,,,,,,,10970.0
sleeve_curve,long_mr_strong4,short,ATR_low_mid_0_67,low_mid_0_67,h1,22,corrected_median_minus_1,14093,0.015674177257351252,0.016020982159831675,-0.01572694777591883,,,,,,,10970.0
sleeve_curve,long_mr_strong4,short,ATR_low_mid_minus_high,low_mid_minus_high,h1,22,corrected_median_minus_1,21088,0.02591667129632063,0.029143286809551434,-0.031204170850400177,,,,,,,10970.0
sleeve_curve,long_mr_strong4,short,ATR_low_0_33,low,h1,31,mean_minus_1,8005,0.020651430084165426,0.024095343918698015,-0.026575443996482682,,,,,,,10970.0
sleeve_curve,long_mr_strong4,short,ATR_mid_33_67,mid,h1,31,mean_minus_1,6088,0.009129678427087217,0.024540346227704617,-0.03896940017921383,,,,,,,10970.0
sleeve_curve,long_mr_strong4,short,ATR_high_67_100,high,h1,31,mean_minus_1,6995,-0.010242494038969376,0.02625620806228038,-0.06170466184103891,,,,,,,10970.0
sleeve_curve,long_mr_strong4,short,ATR_low_mid_0_67,low_mid_0_67,h1,31,mean_minus_1,14093,0.015674177257351252,0.017464596480007123,-0.01855643184346271,,,,,,,10970.0
sleeve_curve,long_mr_strong4,short,ATR_low_mid_minus_high,low_mid_minus_high,h1,31,mean_minus_1,21088,0.02591667129632063,0.03153411790456861,-0.03589019979663384,,,,,,,10970.0
sleeve_curve,long_mr_strong4,short,ATR_low_0_33,low,h1,83,max_hold_minus_1,8005,0.020651430084165426,0.029683073502049163,-0.03752739397985093,,,,,,,10970.0
sleeve_curve,long_mr_strong4,short,ATR_mid_33_67,mid,h1,83,max_hold_minus_1,6088,0.009129678427087217,0.02684362491852021,-0.0434838264132124,,,,,,,10970.0
sleeve_curve,long_mr_strong4,short,ATR_high_67_100,high,h1,83,max_hold_minus_1,6995,-0.010242494038969376,0.029766047423249464,-0.06858394698853833,,,,,,,10970.0
sleeve_curve,long_mr_strong4,short,ATR_low_mid_0_67,low_mid_0_67,h1,83,max_hold_minus_1,14093,0.015674177257351252,0.02200578197627255,-0.027457155416142947,,,,,,,10970.0
sleeve_curve,long_mr_strong4,short,ATR_low_mid_minus_high,low_mid_minus_high,h1,83,max_hold_minus_1,21088,0.02591667129632063,0.03701718546284114,-0.046637012210848004,,,,,,,10970.0
sleeve_curve,long_mr_strong4,short,ATR_low_0_33,low,h2,22,corrected_median_minus_1,7854,0.014421724053550508,0.023662714235184307,-0.03195719584741073,,,,,,,10970.0
sleeve_curve,long_mr_strong4,short,ATR_mid_33_67,mid,h2,22,corrected_median_minus_1,6160,-0.015700088497539504,0.02364349607713497,-0.06204134080872404,,,,,,,10970.0
sleeve_curve,long_mr_strong4,short,ATR_high_67_100,high,h2,22,corrected_median_minus_1,7075,-0.009027116404447068,0.024254698275965318,-0.05656632502533909,,,,,,,10970.0
sleeve_curve,long_mr_strong4,short,ATR_low_mid_0_67,low_mid_0_67,h2,22,corrected_median_minus_1,14014,0.0011813668882362188,0.01729059575320668,-0.032708200788048876,,,,,,,10970.0
sleeve_curve,long_mr_strong4,short,ATR_low_mid_minus_high,low_mid_minus_high,h2,22,corrected_median_minus_1,21089,0.010208483292683286,0.02978682745709794,-0.04817369852322868,,,,,,,10970.0
sleeve_curve,long_mr_strong4,short,ATR_low_0_33,low,h2,31,mean_minus_1,7854,0.014421724053550508,0.02579564515893952,-0.03613774045797095,,,,,,,10970.0
sleeve_curve,long_mr_strong4,short,ATR_mid_33_67,mid,h2,31,mean_minus_1,6160,-0.015700088497539504,0.02499618565899679,-0.0646926123891732,,,,,,,10970.0
sleeve_curve,long_mr_strong4,short,ATR_high_67_100,high,h2,31,mean_minus_1,7075,-0.009027116404447068,0.02577927601516305,-0.05955449739416665,,,,,,,10970.0
sleeve_curve,long_mr_strong4,short,ATR_low_mid_0_67,low_mid_0_67,h2,31,mean_minus_1,14014,0.0011813668882362188,0.018978015210447615,-0.036015542924241105,,,,,,,10970.0
sleeve_curve,long_mr_strong4,short,ATR_low_mid_minus_high,low_mid_minus_high,h2,31,mean_minus_1,21089,0.010208483292683286,0.032011500014743795,-0.05253405673621456,,,,,,,10970.0
sleeve_curve,long_mr_strong4,short,ATR_low_0_33,low,h2,83,max_hold_minus_1,7854,0.014421724053550508,0.031203062628226003,-0.04673627869777246,,,,,,,10970.0
sleeve_curve,long_mr_strong4,short,ATR_mid_33_67,mid,h2,83,max_hold_minus_1,6160,-0.015700088497539504,0.027558796854790266,-0.06971533033292843,,,,,,,10970.0
sleeve_curve,long_mr_strong4,short,ATR_high_67_100,high,h2,83,max_hold_minus_1,7075,-0.009027116404447068,0.02765758860158966,-0.0632359900635628,,,,,,,10970.0
sleeve_curve,long_mr_strong4,short,ATR_low_mid_0_67,low_mid_0_67,h2,83,max_hold_minus_1,14014,0.0011813668882362188,0.023761495748931837,-0.04539116477967018,,,,,,,10970.0
sleeve_curve,long_mr_strong4,short,ATR_low_mid_minus_high,low_mid_minus_high,h2,83,max_hold_minus_1,21089,0.010208483292683286,0.03646300710968979,-0.06125901064230871,,,,,,,10970.0
sleeve_curve,long_mr_full6,long,ATR_low_0_33,low,full,22,corrected_median_minus_1,18474,0.054289885549222754,0.014519869945538928,0.025830940455966456,,,,,,,22181.0
sleeve_curve,long_mr_full6,long,ATR_mid_33_67,mid,full,22,corrected_median_minus_1,15251,0.04923059533871574,0.01583175031106183,0.018200364729034548,,,,,,,22181.0
sleeve_curve,long_mr_full6,long,ATR_high_67_100,high,full,22,corrected_median_minus_1,18246,-0.0005016078028301918,0.015216738417141452,-0.03032641510042744,,,,,,,22181.0
sleeve_curve,long_mr_full6,long,ATR_low_mid_0_67,low_mid_0_67,full,22,corrected_median_minus_1,33725,0.05200199125714143,0.010822172847990526,0.03079053247508,,,,,,,22181.0
sleeve_curve,long_mr_full6,long,ATR_low_mid_minus_high,low_mid_minus_high,full,22,corrected_median_minus_1,51971,0.05250359905997162,0.0186726686150505,0.01590516857447264,,,,,,,22181.0
sleeve_curve,long_mr_full6,long,ATR_low_0_33,low,full,31,mean_minus_1,18474,0.054289885549222754,0.015694506140713146,0.023528653513424987,,,,,,,22181.0
sleeve_curve,long_mr_full6,long,ATR_mid_33_67,mid,full,31,mean_minus_1,15251,0.04923059533871574,0.016942891372967867,0.016022528247698717,,,,,,,22181.0
sleeve_curve,long_mr_full6,long,ATR_high_67_100,high,full,31,mean_minus_1,18246,-0.0005016078028301918,0.016411456468090294,-0.03266806248028717,,,,,,,22181.0
sleeve_curve,long_mr_full6,long,ATR_low_mid_0_67,low_mid_0_67,full,31,mean_minus_1,33725,0.05200199125714143,0.011841509809709128,0.02879263203011154,,,,,,,22181.0
sleeve_curve,long_mr_full6,long,ATR_low_mid_minus_high,low_mid_minus_high,full,31,mean_minus_1,51971,0.05250359905997162,0.02023752104328641,0.012838057815130262,,,,,,,22181.0
sleeve_curve,long_mr_full6,long,ATR_low_0_33,low,full,83,max_hold_minus_1,18474,0.054289885549222754,0.018998369294050663,0.017053081732883453,,,,,,,22181.0
sleeve_curve,long_mr_full6,long,ATR_mid_33_67,mid,full,83,max_hold_minus_1,15251,0.04923059533871574,0.019206175449134413,0.011586491458412292,,,,,,,22181.0
sleeve_curve,long_mr_full6,long,ATR_high_67_100,high,full,83,max_hold_minus_1,18246,-0.0005016078028301918,0.01941213406842217,-0.038549390576937646,,,,,,,22181.0
sleeve_curve,long_mr_full6,long,ATR_low_mid_0_67,low_mid_0_67,full,83,max_hold_minus_1,33725,0.05200199125714143,0.014808214214134191,0.022977891397438416,,,,,,,22181.0
sleeve_curve,long_mr_full6,long,ATR_low_mid_minus_high,low_mid_minus_high,full,83,max_hold_minus_1,51971,0.05250359905997162,0.02441544915216762,0.004649318721723084,,,,,,,22181.0
sleeve_curve,long_mr_full6,long,ATR_low_0_33,low,h1,22,corrected_median_minus_1,9670,0.04600297224709347,0.020412566955365894,0.005994341014576313,,,,,,,22181.0
sleeve_curve,long_mr_full6,long,ATR_mid_33_67,mid,h1,22,corrected_median_minus_1,7542,0.02906268388807732,0.02278975520385493,-0.015605236311478345,,,,,,,22181.0
sleeve_curve,long_mr_full6,long,ATR_high_67_100,high,h1,22,corrected_median_minus_1,8773,-0.006860702558087939,0.02234126104358851,-0.05064957420352142,,,,,,,22181.0
sleeve_curve,long_mr_full6,long,ATR_low_mid_0_67,low_mid_0_67,h1,22,corrected_median_minus_1,17212,0.03858003157757803,0.015456689942792005,0.008284919289705699,,,,,,,22181.0
sleeve_curve,long_mr_full6,long,ATR_low_mid_minus_high,low_mid_minus_high,h1,22,corrected_median_minus_1,25985,0.04544073413566597,0.027166913866049875,-0.007806417041791788,,,,,,,22181.0
sleeve_curve,long_mr_full6,long,ATR_low_0_33,low,h1,31,mean_minus_1,9670,0.04600297224709347,0.02228188059390946,0.0023304862830309248,,,,,,,22181.0
sleeve_curve,long_mr_full6,long,ATR_mid_33_67,mid,h1,31,mean_minus_1,7542,0.02906268388807732,0.02450256493680648,-0.01896234338806338,,,,,,,22181.0
sleeve_curve,long_mr_full6,long,ATR_high_67_100,high,h1,31,mean_minus_1,8773,-0.006860702558087939,0.024311660145634694,-0.05451155644353194,,,,,,,22181.0
sleeve_curve,long_mr_full6,long,ATR_low_mid_0_67,low_mid_0_67,h1,31,mean_minus_1,17212,0.03858003157757803,0.016991968881451155,0.005275772569933765,,,,,,,22181.0
sleeve_curve,long_mr_full6,long,ATR_low_mid_minus_high,low_mid_minus_high,h1,31,mean_minus_1,25985,0.04544073413566597,0.029661150104219606,-0.01269512006860446,,,,,,,22181.0
sleeve_curve,long_mr_full6,long,ATR_low_0_33,low,h1,83,max_hold_minus_1,9670,0.04600297224709347,0.028088696530310465,-0.009050872952315048,,,,,,,22181.0
sleeve_curve,long_mr_full6,long,ATR_mid_33_67,mid,h1,83,max_hold_minus_1,7542,0.02906268388807732,0.02850801594622652,-0.02681302736652666,,,,,,,22181.0
sleeve_curve,long_mr_full6,long,ATR_high_67_100,high,h1,83,max_hold_minus_1,8773,-0.006860702558087939,0.029557335814367862,-0.06479308075424894,,,,,,,22181.0
sleeve_curve,long_mr_full6,long,ATR_low_mid_0_67,low_mid_0_67,h1,83,max_hold_minus_1,17212,0.03858003157757803,0.021739785573577364,-0.0040299481466336065,,,,,,,22181.0
sleeve_curve,long_mr_full6,long,ATR_low_mid_minus_high,low_mid_minus_high,h1,83,max_hold_minus_1,25985,0.04544073413566597,0.036691339267304425,-0.02647429082825071,,,,,,,22181.0
sleeve_curve,long_mr_full6,long,ATR_low_0_33,low,h2,22,corrected_median_minus_1,8804,0.06339193593899901,0.020620544382127296,0.02297566895002951,,,,,,,22181.0
sleeve_curve,long_mr_full6,long,ATR_mid_33_67,mid,h2,22,corrected_median_minus_1,7709,0.06896160949888112,0.02193025963424917,0.02597830061575275,,,,,,,22181.0
sleeve_curve,long_mr_full6,long,ATR_high_67_100,high,h2,22,corrected_median_minus_1,9473,0.005387586569372515,0.020751636934078662,-0.03528562182142166,,,,,,,22181.0
sleeve_curve,long_mr_full6,long,ATR_low_mid_0_67,low_mid_0_67,h2,22,corrected_median_minus_1,16513,0.06599210631828388,0.015109252184259472,0.03637797203713532,,,,,,,22181.0
sleeve_curve,long_mr_full6,long,ATR_low_mid_minus_high,low_mid_minus_high,h2,22,corrected_median_minus_1,25986,0.060604519748911366,0.025669435853001663,0.010292425477028105,,,,,,,22181.0
sleeve_curve,long_mr_full6,long,ATR_low_0_33,low,h2,31,mean_minus_1,8804,0.06339193593899901,0.022027564733373257,0.02021790906158743,,,,,,,22181.0
sleeve_curve,long_mr_full6,long,ATR_mid_33_67,mid,h2,31,mean_minus_1,7709,0.06896160949888112,0.02334406461381453,0.023207242855804645,,,,,,,22181.0
sleeve_curve,long_mr_full6,long,ATR_high_67_100,high,h2,31,mean_minus_1,9473,0.005387586569372515,0.02217634119120432,-0.038078042165387946,,,,,,,22181.0
sleeve_curve,long_mr_full6,long,ATR_low_mid_0_67,low_mid_0_67,h2,31,mean_minus_1,16513,0.06599210631828388,0.016440899610788876,0.03376794308113768,,,,,,,22181.0
sleeve_curve,long_mr_full6,long,ATR_low_mid_minus_high,low_mid_minus_high,h2,31,mean_minus_1,25986,0.060604519748911366,0.027606037177413625,0.006496686881180665,,,,,,,22181.0
sleeve_curve,long_mr_full6,long,ATR_low_0_33,low,h2,83,max_hold_minus_1,8804,0.06339193593899901,0.025275826088850643,0.013851316804851757,,,,,,,22181.0
sleeve_curve,long_mr_full6,long,ATR_mid_33_67,mid,h2,83,max_hold_minus_1,7709,0.06896160949888112,0.025661074280025176,0.018665903910031784,,,,,,,22181.0
sleeve_curve,long_mr_full6,long,ATR_high_67_100,high,h2,83,max_hold_minus_1,9473,0.005387586569372515,0.02550885603648732,-0.04460977126214263,,,,,,,22181.0
sleeve_curve,long_mr_full6,long,ATR_low_mid_0_67,low_mid_0_67,h2,83,max_hold_minus_1,16513,0.06599210631828388,0.01998889105142967,0.026813879857481723,,,,,,,22181.0
sleeve_curve,long_mr_full6,long,ATR_low_mid_minus_high,low_mid_minus_high,h2,83,max_hold_minus_1,25986,0.060604519748911366,0.0324076765868237,-0.0029145263612630826,,,,,,,22181.0
sleeve_curve,long_mr_full6,short,ATR_low_0_33,low,full,22,corrected_median_minus_1,20705,0.01167744550578607,0.014351520638227356,-0.016451534945139547,,,,,,,23159.0
sleeve_curve,long_mr_full6,short,ATR_mid_33_67,mid,full,22,corrected_median_minus_1,15888,-0.0022748659903062754,0.015075636352521207,-0.03182311324124784,,,,,,,23159.0
sleeve_curve,long_mr_full6,short,ATR_high_67_100,high,full,22,corrected_median_minus_1,17804,-0.0058973624551718505,0.015618873258341832,-0.03651035404152184,,,,,,,23159.0
sleeve_curve,long_mr_full6,short,ATR_low_mid_0_67,low_mid_0_67,full,22,corrected_median_minus_1,36593,0.005619611355814349,0.010448599209736079,-0.014859643095268365,,,,,,,23159.0
sleeve_curve,long_mr_full6,short,ATR_low_mid_minus_high,low_mid_minus_high,full,22,corrected_median_minus_1,54397,0.0115169738109862,0.018791552019613574,-0.0253144681474564,,,,,,,23159.0
sleeve_curve,long_mr_full6,short,ATR_low_0_33,low,full,31,mean_minus_1,20705,0.01167744550578607,0.015750385433494746,-0.019193309943863632,,,,,,,23159.0
sleeve_curve,long_mr_full6,short,ATR_mid_33_67,mid,full,31,mean_minus_1,15888,-0.0022748659903062754,0.016049676349982184,-0.033732231636271356,,,,,,,23159.0
sleeve_curve,long_mr_full6,short,ATR_high_67_100,high,full,31,mean_minus_1,17804,-0.0058973624551718505,0.01687709821647275,-0.03897647495945843,,,,,,,23159.0
sleeve_curve,long_mr_full6,short,ATR_low_mid_0_67,low_mid_0_67,full,31,mean_minus_1,36593,0.005619611355814349,0.011490436798193743,-0.016901644768645387,,,,,,,23159.0
sleeve_curve,long_mr_full6,short,ATR_low_mid_minus_high,low_mid_minus_high,full,31,mean_minus_1,54397,0.0115169738109862,0.020417310842071063,-0.028500955439473084,,,,,,,23159.0
sleeve_curve,long_mr_full6,short,ATR_low_0_33,low,full,83,max_hold_minus_1,20705,0.01167744550578607,0.019758639776452237,-0.027049488456060315,,,,,,,23159.0
sleeve_curve,long_mr_full6,short,ATR_mid_33_67,mid,full,83,max_hold_minus_1,15888,-0.0022748659903062754,0.018413577618839355,-0.03836547812323141,,,,,,,23159.0
sleeve_curve,long_mr_full6,short,ATR_high_67_100,high,full,83,max_hold_minus_1,17804,-0.0058973624551718505,0.01942110000659293,-0.04396271846809399,,,,,,,23159.0
sleeve_curve,long_mr_full6,short,ATR_low_mid_0_67,low_mid_0_67,full,83,max_hold_minus_1,36593,0.005619611355814349,0.014681214631914926,-0.023155569322738906,,,,,,,23159.0
sleeve_curve,long_mr_full6,short,ATR_low_mid_minus_high,low_mid_minus_high,full,83,max_hold_minus_1,54397,0.0115169738109862,0.024345783793799636,-0.03620076242486109,,,,,,,23159.0
sleeve_curve,long_mr_full6,short,ATR_low_0_33,low,h1,22,corrected_median_minus_1,10452,0.007978824324756753,0.019594988412510454,-0.030427352963763733,,,,,,,23159.0
sleeve_curve,long_mr_full6,short,ATR_mid_33_67,mid,h1,22,corrected_median_minus_1,7890,0.014910926620845826,0.020551714012598532,-0.025370432843847296,,,,,,,23159.0
sleeve_curve,long_mr_full6,short,ATR_high_67_100,high,h1,22,corrected_median_minus_1,8856,-0.005081677406181274,0.021930158754802056,-0.048064788565593305,,,,,,,23159.0
sleeve_curve,long_mr_full6,short,ATR_low_mid_0_67,low_mid_0_67,h1,22,corrected_median_minus_1,18342,0.010960739443944564,0.01417735490152891,-0.016826876163052097,,,,,,,23159.0
sleeve_curve,long_mr_full6,short,ATR_low_mid_minus_high,low_mid_minus_high,h1,22,corrected_median_minus_1,27198,0.016042416850125838,0.026113775196526585,-0.03514058253506627,,,,,,,23159.0
sleeve_curve,long_mr_full6,short,ATR_low_0_33,low,h1,31,mean_minus_1,10452,0.007978824324756753,0.02145783693853447,-0.03407853607477081,,,,,,,23159.0
sleeve_curve,long_mr_full6,short,ATR_mid_33_67,mid,h1,31,mean_minus_1,7890,0.014910926620845826,0.021864669916376166,-0.027943826415251463,,,,,,,23159.0
sleeve_curve,long_mr_full6,short,ATR_high_67_100,high,h1,31,mean_minus_1,8856,-0.005081677406181274,0.023794287279103404,-0.05171848047322395,,,,,,,23159.0
sleeve_curve,long_mr_full6,short,ATR_low_mid_0_67,low_mid_0_67,h1,31,mean_minus_1,18342,0.010960739443944564,0.015514396853576563,-0.0194474783890655,,,,,,,23159.0
sleeve_curve,long_mr_full6,short,ATR_low_mid_minus_high,low_mid_minus_high,h1,31,mean_minus_1,27198,0.016042416850125838,0.02840536246645637,-0.03963209358412864,,,,,,,23159.0
sleeve_curve,long_mr_full6,short,ATR_low_0_33,low,h1,83,max_hold_minus_1,10452,0.007978824324756753,0.026937240594144832,-0.044818167239767115,,,,,,,23159.0
sleeve_curve,long_mr_full6,short,ATR_mid_33_67,mid,h1,83,max_hold_minus_1,7890,0.014910926620845826,0.025174088583147285,-0.034430287002122854,,,,,,,23159.0
sleeve_curve,long_mr_full6,short,ATR_high_67_100,high,h1,83,max_hold_minus_1,8856,-0.005081677406181274,0.027838138694103468,-0.059644429246624074,,,,,,,23159.0
sleeve_curve,long_mr_full6,short,ATR_low_mid_0_67,low_mid_0_67,h1,83,max_hold_minus_1,18342,0.010960739443944564,0.019760356828980245,-0.02776955994085671,,,,,,,23159.0
sleeve_curve,long_mr_full6,short,ATR_low_mid_minus_high,low_mid_minus_high,h1,83,max_hold_minus_1,27198,0.016042416850125838,0.03413844852890604,-0.05086894226653001,,,,,,,23159.0
sleeve_curve,long_mr_full6,short,ATR_low_0_33,low,h2,22,corrected_median_minus_1,10253,0.015447853053247152,0.020994074412089232,-0.025700532794447742,,,,,,,23159.0
sleeve_curve,long_mr_full6,short,ATR_mid_33_67,mid,h2,22,corrected_median_minus_1,7998,-0.019228592384653624,0.022005441226450092,-0.062359257188495804,,,,,,,23159.0
sleeve_curve,long_mr_full6,short,ATR_high_67_100,high,h2,22,corrected_median_minus_1,8948,-0.00670466093459302,0.022241309754601493,-0.050297628053611945,,,,,,,23159.0
sleeve_curve,long_mr_full6,short,ATR_low_mid_0_67,low_mid_0_67,h2,22,corrected_median_minus_1,18251,0.00025185225261537426,0.015354164223836514,-0.029842309626104194,,,,,,,23159.0
sleeve_curve,long_mr_full6,short,ATR_low_mid_minus_high,low_mid_minus_high,h2,22,corrected_median_minus_1,27199,0.006956513187208394,0.027026398550540776,-0.04601522797185153,,,,,,,23159.0
sleeve_curve,long_mr_full6,short,ATR_low_0_33,low,h2,31,mean_minus_1,10253,0.015447853053247152,0.02308485838380966,-0.029798469379019782,,,,,,,23159.0
sleeve_curve,long_mr_full6,short,ATR_mid_33_67,mid,h2,31,mean_minus_1,7998,-0.019228592384653624,0.02343281089634719,-0.0651569017414941,,,,,,,23159.0
sleeve_curve,long_mr_full6,short,ATR_high_67_100,high,h2,31,mean_minus_1,8948,-0.00670466093459302,0.023938593224752433,-0.05362430365510779,,,,,,,23159.0
sleeve_curve,long_mr_full6,short,ATR_low_mid_0_67,low_mid_0_67,h2,31,mean_minus_1,18251,0.00025185225261537426,0.01695575101638543,-0.03298141973950006,,,,,,,23159.0
sleeve_curve,long_mr_full6,short,ATR_low_mid_minus_high,low_mid_minus_high,h2,31,mean_minus_1,27199,0.006956513187208394,0.029335196234384023,-0.05054047143218429,,,,,,,23159.0
sleeve_curve,long_mr_full6,short,ATR_low_0_33,low,h2,83,max_hold_minus_1,10253,0.015447853053247152,0.028951645106122432,-0.04129737135475281,,,,,,,23159.0
sleeve_curve,long_mr_full6,short,ATR_mid_33_67,mid,h2,83,max_hold_minus_1,7998,-0.019228592384653624,0.026760617113555867,-0.07167940192722312,,,,,,,23159.0
sleeve_curve,long_mr_full6,short,ATR_high_67_100,high,h2,83,max_hold_minus_1,8948,-0.00670466093459302,0.027101455983988717,-0.059823514663210904,,,,,,,23159.0
sleeve_curve,long_mr_full6,short,ATR_low_mid_0_67,low_mid_0_67,h2,83,max_hold_minus_1,18251,0.00025185225261537426,0.021721318732609293,-0.042321932463298836,,,,,,,23159.0
sleeve_curve,long_mr_full6,short,ATR_low_mid_minus_high,low_mid_minus_high,h2,83,max_hold_minus_1,27199,0.006956513187208394,0.034731896060187686,-0.061118003090759467,,,,,,,23159.0
realized_hold_summary,POOLED,all,realized_hold,realized_hold,full,,,151708,32.15645845967253,,,23.0,32.15645845967253,6.0,11.0,47.0,84.0,
realized_hold_summary,POOLED,long,realized_hold,realized_hold,full,,,74152,32.30216312439314,,,23.0,32.30216312439314,5.0,11.0,48.0,84.0,
realized_hold_summary,POOLED,short,realized_hold,realized_hold,full,,,77556,32.01714889886018,,,23.0,32.01714889886018,6.0,11.0,47.0,84.0,
realized_hold_summary,bb,long,realized_hold,realized_hold,full,,,5408,31.73909023668639,,,23.0,31.73909023668639,5.0,11.0,47.0,84.0,
realized_hold_summary,bb,short,realized_hold,realized_hold,full,,,5474,31.61746437705517,,,24.0,31.61746437705517,6.0,11.0,46.0,83.0,
realized_hold_summary,rsi,long,realized_hold,realized_hold,full,,,11576,32.03757774706289,,,23.0,32.03757774706289,5.0,11.0,48.0,84.0,
realized_hold_summary,rsi,short,realized_hold,realized_hold,full,,,12149,31.584904107333937,,,23.0,31.584904107333937,6.0,11.0,46.0,84.0,
realized_hold_summary,cci,long,realized_hold,realized_hold,full,,,19263,32.526864974303066,,,23.0,32.526864974303066,6.0,11.0,48.0,84.0,
realized_hold_summary,cci,short,realized_hold,realized_hold,full,,,19858,32.32294289455132,,,23.0,32.32294289455132,6.0,11.0,48.0,84.0,
realized_hold_summary,sma,long,realized_hold,realized_hold,full,,,4398,32.256707594361075,,,24.0,32.256707594361075,5.7000000000000455,11.0,48.0,84.0,
realized_hold_summary,sma,short,realized_hold,realized_hold,full,,,4551,32.07734563832125,,,23.0,32.07734563832125,6.0,12.0,47.0,84.0,
realized_hold_summary,ema,long,realized_hold,realized_hold,full,,,5424,30.922566371681416,,,22.0,30.922566371681416,5.0,10.0,46.0,84.0,
realized_hold_summary,ema,short,realized_hold,realized_hold,full,,,5613,30.986460003563156,,,23.0,30.986460003563156,5.0,11.0,45.0,80.0,
realized_hold_summary,stoch,long,realized_hold,realized_hold,full,,,28083,32.639105508670724,,,23.0,32.639105508670724,6.0,11.0,48.0,84.0,
realized_hold_summary,stoch,short,realized_hold,realized_hold,full,,,29911,32.24709972919662,,,24.0,32.24709972919662,6.0,11.0,47.0,84.0,
