row_type,sample,formulation,sleeve,direction,metric,regime_bucket,regime,L,n,mean_R,NW_SE,NW_CI_low,cluster_SE,cluster_CI_low,cluster_CI_high,baseline_n,sleeve_n,excess_mean_R,excess_NW_SE,excess_NW_CI_low,excess_cluster_SE,excess_cluster_CI_low,note
curve,all_bars_long,atr_percentile,all_bars_long,long,bucket_mean,ATR_low_0_33,low,22,106721,0.01706792206892488,0.010593091003429483,-0.003694536297796907,,,,,,,,,,,
curve,all_bars_long,atr_percentile,all_bars_long,long,bucket_mean,ATR_mid_33_67,mid,22,78304,0.017674722658664935,0.01092571317032956,-0.0037396751551810013,,,,,,,,,,,
curve,all_bars_long,atr_percentile,all_bars_long,long,bucket_mean,ATR_high_67_100,high,22,85356,0.008244004162340746,0.010661733183457752,-0.012652992877236447,,,,,,,,,,,
curve,all_bars_long,atr_percentile,all_bars_long,long,low_mid_mean,low_mid_mean,low_mid_mean,22,185025,0.017324724735478077,0.008261682444340718,0.0011318271445702709,,,,,,,,,,,
curve,all_bars_long,atr_percentile,all_bars_long,long,low_mid_minus_high,low_mid_minus_high,low_mid_minus_high,22,270381,0.009080720573137331,0.013488066995917977,-0.0173558907388619,0.004844343122711072,-0.0004141919473763696,0.018575633093651032,,,,,,,,
curve,deduped_sleeve,atr_percentile,long_mr_strong4,long,bucket_mean,ATR_low_0_33,low,22,13850,0.056972523407805224,0.016303031055365715,0.025018582539288424,,,,,,,,,,,
curve,deduped_sleeve,atr_percentile,long_mr_strong4,long,bucket_mean,ATR_mid_33_67,mid,22,11823,0.04467139083085121,0.017398151747884456,0.010571013404997678,,,,,,,,,,,
curve,deduped_sleeve,atr_percentile,long_mr_strong4,long,bucket_mean,ATR_high_67_100,high,22,14480,-0.011076104400314174,0.016908371293229373,-0.044216512135043747,,,,,,,,,,,
curve,deduped_sleeve,atr_percentile,long_mr_strong4,long,low_mid_mean,low_mid_mean,low_mid_mean,22,25673,0.05130757227403327,0.012197810743768875,0.027399863216246278,,,,,,,,,,,
curve,deduped_sleeve,atr_percentile,long_mr_strong4,long,low_mid_minus_high,low_mid_minus_high,low_mid_minus_high,22,40153,0.062383676674347445,0.020848971359050464,0.02151969281060854,0.011929338375677537,0.03900217345801947,0.08576517989067542,,,,,,,,
excess,sleeve_minus_all_bars_long,atr_percentile,long_mr_strong4,long,low_mid_minus_high,low_mid_minus_high,low_mid_minus_high,22,40153,0.062383676674347445,0.020848971359050464,0.02151969281060854,,,,270381.0,40153.0,0.053302956101210115,0.024831583880551764,0.004633051695328655,0.010833739555853332,0.03206882657173758,positive excess means sleeve is above unconditional all-bars long baseline
excess,sleeve_minus_all_bars_long,atr_percentile,long_mr_strong4,long,low_mid_mean,low_mid_mean,low_mid_mean,22,25673,0.05130757227403327,0.012197810743768875,0.027399863216246278,,,,185025.0,25673.0,0.0339828475385552,0.014732344815131467,0.005107451700897523,0.006597143736442303,0.021052445815128284,positive excess means sleeve is above unconditional all-bars long baseline
curve,deduped_sleeve,atr_percentile,long_mr_strong4,short,bucket_mean,ATR_low_0_33,low,22,15859,0.017566234853416355,0.016179065955218907,-0.014144734418812702,,,,,,,,,,,
curve,deduped_sleeve,atr_percentile,long_mr_strong4,short,bucket_mean,ATR_mid_33_67,mid,22,12248,-0.0033581860614579017,0.01649841473682004,-0.035695078945625174,,,,,,,,,,,
curve,deduped_sleeve,atr_percentile,long_mr_strong4,short,bucket_mean,ATR_high_67_100,high,22,14070,-0.009631349990337866,0.01718223167284993,-0.04330852406912373,,,,,,,,,,,
curve,deduped_sleeve,atr_percentile,long_mr_strong4,short,low_mid_mean,low_mid_mean,low_mid_mean,22,28107,0.008448139454925592,0.011786060962169484,-0.014652540030926595,,,,,,,,,,,
curve,deduped_sleeve,atr_percentile,long_mr_strong4,short,low_mid_minus_high,low_mid_minus_high,low_mid_minus_high,22,42177,0.01807948944526346,0.02083603412992652,-0.02275913744939252,0.0116434992443627,-0.0047417690736874345,0.04090074796421435,,,,,,,,
curve,deduped_sleeve,atr_percentile,long_mr_full6,long,bucket_mean,ATR_low_0_33,low,22,18474,0.054289885549222754,0.014519869945538928,0.025830940455966456,,,,,,,,,,,
curve,deduped_sleeve,atr_percentile,long_mr_full6,long,bucket_mean,ATR_mid_33_67,mid,22,15251,0.04923059533871574,0.01583175031106183,0.018200364729034548,,,,,,,,,,,
curve,deduped_sleeve,atr_percentile,long_mr_full6,long,bucket_mean,ATR_high_67_100,high,22,18246,-0.0005016078028301918,0.015216738417141452,-0.03032641510042744,,,,,,,,,,,
curve,deduped_sleeve,atr_percentile,long_mr_full6,long,low_mid_mean,low_mid_mean,low_mid_mean,22,33725,0.05200199125714143,0.010822172847990526,0.03079053247508,,,,,,,,,,,
curve,deduped_sleeve,atr_percentile,long_mr_full6,long,low_mid_minus_high,low_mid_minus_high,low_mid_minus_high,22,51971,0.05250359905997162,0.0186726686150505,0.01590516857447264,0.010566080444119042,0.0317940813894983,0.07321311673044495,,,,,,,,
excess,sleeve_minus_all_bars_long,atr_percentile,long_mr_full6,long,low_mid_minus_high,low_mid_minus_high,low_mid_minus_high,22,51971,0.05250359905997162,0.0186726686150505,0.01590516857447264,,,,270381.0,51971.0,0.04342287848683429,0.023034680473014244,-0.0017250952402736233,0.00933130597080746,0.02513351878405167,positive excess means sleeve is above unconditional all-bars long baseline
excess,sleeve_minus_all_bars_long,atr_percentile,long_mr_full6,long,low_mid_mean,low_mid_mean,low_mid_mean,22,33725,0.05200199125714143,0.010822172847990526,0.03079053247508,,,,185025.0,33725.0,0.03467726652166335,0.013615242266038127,0.00799139168022862,0.005617633614854337,0.02366670463654885,positive excess means sleeve is above unconditional all-bars long baseline
curve,deduped_sleeve,atr_percentile,long_mr_full6,short,bucket_mean,ATR_low_0_33,low,22,20705,0.01167744550578607,0.014351520638227356,-0.016451534945139547,,,,,,,,,,,
curve,deduped_sleeve,atr_percentile,long_mr_full6,short,bucket_mean,ATR_mid_33_67,mid,22,15888,-0.0022748659903062754,0.015075636352521207,-0.03182311324124784,,,,,,,,,,,
curve,deduped_sleeve,atr_percentile,long_mr_full6,short,bucket_mean,ATR_high_67_100,high,22,17804,-0.0058973624551718505,0.015618873258341832,-0.03651035404152184,,,,,,,,,,,
curve,deduped_sleeve,atr_percentile,long_mr_full6,short,low_mid_mean,low_mid_mean,low_mid_mean,22,36593,0.005619611355814349,0.010448599209736079,-0.014859643095268365,,,,,,,,,,,
curve,deduped_sleeve,atr_percentile,long_mr_full6,short,low_mid_minus_high,low_mid_minus_high,low_mid_minus_high,22,54397,0.0115169738109862,0.018791552019613574,-0.0253144681474564,0.010330635746305437,-0.008731072251772455,0.03176501987374485,,,,,,,,
curve,all_bars_long,absolute_atr,all_bars_long,long,bucket_mean,ATR_low_0_33,low,22,90131,-0.0004885461729356197,0.012019046530718808,-0.024045877373144484,,,,,,,,,,,
curve,all_bars_long,absolute_atr,all_bars_long,long,bucket_mean,ATR_mid_33_67,mid,22,90123,0.01747852117075958,0.01125194673112466,-0.004575294422244754,,,,,,,,,,,
curve,all_bars_long,absolute_atr,all_bars_long,long,bucket_mean,ATR_high_67_100,high,22,90127,0.02638497681164449,0.010530374825450904,0.005745442153760716,,,,,,,,,,,
curve,all_bars_long,absolute_atr,all_bars_long,long,low_mid_mean,low_mid_mean,low_mid_mean,22,180254,0.008494588793366613,0.008566877669899782,-0.008296491439636958,,,,,,,,,,,
curve,all_bars_long,absolute_atr,all_bars_long,long,low_mid_minus_high,low_mid_minus_high,low_mid_minus_high,22,270381,-0.017890388018277876,0.013574983866491985,-0.04449735639660217,0.004704114527597761,-0.027110452492369486,-0.008670323544186264,,,,,,,,
curve,deduped_sleeve,absolute_atr,long_mr_strong4,long,bucket_mean,ATR_low_0_33,low,22,12798,0.01732273961202868,0.018404911204740713,-0.01875088634926312,,,,,,,,,,,
curve,deduped_sleeve,absolute_atr,long_mr_strong4,long,bucket_mean,ATR_mid_33_67,mid,22,13365,0.023596203224276264,0.017793932249545858,-0.011279903984833615,,,,,,,,,,,
curve,deduped_sleeve,absolute_atr,long_mr_strong4,long,bucket_mean,ATR_high_67_100,high,22,13990,0.044301474884025124,0.016526688285668476,0.01190916584411491,,,,,,,,,,,
curve,deduped_sleeve,absolute_atr,long_mr_strong4,long,low_mid_mean,low_mid_mean,low_mid_mean,22,26163,0.020527450126025127,0.012662620702776442,-0.004291286451416701,,,,,,,,,,,
curve,deduped_sleeve,absolute_atr,long_mr_strong4,long,low_mid_minus_high,low_mid_minus_high,low_mid_minus_high,22,40153,-0.023774024757999997,0.020820023745280268,-0.06458127129874933,0.011916937451466181,-0.047131222162873715,-0.00041682735312628325,,,,,,,,
excess,sleeve_minus_all_bars_long,absolute_atr,long_mr_strong4,long,low_mid_minus_high,low_mid_minus_high,low_mid_minus_high,22,40153,-0.023774024757999997,0.020820023745280268,-0.06458127129874933,,,,270381.0,40153.0,-0.0058836367397221215,0.024854648976188578,-0.05459874873305173,0.010912450641790375,-0.027272039997631257,positive excess means sleeve is above unconditional all-bars long baseline
excess,sleeve_minus_all_bars_long,absolute_atr,long_mr_strong4,long,low_mid_mean,low_mid_mean,low_mid_mean,22,26163,0.020527450126025127,0.012662620702776442,-0.004291286451416701,,,,180254.0,26163.0,0.012032861332658514,0.01528834052712753,-0.017932286100511445,0.00658570993890254,-0.0008751301475904642,positive excess means sleeve is above unconditional all-bars long baseline
curve,deduped_sleeve,absolute_atr,long_mr_strong4,short,bucket_mean,ATR_low_0_33,low,22,13780,0.0024109176486383443,0.017937296162724808,-0.03274618283030228,,,,,,,,,,,
curve,deduped_sleeve,absolute_atr,long_mr_strong4,short,bucket_mean,ATR_mid_33_67,mid,22,14039,-0.0029113913569703853,0.017141514485597496,-0.03650875974874147,,,,,,,,,,,
curve,deduped_sleeve,absolute_atr,long_mr_strong4,short,bucket_mean,ATR_high_67_100,high,22,14358,0.007632632633919124,0.016344502300191764,-0.02440259187445673,,,,,,,,,,,
curve,deduped_sleeve,absolute_atr,long_mr_strong4,short,low_mid_mean,low_mid_mean,low_mid_mean,22,27819,-0.0002750126914077037,0.01212022647426428,-0.024030656580965693,,,,,,,,,,,
curve,deduped_sleeve,absolute_atr,long_mr_strong4,short,low_mid_minus_high,low_mid_minus_high,low_mid_minus_high,22,42177,-0.007907645325326828,0.020348037871707202,-0.04778979955387294,0.011549498466361836,-0.030544662319396024,0.01472937166874237,,,,,,,,
curve,deduped_sleeve,absolute_atr,long_mr_full6,long,bucket_mean,ATR_low_0_33,low,22,16693,0.016794679543375917,0.016246088889843215,-0.015047654680716786,,,,,,,,,,,
curve,deduped_sleeve,absolute_atr,long_mr_full6,long,bucket_mean,ATR_mid_33_67,mid,22,17260,0.03159247243062819,0.01597435518191881,0.0002827362740673231,,,,,,,,,,,
curve,deduped_sleeve,absolute_atr,long_mr_full6,long,bucket_mean,ATR_high_67_100,high,22,18018,0.05100317235022968,0.015063251332274721,0.021479199738971225,,,,,,,,,,,
curve,deduped_sleeve,absolute_atr,long_mr_full6,long,low_mid_mean,low_mid_mean,low_mid_mean,22,33953,0.02431713426708146,0.011104896646366167,0.0025515368402037712,,,,,,,,,,,
curve,deduped_sleeve,absolute_atr,long_mr_full6,long,low_mid_minus_high,low_mid_minus_high,low_mid_minus_high,22,51971,-0.02668603808314822,0.01871417297733861,-0.0633658171187319,0.010539184490798355,-0.04734283968511299,-0.006029236481183444,,,,,,,,
excess,sleeve_minus_all_bars_long,absolute_atr,long_mr_full6,long,low_mid_minus_high,low_mid_minus_high,low_mid_minus_high,22,51971,-0.02668603808314822,0.01871417297733861,-0.0633658171187319,,,,270381.0,51971.0,-0.008795650064870344,0.023119265931280525,-0.05410941129018017,0.00935307597071788,-0.02712767896747739,positive excess means sleeve is above unconditional all-bars long baseline
excess,sleeve_minus_all_bars_long,absolute_atr,long_mr_full6,long,low_mid_mean,low_mid_mean,low_mid_mean,22,33953,0.02431713426708146,0.011104896646366167,0.0025515368402037712,,,,180254.0,33953.0,0.015822545473714845,0.01402533858905025,-0.011667118160823643,0.005617858002438303,0.004811543788935772,positive excess means sleeve is above unconditional all-bars long baseline
curve,deduped_sleeve,absolute_atr,long_mr_full6,short,bucket_mean,ATR_low_0_33,low,22,17821,0.0036527885782715913,0.016032157157060578,-0.02777023944956714,,,,,,,,,,,
curve,deduped_sleeve,absolute_atr,long_mr_full6,short,bucket_mean,ATR_mid_33_67,mid,22,18143,-0.0007902575457093542,0.015501708554009735,-0.031173606311568437,,,,,,,,,,,
curve,deduped_sleeve,absolute_atr,long_mr_full6,short,bucket_mean,ATR_high_67_100,high,22,18433,0.0027061842667966,0.015026640424652472,-0.026746030965522246,,,,,,,,,,,
curve,deduped_sleeve,absolute_atr,long_mr_full6,short,low_mid_mean,low_mid_mean,low_mid_mean,22,35964,0.0014113753364913006,0.010734009432913978,-0.019627283152020097,,,,,,,,,,,
curve,deduped_sleeve,absolute_atr,long_mr_full6,short,low_mid_minus_high,low_mid_minus_high,low_mid_minus_high,22,54397,-0.0012948089303052993,0.018466696536134614,-0.03748953414112914,0.010198146572613677,-0.021283176212628107,0.018693558352017508,,,,,,,,
curve,all_bars_long,atr_over_price,all_bars_long,long,bucket_mean,ATR_low_0_33,low,22,90131,-0.016213568454684652,0.011981062290157314,-0.03969645054339299,,,,,,,,,,,
curve,all_bars_long,atr_over_price,all_bars_long,long,bucket_mean,ATR_mid_33_67,mid,22,90123,0.030634753710019978,0.011219923298920192,0.008643704044136401,,,,,,,,,,,
curve,all_bars_long,atr_over_price,all_bars_long,long,bucket_mean,ATR_high_67_100,high,22,90127,0.028955048356692673,0.010394470301191982,0.00858188656635639,,,,,,,,,,,
curve,all_bars_long,atr_over_price,all_bars_long,long,low_mid_mean,low_mid_mean,low_mid_mean,22,180254,0.007209553020842526,0.0085943928679398,-0.00963545700031948,,,,,,,,,,,
curve,all_bars_long,atr_over_price,all_bars_long,long,low_mid_minus_high,low_mid_minus_high,low_mid_minus_high,22,270381,-0.021745495335850146,0.013487349688165447,-0.04818070072465443,0.0047062053201243825,-0.030969657763293936,-0.012521332908406357,,,,,,,,
curve,deduped_sleeve,atr_over_price,long_mr_strong4,long,bucket_mean,ATR_low_0_33,low,22,12243,-0.005257752656946403,0.01838890924111017,-0.04130001476952233,,,,,,,,,,,
curve,deduped_sleeve,atr_over_price,long_mr_strong4,long,bucket_mean,ATR_mid_33_67,mid,22,13380,0.03528091385943903,0.017452427299328464,0.0010741563527552414,,,,,,,,,,,
curve,deduped_sleeve,atr_over_price,long_mr_strong4,long,bucket_mean,ATR_high_67_100,high,22,14530,0.05155879900993856,0.016294124960580865,0.01962231408720006,,,,,,,,,,,
curve,deduped_sleeve,atr_over_price,long_mr_strong4,long,low_mid_mean,low_mid_mean,low_mid_mean,22,25623,0.015911015948963807,0.012719861731443679,-0.009019913044665803,,,,,,,,,,,
curve,deduped_sleeve,atr_over_price,long_mr_strong4,long,low_mid_minus_high,low_mid_minus_high,low_mid_minus_high,22,40153,-0.035647783060974755,0.02067107618625769,-0.07616309238603983,0.012098534051249055,-0.059360909801422904,-0.011934656320526607,,,,,,,,
excess,sleeve_minus_all_bars_long,atr_over_price,long_mr_strong4,long,low_mid_minus_high,low_mid_minus_high,low_mid_minus_high,22,40153,-0.035647783060974755,0.02067107618625769,-0.07616309238603983,,,,270381.0,40153.0,-0.013902287725124609,0.02468201758991607,-0.0622790422013601,0.011061210811970942,-0.03558226091658766,positive excess means sleeve is above unconditional all-bars long baseline
excess,sleeve_minus_all_bars_long,atr_over_price,long_mr_strong4,long,low_mid_mean,low_mid_mean,low_mid_mean,22,25623,0.015911015948963807,0.012719861731443679,-0.009019913044665803,,,,180254.0,25623.0,0.008701462928121281,0.015351171656767436,-0.021386833519142893,0.00666260956901328,-0.004357251827144748,positive excess means sleeve is above unconditional all-bars long baseline
curve,deduped_sleeve,atr_over_price,long_mr_strong4,short,bucket_mean,ATR_low_0_33,low,22,14217,0.02824506480186746,0.017153236642638296,-0.005375279017703599,,,,,,,,,,,
curve,deduped_sleeve,atr_over_price,long_mr_strong4,short,bucket_mean,ATR_mid_33_67,mid,22,14089,-0.02856708796991792,0.01689606281381851,-0.0616833710850022,,,,,,,,,,,
curve,deduped_sleeve,atr_over_price,long_mr_strong4,short,bucket_mean,ATR_high_67_100,high,22,13871,0.007415498335777072,0.0163531691198692,-0.024636713139166558,,,,,,,,,,,
curve,deduped_sleeve,atr_over_price,long_mr_strong4,short,low_mid_mean,low_mid_mean,low_mid_mean,22,28306,-3.2559037660714436e-05,0.011976473874506477,-0.02350644783169341,,,,,,,,,,,
curve,deduped_sleeve,atr_over_price,long_mr_strong4,short,low_mid_minus_high,low_mid_minus_high,low_mid_minus_high,22,42177,-0.007448057373437787,0.020269732774010115,-0.047176733610497616,0.011777729930622734,-0.030532408037458346,0.01563629329058277,,,,,,,,
curve,deduped_sleeve,atr_over_price,long_mr_full6,long,bucket_mean,ATR_low_0_33,low,22,16018,-0.003240510640978637,0.016153783178545263,-0.034901925670927356,,,,,,,,,,,
curve,deduped_sleeve,atr_over_price,long_mr_full6,long,bucket_mean,ATR_mid_33_67,mid,22,17321,0.04162715207200303,0.015581870146516475,0.011086686584830738,,,,,,,,,,,
curve,deduped_sleeve,atr_over_price,long_mr_full6,long,bucket_mean,ATR_high_67_100,high,22,18632,0.057723133189388494,0.014742648058554391,0.02882754299462189,,,,,,,,,,,
curve,deduped_sleeve,atr_over_price,long_mr_full6,long,low_mid_mean,low_mid_mean,low_mid_mean,22,33339,0.020070110129037123,0.011129487274737183,-0.0017436849294477537,,,,,,,,,,,
curve,deduped_sleeve,atr_over_price,long_mr_full6,long,low_mid_minus_high,low_mid_minus_high,low_mid_minus_high,22,51971,-0.03765302306035137,0.018471901872220264,-0.07385795072990309,0.010694014561091997,-0.05861329160009168,-0.016692754520611055,,,,,,,,
excess,sleeve_minus_all_bars_long,atr_over_price,long_mr_full6,long,low_mid_minus_high,low_mid_minus_high,low_mid_minus_high,22,51971,-0.03765302306035137,0.018471901872220264,-0.07385795072990309,,,,270381.0,51971.0,-0.015907527724501224,0.02287181148024334,-0.060736278225778165,0.009503594910910882,-0.034534573749886555,positive excess means sleeve is above unconditional all-bars long baseline
excess,sleeve_minus_all_bars_long,atr_over_price,long_mr_full6,long,low_mid_mean,low_mid_mean,low_mid_mean,22,33339,0.020070110129037123,0.011129487274737183,-0.0017436849294477537,,,,180254.0,33339.0,0.012860557108194597,0.014061617110668011,-0.014700212428714703,0.005689428568292648,0.0017092771143410075,positive excess means sleeve is above unconditional all-bars long baseline
curve,deduped_sleeve,atr_over_price,long_mr_full6,short,bucket_mean,ATR_low_0_33,low,22,18375,0.0251277316349184,0.015345317852304214,-0.004949091355597859,,,,,,,,,,,
curve,deduped_sleeve,atr_over_price,long_mr_full6,short,bucket_mean,ATR_mid_33_67,mid,22,18208,-0.023757023881963785,0.015238380215201554,-0.053624249103758834,,,,,,,,,,,
curve,deduped_sleeve,atr_over_price,long_mr_full6,short,bucket_mean,ATR_high_67_100,high,22,17814,0.004013002090636904,0.014871346077248762,-0.025134836220770666,,,,,,,,,,,
curve,deduped_sleeve,atr_over_price,long_mr_full6,short,low_mid_mean,low_mid_mean,low_mid_mean,22,36583,0.0007969323988964514,0.01062777755996531,-0.020033511618635556,,,,,,,,,,,
curve,deduped_sleeve,atr_over_price,long_mr_full6,short,low_mid_minus_high,low_mid_minus_high,low_mid_minus_high,22,54397,-0.0032160696917404525,0.01827858282289424,-0.03904209202461316,0.01038689287010888,-0.023574379717153857,0.017142240333672953,,,,,,,,
curve,dislocation_full6_book_descriptive,atr_percentile,dislocation_full6_book,long,bucket_mean,ATR_low_0_33,low,22,18474,0.054289885549222754,0.017031372960947633,0.020908394545765395,,,,,,,,,,,
curve,dislocation_full6_book_descriptive,atr_percentile,dislocation_full6_book,long,bucket_mean,ATR_mid_33_67,mid,22,15251,0.04923059533871573,0.015214532200545468,0.019410112225646613,,,,,,,,,,,
curve,dislocation_full6_book_descriptive,atr_percentile,dislocation_full6_book,long,bucket_mean,ATR_high_67_100,high,22,18246,-0.0005016078028301933,0.014905309090620865,-0.02971601362044709,,,,,,,,,,,
curve,dislocation_full6_book_descriptive,atr_percentile,dislocation_full6_book,long,low_mid_mean,low_mid_mean,low_mid_mean,22,33725,0.05200199125714143,0.013171684454715038,0.026185489725899957,,,,,,,,,,,
curve,dislocation_full6_book_descriptive,atr_percentile,dislocation_full6_book,long,low_mid_minus_high,low_mid_minus_high,low_mid_minus_high,22,51971,0.05250359905997162,0.01989124205426918,0.013516764633604031,0.010566080444119042,0.0317940813894983,0.07321311673044495,,,,,,,,
book_generalization,dislocation_full6_book_descriptive,atr_percentile,dislocation_full6_book,long,pair_low_mid_gt_high,pair_low_mid_gt_high,pair_low_mid_gt_high,22,51971,12.0,,,,,,,51971.0,,,,,,12/17 comparable pairs low/mid > high
curve,dislocation_full6_book_descriptive,atr_percentile,dislocation_full6_book,short,bucket_mean,ATR_low_0_33,low,22,20705,0.011677445505786076,0.016472347523180258,-0.020608355639647233,,,,,,,,,,,
curve,dislocation_full6_book_descriptive,atr_percentile,dislocation_full6_book,short,bucket_mean,ATR_mid_33_67,mid,22,15888,-0.0022748659903062763,0.015165010222866008,-0.03199828602712365,,,,,,,,,,,
curve,dislocation_full6_book_descriptive,atr_percentile,dislocation_full6_book,short,bucket_mean,ATR_high_67_100,high,22,17804,-0.005897362455171852,0.015098263851284738,-0.03548995960368994,,,,,,,,,,,
curve,dislocation_full6_book_descriptive,atr_percentile,dislocation_full6_book,short,low_mid_mean,low_mid_mean,low_mid_mean,22,36593,0.005619611355814348,0.01288949772748276,-0.01964380419005186,,,,,,,,,,,
curve,dislocation_full6_book_descriptive,atr_percentile,dislocation_full6_book,short,low_mid_minus_high,low_mid_minus_high,low_mid_minus_high,22,54397,0.0115169738109862,0.019851869508683426,-0.02739269042603331,0.010330635746305435,-0.008731072251772451,0.03176501987374485,,,,,,,,
book_generalization,dislocation_full6_book_descriptive,atr_percentile,dislocation_full6_book,short,pair_low_mid_gt_high,pair_low_mid_gt_high,pair_low_mid_gt_high,22,54397,9.0,,,,,,,54397.0,,,,,,9/17 comparable pairs low/mid > high
book_generalization,full_deployed_v2_book,atr_percentile,full_deployed_v2_book,both,limit_cells_status,not_computed,not_computed,22,0,,,,,,,,,,,,,,"research/v2_executable_regate/seed/ledger_tp05.csv exists but has columns ['strategy', 'pair', 'direction', 'entry_mode', 'entry_ts', 'exit_ts', 'r']; no ATR bucket fields, so limit-cell regime gradient not computed"
