instrument,family,cell,timeframe,entry_mode,direction,n,mean_r,nw_lag,nw_se,ci_low,ci_high,baseline_n,baseline_mean_r,excess_r,drag_pct_per_day_to_zero_excess,excess_block_len,excess_boot_se,excess_ci_low,excess_ci_high,split
XCU_USD,mr_under_limit,ema100_dist_-0.5%,H4,limit,1,2632,0.2629611044215766,3,0.029588769407954702,0.2049671163819854,0.3209550924611678,7631,0.21805171635757506,0.04490938806400155,,3,0.03223868828889889,-0.01958794924648545,0.11265431504964785,2016-2021
XCU_USD,mr_under_limit,ema100_dist_-0.5%,H4,limit,1,2952,0.24705132656092688,2,0.02469397643118541,0.19865113275580348,0.29545152036605027,8338,0.22226554936177506,0.024785777199151815,,2,0.023342364687920766,-0.019554812325450196,0.06978447890700828,2021-2026
XCU_USD,mr_under_limit,ema100_dist_-0.5%,H4,market,1,2632,0.029064719897604743,3,0.031166197025612602,-0.032021026272595954,0.09015046606780544,7631,-0.02685620942132832,0.05592092931893306,0.11475885691596809,3,0.034128925697359924,-0.005974187669161733,0.12056027084979393,2016-2021
XCU_USD,mr_under_limit,ema100_dist_-0.5%,H4,market,1,2952,0.029011611523657294,2,0.026044695602503037,-0.022035991857248655,0.08005921490456325,8338,-0.008373467833768947,0.03738507935742624,,2,0.025401115168419572,-0.010878290404075347,0.08845877897616045,2021-2026
XCU_USD,mr_under_limit,ema100_dist_-1.0%,H4,limit,1,2004,0.2536624939215381,2,0.03084803363294423,0.19320034800096741,0.3141246398421088,7631,0.21805171635757506,0.03561077756396305,,2,0.02907482981480263,-0.017076725432661685,0.10242922441413599,2016-2021
XCU_USD,mr_under_limit,ema100_dist_-1.0%,H4,limit,1,2383,0.24755892018801495,1,0.02409461524028172,0.20033347431706278,0.29478436605896713,8338,0.22226554936177506,0.02529337082623989,,1,0.02362633889919025,-0.016500937925989057,0.07426552157916799,2021-2026
XCU_USD,mr_under_limit,ema100_dist_-1.0%,H4,market,1,2004,0.02526636163883008,3,0.03548676394169674,-0.04428769568689552,0.09482041896455567,7631,-0.02685620942132832,0.0521225710601584,0.03410281523548274,3,0.0367852486498584,-0.010386415453578848,0.13192043692677893,2016-2021
XCU_USD,mr_under_limit,ema100_dist_-1.0%,H4,market,1,2383,0.02946520123416679,2,0.02865380044016105,-0.02669624762854887,0.08562665009688245,8338,-0.008373467833768947,0.03783866906793574,,2,0.02953449768947649,-0.020428369704981002,0.08823407077145463,2021-2026
XCU_USD,mr_under_limit,ema100_dist_-2.0%,H4,limit,1,1104,0.26987872108285743,2,0.04033615417623722,0.19081985889743247,0.3489375832682824,7631,0.21805171635757506,0.05182700472528237,,2,0.04010834051158051,-0.02148526403532015,0.13083159762950738,2016-2021
XCU_USD,mr_under_limit,ema100_dist_-2.0%,H4,limit,1,1377,0.24674831860483143,1,0.031208139003995602,0.18558036615700005,0.30791627105266284,8338,0.22226554936177506,0.024482769243056368,,1,0.025556762624276377,-0.01564340296741463,0.07908574566370594,2021-2026
XCU_USD,mr_under_limit,ema100_dist_-2.0%,H4,market,1,1104,0.020028299642469098,2,0.042144465056518816,-0.06257485186830777,0.10263145115324598,7631,-0.02685620942132832,0.04688450906379742,0.05092082597543126,2,0.043029228374266336,-0.03159309105079737,0.13183541203860966,2016-2021
XCU_USD,mr_under_limit,ema100_dist_-2.0%,H4,market,1,1377,0.03481518056067953,1,0.03270239969271108,-0.029281522837034196,0.09891188395839326,8338,-0.008373467833768947,0.04318864839444848,,1,0.028740566959884514,-0.006102569814314891,0.09943946069816212,2021-2026
XCU_USD,mr_under_limit,ema200_dist_-0.5%,H4,limit,1,2712,0.22540999335415085,3,0.029581377484246378,0.16743049348502795,0.2833894932232738,7631,0.21805171635757506,0.007358276996575791,,3,0.03175096996451419,-0.05870598727915101,0.06803592868493233,2016-2021
XCU_USD,mr_under_limit,ema200_dist_-0.5%,H4,limit,1,2991,0.24525601783321982,2,0.024607155332514955,0.19702599338149052,0.2934860422849491,8338,0.22226554936177506,0.022990468471444758,,2,0.024634665154912957,-0.021037825917129684,0.06997652570434941,2021-2026
XCU_USD,mr_under_limit,ema200_dist_-0.5%,H4,market,1,2712,-0.0008430596528333473,3,0.031179883794056756,-0.06195563188918459,0.06026951258351789,7631,-0.02685620942132832,0.026013149768494972,,3,0.032299676690013504,-0.04100254455459875,0.09624653001773195,2016-2021
XCU_USD,mr_under_limit,ema200_dist_-0.5%,H4,market,1,2991,0.03942305164353474,2,0.026061489105449073,-0.01165746700314544,0.09050357029021491,8338,-0.008373467833768947,0.047796519477303685,0.09289361549718836,2,0.027138179662111524,0.002340422313187784,0.10007492886862569,2021-2026
XCU_USD,mr_under_limit,ema200_dist_-1.0%,H4,limit,1,2243,0.2259306089115383,3,0.03216775700249341,0.16288180518665119,0.2889794126364254,7631,0.21805171635757506,0.007878892553963235,,3,0.03597108568580488,-0.06530579929681739,0.07229277429739629,2016-2021
XCU_USD,mr_under_limit,ema200_dist_-1.0%,H4,limit,1,2492,0.25473913447428803,2,0.026636101405438005,0.20253237571962954,0.3069458932289465,8338,0.22226554936177506,0.03247358511251297,,2,0.024654662051397314,-0.013038792716294986,0.08300540634997722,2021-2026
XCU_USD,mr_under_limit,ema200_dist_-1.0%,H4,market,1,2243,-0.00931879184168122,3,0.03392687672843073,-0.07581547022940544,0.057177886546043,7631,-0.02685620942132832,0.0175374175796471,,3,0.037902436054629014,-0.059781504169501044,0.09379140585206289,2016-2021
XCU_USD,mr_under_limit,ema200_dist_-1.0%,H4,market,1,2492,0.04378326577132863,2,0.028326063489824502,-0.011735818668727395,0.09930235021138464,8338,-0.008373467833768947,0.05215673360509757,,2,0.02603095470817932,0.001543635461470372,0.09902680931234789,2021-2026
XCU_USD,mr_under_limit,ema200_dist_-2.0%,H4,limit,1,1530,0.2648798069575814,2,0.03471640933264684,0.1968356446655936,0.3329239692495692,7631,0.21805171635757506,0.04682809060000634,,2,0.03353568182246995,-0.024641847189472845,0.11118366499640911,2016-2021
XCU_USD,mr_under_limit,ema200_dist_-2.0%,H4,limit,1,1736,0.24501557196691423,1,0.028118090862228058,0.18990411387694722,0.30012703005688124,8338,0.22226554936177506,0.02275002260513917,,1,0.024570129909593258,-0.025208296326280348,0.06713714584873984,2021-2026
XCU_USD,mr_under_limit,ema200_dist_-2.0%,H4,market,1,1530,0.029737215283324712,3,0.040329054746710634,-0.04930773202022813,0.10878216258687755,7631,-0.02685620942132832,0.056593424704653034,,3,0.04237231248448262,-0.02664988270005381,0.1338672107874825,2016-2021
XCU_USD,mr_under_limit,ema200_dist_-2.0%,H4,market,1,1736,0.02624347082501535,2,0.03345015769103281,-0.03931883824940895,0.09180577989943965,8338,-0.008373467833768947,0.0346169386587843,,2,0.029981723876053454,-0.021118721690408987,0.09103831443107023,2021-2026
XCU_USD,mr_under_limit,ema20_dist_-0.5%,H4,limit,1,2046,0.2552412295531927,2,0.029920610558530427,0.19659683285847304,0.31388562624791233,7631,0.21805171635757506,0.03718951319561761,0.6251067642834195,2,0.0266708564744595,-0.008544172736722673,0.09739864142346742,2016-2021
XCU_USD,mr_under_limit,ema20_dist_-0.5%,H4,limit,1,2533,0.22672286892911514,1,0.02330620351683555,0.18104271003611747,0.27240302782211284,8338,0.22226554936177506,0.004457319567340079,,1,0.02228591566165118,-0.036239441411184556,0.04660397717306788,2021-2026
XCU_USD,mr_under_limit,ema20_dist_-0.5%,H4,market,1,2046,0.0031881704675794393,3,0.033981029843337195,-0.06341464802536147,0.06979098896052034,7631,-0.02685620942132832,0.030044379888907756,0.01745854246653997,3,0.03558418982106653,-0.03407295881023703,0.10180025833538732,2016-2021
XCU_USD,mr_under_limit,ema20_dist_-0.5%,H4,market,1,2533,-0.01398310129097711,2,0.027198491882389614,-0.06729214538046076,0.039325942798506534,8338,-0.008373467833768947,-0.005609633457208163,,2,0.029801144979500784,-0.06732527538695962,0.053860633113720816,2021-2026
XCU_USD,mr_under_limit,ema20_dist_-1.0%,H4,limit,1,990,0.19891560525953103,2,0.04315492717488365,0.11433194799675908,0.28349926252230295,7631,0.21805171635757506,-0.01913611109804403,,2,0.04016764309127947,-0.07866408459780781,0.06100954519028497,2016-2021
XCU_USD,mr_under_limit,ema20_dist_-1.0%,H4,limit,1,1478,0.26148901725933205,1,0.029948270821070374,0.2027904064500341,0.32018762806863,8338,0.22226554936177506,0.039223467897556985,,1,0.027582453778086304,-0.008695117565640887,0.0876219512843993,2021-2026
XCU_USD,mr_under_limit,ema20_dist_-1.0%,H4,market,1,990,-0.031238249410183473,2,0.0433388532842317,-0.1161824018472776,0.05370590302691065,7631,-0.02685620942132832,-0.004382039988855155,,2,0.041284669852624856,-0.07060792261799553,0.08756270497713305,2016-2021
XCU_USD,mr_under_limit,ema20_dist_-1.0%,H4,market,1,1478,0.01668103219926899,2,0.03468748553654943,-0.05130643945236789,0.08466850385090587,8338,-0.008373467833768947,0.025054500033037934,,2,0.034583481918859606,-0.050213457201648715,0.088750722041905,2021-2026
XCU_USD,mr_under_limit,ema20_dist_-2.0%,H4,limit,1,208,0.16505926792143838,1,0.07695062140119135,0.014236049975103332,0.31588248586777345,7631,0.21805171635757506,-0.05299244843613668,,1,0.07037678141683183,-0.18383199277422005,0.08665830706625387,2016-2021
XCU_USD,mr_under_limit,ema20_dist_-2.0%,H4,limit,1,453,0.19929043089407442,1,0.052340701525000116,0.0967026559050742,0.3018782058830746,8338,0.22226554936177506,-0.022975118467700645,,1,0.04619511879193082,-0.10963482832357872,0.06682296379061903,2021-2026
XCU_USD,mr_under_limit,ema20_dist_-2.0%,H4,market,1,208,-0.0751610725560575,2,0.08654436684244458,-0.24478803156724888,0.09446588645513387,7631,-0.02685620942132832,-0.04830486313472918,,2,0.08120292767479173,-0.2025706300700113,0.1057343099009481,2016-2021
XCU_USD,mr_under_limit,ema20_dist_-2.0%,H4,market,1,453,-0.0434097819381276,1,0.05468766554124233,-0.15059760639896258,0.06377804252270737,8338,-0.008373467833768947,-0.03503631410435865,,1,0.045508811437313446,-0.11947253144390833,0.049658403105121034,2021-2026
XCU_USD,mr_under_limit,ema50_dist_-0.5%,H4,limit,1,2480,0.2681336577187132,2,0.027385347540637067,0.21445837653906458,0.3218089388983619,7631,0.21805171635757506,0.050081941361138166,,2,0.030434047182522937,-0.008866816162820645,0.10201561736730458,2016-2021
XCU_USD,mr_under_limit,ema50_dist_-0.5%,H4,limit,1,2916,0.2366617304750152,1,0.021587598962529573,0.19435003650845725,0.2789734244415732,8338,0.22226554936177506,0.014396181113240147,,1,0.020941696110156418,-0.026835759780570487,0.050409814422692954,2021-2026
XCU_USD,mr_under_limit,ema50_dist_-0.5%,H4,market,1,2480,0.0231185655099003,3,0.031565938354007284,-0.038750673663953975,0.08498780468375458,7631,-0.02685620942132832,0.04997477493122862,0.036888915328299264,3,0.03220811496297769,-0.008513427963065893,0.1160835260210601,2016-2021
XCU_USD,mr_under_limit,ema50_dist_-0.5%,H4,market,1,2916,0.009754918398484714,2,0.025675361679367625,-0.04056879049307583,0.060078627290045254,8338,-0.008373467833768947,0.01812838623225366,,2,0.024991520027990318,-0.031365436497789036,0.07288361404588899,2021-2026
XCU_USD,mr_under_limit,ema50_dist_-1.0%,H4,limit,1,1644,0.26101154642805413,2,0.033655987985685414,0.1950458099761107,0.32697728287999756,7631,0.21805171635757506,0.04295983007047907,,2,0.032950453613615954,-0.017913592264897204,0.09931021551439716,2016-2021
XCU_USD,mr_under_limit,ema50_dist_-1.0%,H4,limit,1,2079,0.27168591555642607,1,0.025332337242233043,0.22203453456164932,0.32133729655120286,8338,0.22226554936177506,0.04942036619465101,,1,0.0215866426220803,0.0014254465255734107,0.09517574338526098,2021-2026
XCU_USD,mr_under_limit,ema50_dist_-1.0%,H4,market,1,1644,0.027582253571716307,3,0.03827262447033026,-0.047432090390131,0.10259659753356362,7631,-0.02685620942132832,0.054438462993044626,0.039758617206601295,3,0.04115307213264146,-0.024806095545144395,0.12537339137137243,2016-2021
XCU_USD,mr_under_limit,ema50_dist_-1.0%,H4,market,1,2079,0.043809731070565294,2,0.030241828946190975,-0.015464253663969016,0.1030837158050996,8338,-0.008373467833768947,0.05218319890433424,,2,0.03285621663549615,-0.011673157484565672,0.10609053941331077,2021-2026
XCU_USD,mr_under_limit,ema50_dist_-2.0%,H4,limit,1,660,0.2183873814987343,2,0.05314831658993164,0.11421668098246829,0.3225580820150003,7631,0.21805171635757506,0.00033566514115923596,,2,0.04792738212465821,-0.0879921969085221,0.08161487264382489,2016-2021
XCU_USD,mr_under_limit,ema50_dist_-2.0%,H4,limit,1,985,0.23029819090974954,1,0.036181793235069946,0.15938187616901245,0.30121450565048663,8338,0.22226554936177506,0.008032641547974478,,1,0.03188403723523252,-0.05557074351649641,0.065502798113564,2021-2026
XCU_USD,mr_under_limit,ema50_dist_-2.0%,H4,market,1,660,-0.023885859682285352,2,0.05434951152524238,-0.13041090227176041,0.08263918290718972,7631,-0.02685620942132832,0.0029703497390429663,,2,0.048707500181511064,-0.10282565119159941,0.10066042657730562,2016-2021
XCU_USD,mr_under_limit,ema50_dist_-2.0%,H4,market,1,985,0.0030092474629320413,1,0.03811899526901439,-0.07170398326433616,0.07772247819020026,8338,-0.008373467833768947,0.011382715296700988,,1,0.03435768469245819,-0.06943597079073263,0.07505650438260394,2021-2026
XCU_USD,mr_under_limit,sma100_dist_-0.5%,H4,limit,1,2772,0.2494581262851485,3,0.028587815040344765,0.19342600880607275,0.30549024376422423,7631,0.21805171635757506,0.03140640992757343,,3,0.030772030333006253,-0.023183187708695426,0.0951328210493268,2016-2021
XCU_USD,mr_under_limit,sma100_dist_-0.5%,H4,limit,1,3132,0.22080263583306026,2,0.024042965619003386,0.17367842321981364,0.2679268484463069,8338,0.22226554936177506,-0.0014629135287148043,,2,0.023765725213403022,-0.04514829435970213,0.0465951587081791,2021-2026
XCU_USD,mr_under_limit,sma100_dist_-0.5%,H4,market,1,2772,0.007900137535092151,3,0.03013271236758948,-0.051159978705383226,0.06696025377556752,7631,-0.02685620942132832,0.03475634695642047,0.031434267095472174,3,0.03209737480127407,-0.024981304800835397,0.0980801313294585,2016-2021
XCU_USD,mr_under_limit,sma100_dist_-0.5%,H4,market,1,3132,0.009552991951012724,2,0.025325511391085624,-0.040085010375515095,0.05919099427754054,8338,-0.008373467833768947,0.01792645978478167,,2,0.024828980450360572,-0.02568654754139604,0.06926605891192195,2021-2026
XCU_USD,mr_under_limit,sma100_dist_-1.0%,H4,limit,1,2205,0.2743369561556364,2,0.02927343191906121,0.21696102959427643,0.3317128827169964,7631,0.21805171635757506,0.056285239798061354,,2,0.028818533368372524,-0.001704009733258246,0.10748938961914827,2016-2021
XCU_USD,mr_under_limit,sma100_dist_-1.0%,H4,limit,1,2566,0.24120763361391573,1,0.02322206346729786,0.1956923892180119,0.28672287800981955,8338,0.22226554936177506,0.018942084252140667,,1,0.022941740245615957,-0.02558143997147425,0.06408789742594286,2021-2026
XCU_USD,mr_under_limit,sma100_dist_-1.0%,H4,market,1,2205,0.03956154460424954,3,0.03366042542411128,-0.026412889227008574,0.10553597843550766,7631,-0.02685620942132832,0.06641775402557787,0.10056981928875747,3,0.036161574540884735,-0.0011111925577243023,0.13784917947293282,2016-2021
XCU_USD,mr_under_limit,sma100_dist_-1.0%,H4,market,1,2566,0.014513422012343881,2,0.02743737314234552,-0.03926382934665333,0.06829067337134109,8338,-0.008373467833768947,0.022886889846112826,,2,0.029868921045542368,-0.037912664122995245,0.08182196334275178,2021-2026
XCU_USD,mr_under_limit,sma100_dist_-2.0%,H4,limit,1,1310,0.26920519723671404,2,0.03724156080466675,0.1962117380595672,0.3421986564138609,7631,0.21805171635757506,0.051153480879138985,0.01820635900487206,2,0.03725944671501765,-0.010584887413174291,0.12749233720029424,2016-2021
XCU_USD,mr_under_limit,sma100_dist_-2.0%,H4,limit,1,1666,0.2498250804790407,1,0.028304315283228014,0.1943486225239138,0.30530153843416763,8338,0.22226554936177506,0.02755953111726564,,1,0.026991508607303382,-0.022497096129180383,0.0793537570328755,2021-2026
XCU_USD,mr_under_limit,sma100_dist_-2.0%,H4,market,1,1310,0.022024550655835945,3,0.04295439981486262,-0.062166072981294784,0.10621517429296667,7631,-0.02685620942132832,0.04888076007716426,0.009503745676889006,3,0.043662590037917365,-0.034011021633405046,0.13425745868371766,2016-2021
XCU_USD,mr_under_limit,sma100_dist_-2.0%,H4,market,1,1666,0.03866030169140847,2,0.0332288903866257,-0.026468323466377904,0.10378892684919486,8338,-0.008373467833768947,0.04703376952517742,,2,0.03165779112823644,-0.013635973009305268,0.10422238986417791,2021-2026
XCU_USD,mr_under_limit,sma200_dist_-0.5%,H4,limit,1,2863,0.21414816112874496,3,0.028905819369985063,0.15749275516357425,0.2708035670939157,7631,0.21805171635757506,-0.0039035552288300968,,3,0.028471265219605083,-0.05804175906653032,0.0536505483941947,2016-2021
XCU_USD,mr_under_limit,sma200_dist_-0.5%,H4,limit,1,3073,0.22533940323038887,2,0.024252539867109568,0.17780442509085412,0.2728743813699236,8338,0.22226554936177506,0.0030738538686138073,,2,0.023989140291253253,-0.043015011204051136,0.0590484170953168,2021-2026
XCU_USD,mr_under_limit,sma200_dist_-0.5%,H4,market,1,2863,-0.009246971760978724,3,0.030281502441775614,-0.06859871654685892,0.05010477302490148,7631,-0.02685620942132832,0.017609237660349594,,3,0.02823868082746986,-0.03288124851373174,0.07886217984093433,2016-2021
XCU_USD,mr_under_limit,sma200_dist_-0.5%,H4,market,1,3073,0.015238957423256578,2,0.025481233801131483,-0.034704260826961125,0.06518217567347429,8338,-0.008373467833768947,0.023612425257025525,0.035945878874600684,2,0.026775528030599002,-0.029092995895725546,0.0829970587516276,2021-2026
XCU_USD,mr_under_limit,sma200_dist_-1.0%,H4,limit,1,2487,0.20112571125710127,3,0.030869836657409066,0.1406208314085795,0.26163059110562303,7631,0.21805171635757506,-0.01692600510047379,,3,0.032758641340681266,-0.07513260443437009,0.04929512933358658,2016-2021
XCU_USD,mr_under_limit,sma200_dist_-1.0%,H4,limit,1,2712,0.22991839509213038,2,0.02580444450977235,0.17934168385297658,0.28049510633128416,8338,0.22226554936177506,0.007652845730355323,,2,0.027982912401286027,-0.040668381839019725,0.06381377228686806,2021-2026
XCU_USD,mr_under_limit,sma200_dist_-1.0%,H4,market,1,2487,-0.02631015489076404,3,0.03225549884762012,-0.08953093263209946,0.03691062285057139,7631,-0.02685620942132832,0.0005460545305642772,,3,0.03256974365145891,-0.05384155931888818,0.06732341312012308,2016-2021
XCU_USD,mr_under_limit,sma200_dist_-1.0%,H4,market,1,2712,0.024284602054252546,2,0.02716147521397799,-0.02895188936514431,0.0775210934736494,8338,-0.008373467833768947,0.032658069888021495,0.22072901265372658,2,0.028102576882146943,-0.019565276519613057,0.08991828451979535,2021-2026
XCU_USD,mr_under_limit,sma200_dist_-2.0%,H4,limit,1,1818,0.25553314172596286,2,0.03190812896598614,0.19299320895263003,0.31807307449929567,7631,0.21805171635757506,0.037481425368387805,,2,0.03199671932014122,-0.0342545350813827,0.10125717875117861,2016-2021
XCU_USD,mr_under_limit,sma200_dist_-2.0%,H4,limit,1,1956,0.24315825415574543,1,0.026684119822859755,0.1908573793029403,0.29545912900855054,8338,0.22226554936177506,0.020892704793970374,,1,0.022230624566117078,-0.021725558358928133,0.07035442114505715,2021-2026
XCU_USD,mr_under_limit,sma200_dist_-2.0%,H4,market,1,1818,0.0158596554063014,3,0.03699310575977089,-0.05664683188284955,0.08836614269545234,7631,-0.02685620942132832,0.04271586482762972,,3,0.03881724045287711,-0.03345226773879324,0.12235282360834064,2016-2021
XCU_USD,mr_under_limit,sma200_dist_-2.0%,H4,market,1,1956,0.03162244440992667,2,0.03169236832589321,-0.030494597508824016,0.09373948632867735,8338,-0.008373467833768947,0.039995912243695614,,2,0.031048864508648653,-0.0174468629877083,0.10167894092336988,2021-2026
XCU_USD,mr_under_limit,sma20_dist_-0.5%,H4,limit,1,2322,0.23029703335196505,2,0.02828179747174618,0.17486471030734255,0.2857293563965876,7631,0.21805171635757506,0.012245316994389993,,2,0.02748762173693818,-0.0406061580328903,0.06719644334986115,2016-2021
XCU_USD,mr_under_limit,sma20_dist_-0.5%,H4,limit,1,2747,0.2203520459753152,2,0.025160849508033125,0.17103678093957028,0.2696673110110601,8338,0.22226554936177506,-0.0019135033864598472,,2,0.02473590008778345,-0.04531556661386967,0.05141443882361495,2021-2026
XCU_USD,mr_under_limit,sma20_dist_-0.5%,H4,market,1,2322,-0.024509975381285642,3,0.03203859307172413,-0.08730561780186494,0.03828566703929365,7631,-0.02685620942132832,0.0023462340400426766,,3,0.027558590203964502,-0.0509451710988472,0.04990964419886598,2016-2021
XCU_USD,mr_under_limit,sma20_dist_-0.5%,H4,market,1,2747,-0.016883399119601173,2,0.026318219911516075,-0.06846711014617268,0.03470031190697033,8338,-0.008373467833768947,-0.008509931285832226,,2,0.025403263507140245,-0.05756124525383393,0.04768112235002232,2021-2026
XCU_USD,mr_under_limit,sma20_dist_-1.0%,H4,limit,1,1287,0.2213699702040552,2,0.03744909319936065,0.14796974753330833,0.29477019287480205,7631,0.21805171635757506,0.0033182538464801292,,2,0.0383963588834044,-0.06321598028579327,0.08743224964739615,2016-2021
XCU_USD,mr_under_limit,sma20_dist_-1.0%,H4,limit,1,1756,0.24384848647203294,1,0.027764892061722075,0.18942929803105768,0.2982676749130082,8338,0.22226554936177506,0.021582937110257883,,1,0.025496088650144796,-0.029643672890723526,0.06657961816807359,2021-2026
XCU_USD,mr_under_limit,sma20_dist_-1.0%,H4,market,1,1287,-0.025568458606458847,3,0.041577174087677866,-0.10705971981830746,0.055922802605389774,7631,-0.02685620942132832,0.0012877508148694712,,3,0.04261105641881514,-0.07697004842351846,0.08290284590092263,2016-2021
XCU_USD,mr_under_limit,sma20_dist_-1.0%,H4,market,1,1756,0.0002291841624588493,2,0.032174072213458145,-0.06283199737591912,0.0632903657008368,8338,-0.008373467833768947,0.008602651996227796,,2,0.03225743706858995,-0.0474016408396021,0.07272700455533901,2021-2026
XCU_USD,mr_under_limit,sma20_dist_-2.0%,H4,limit,1,320,0.18776204760117002,2,0.07278315197619194,0.04510706972783382,0.33041702547450624,7631,0.21805171635757506,-0.03028966875640504,,2,0.0692925489315644,-0.17841042859341932,0.08864929879115899,2016-2021
XCU_USD,mr_under_limit,sma20_dist_-2.0%,H4,limit,1,620,0.24458703797650364,1,0.04465241058813856,0.15706831322375206,0.3321057627292552,8338,0.22226554936177506,0.022321488614728574,,1,0.04191445234847939,-0.07458850031937299,0.0988351034894806,2021-2026
XCU_USD,mr_under_limit,sma20_dist_-2.0%,H4,market,1,320,-0.03708235751783297,2,0.07413336630856321,-0.18238375548261687,0.10821904044695092,7631,-0.02685620942132832,-0.010226148096504649,,2,0.07427782468152276,-0.13174460247318523,0.15021589895264043,2016-2021
XCU_USD,mr_under_limit,sma20_dist_-2.0%,H4,market,1,620,-0.006903461876502159,1,0.04679166983680829,-0.0986151347566464,0.08480821100364208,8338,-0.008373467833768947,0.0014700059572667883,,1,0.04039954276442525,-0.08937586537781368,0.07248938491066106,2021-2026
XCU_USD,mr_under_limit,sma50_dist_-0.5%,H4,limit,1,2641,0.26039776407677634,3,0.029375393096443176,0.20282199360774772,0.31797353454580496,7631,0.21805171635757506,0.04234604771920128,0.04120783922235503,3,0.03010333362483113,-0.014084035707465721,0.10547294598587174,2016-2021
XCU_USD,mr_under_limit,sma50_dist_-0.5%,H4,limit,1,3092,0.23769941338050674,1,0.021056884381465288,0.19642791999283477,0.2789709067681787,8338,0.22226554936177506,0.015433864018731674,,1,0.022137576464933462,-0.02584087226536876,0.05789286390172617,2021-2026
XCU_USD,mr_under_limit,sma50_dist_-0.5%,H4,market,1,2641,0.015181264176239797,3,0.03083010724222365,-0.04524574601851855,0.07560827437099815,7631,-0.02685620942132832,0.04203747359756811,0.02229554559094676,3,0.032317339391999524,-0.011918115713189346,0.11334951481720908,2016-2021
XCU_USD,mr_under_limit,sma50_dist_-0.5%,H4,market,1,3092,0.008837053592204248,2,0.02499695653098882,-0.04015698120853384,0.057831088392942334,8338,-0.008373467833768947,0.017210521425973194,,2,0.02678725343887126,-0.03025140847485868,0.06985994701653858,2021-2026
XCU_USD,mr_under_limit,sma50_dist_-1.0%,H4,limit,1,1852,0.27633668340742806,2,0.031595985338880236,0.2144085521432228,0.33826481467163333,7631,0.21805171635757506,0.058284967049853004,,2,0.029826295681163472,0.0034598038166457567,0.11749266042899746,2016-2021
XCU_USD,mr_under_limit,sma50_dist_-1.0%,H4,limit,1,2344,0.24155993556080368,1,0.023982174545098114,0.19455487345241138,0.28856499766919597,8338,0.22226554936177506,0.019294386199028624,,1,0.021266403643974748,-0.02322454884327798,0.05587107825982781,2021-2026
XCU_USD,mr_under_limit,sma50_dist_-1.0%,H4,market,1,1852,0.032422299582278775,3,0.036042175599199665,-0.03822036459215256,0.10306496375671012,7631,-0.02685620942132832,0.059278509003607094,0.02695115932340599,3,0.03513003714490335,-0.0108706282917944,0.12948163721147724,2016-2021
XCU_USD,mr_under_limit,sma50_dist_-1.0%,H4,market,1,2344,0.011301598861833389,2,0.028397729107455628,-0.04435795018877964,0.06696114791244642,8338,-0.008373467833768947,0.019675066695602338,,2,0.026885170242459035,-0.025902432184972304,0.06958788101255418,2021-2026
XCU_USD,mr_under_limit,sma50_dist_-2.0%,H4,limit,1,846,0.22454905125038832,2,0.04669442287211833,0.13302798242103642,0.3160701200797402,7631,0.21805171635757506,0.006497334892813261,,2,0.03979089025194788,-0.06125079948262232,0.08092564182793305,2016-2021
XCU_USD,mr_under_limit,sma50_dist_-2.0%,H4,limit,1,1287,0.25422402919288756,1,0.03198252690815724,0.19153827645289936,0.3169097819328758,8338,0.22226554936177506,0.031958479831112496,,1,0.029378654396721403,-0.019973000412205913,0.08936419139952569,2021-2026
XCU_USD,mr_under_limit,sma50_dist_-2.0%,H4,market,1,846,-0.009345654711071039,2,0.04866976192415286,-0.10473838808241065,0.08604707866026856,7631,-0.02685620942132832,0.01751055471025728,0.014364387273685497,2,0.04053142968337081,-0.06865402603512642,0.08132221853562911,2016-2021
XCU_USD,mr_under_limit,sma50_dist_-2.0%,H4,market,1,1287,0.03522988326131959,1,0.03386252436904699,-0.03114066450201252,0.10160043102465169,8338,-0.008373467833768947,0.04360335109508853,,1,0.03014695124633721,-0.015711711488552094,0.10296682524993275,2021-2026
