pair,entry_ts,exit_ts,r
NZD_JPY,2016-01-13 06:00:00,2016-01-13 18:00:00,-1.0
AUD_JPY,2016-01-19 02:00:00,2016-01-19 06:00:00,1.0
CAD_CHF,2016-01-27 10:00:00,2016-01-29 06:00:00,-1.0
EUR_CHF,2016-01-28 02:00:00,2016-02-04 06:00:00,-1.0
EUR_CHF,2016-01-29 02:00:00,2016-02-09 10:00:00,1.0
NZD_USD,2016-02-02 14:00:00,2016-02-03 06:00:00,-1.0
CAD_CHF,2016-02-11 10:00:00,2016-02-12 14:00:00,-1.0
AUD_JPY,2016-02-12 06:00:00,2016-02-12 14:00:00,1.0
EUR_CHF,2016-02-12 18:00:00,2016-02-24 14:00:00,1.0
EUR_CHF,2016-02-15 02:00:00,2016-02-24 14:00:00,1.0
NZD_USD,2016-02-15 22:00:00,2016-02-16 02:00:00,1.0
EUR_CHF,2016-02-16 22:00:00,2016-02-24 06:00:00,1.0
NZD_USD,2016-02-19 06:00:00,2016-02-22 10:00:00,-1.0
AUD_JPY,2016-02-22 06:00:00,2016-02-22 10:00:00,1.0
CAD_CHF,2016-02-29 06:00:00,2016-03-01 14:00:00,-1.0
AUD_JPY,2016-03-09 22:00:00,2016-03-10 10:00:00,1.0
EUR_CHF,2016-03-11 14:00:00,2016-03-31 13:00:00,0.528584578089263
CAD_CHF,2016-03-15 05:00:00,2016-03-17 05:00:00,-1.0
EUR_CHF,2016-03-16 17:00:00,2016-04-05 17:00:00,0.7711027863607685
AUD_JPY,2016-03-17 09:00:00,2016-03-23 01:00:00,1.0
NZD_JPY,2016-03-23 01:00:00,2016-03-28 21:00:00,1.0
EUR_CHF,2016-03-24 13:00:00,2016-04-13 13:00:00,0.04952765293955605
CAD_CHF,2016-03-30 05:00:00,2016-04-01 09:00:00,1.0
EUR_CHF,2016-03-30 13:00:00,2016-04-19 13:00:00,-0.037548194481332925
NZD_USD,2016-03-31 05:00:00,2016-04-01 13:00:00,1.0
EUR_CHF,2016-03-31 17:00:00,2016-04-20 17:00:00,-0.4425304696857431
EUR_CHF,2016-04-01 05:00:00,2016-04-21 05:00:00,-0.2650846899880138
CAD_CHF,2016-04-12 09:00:00,2016-04-12 13:00:00,-1.0
NZD_USD,2016-04-13 13:00:00,2016-04-14 01:00:00,1.0
EUR_CHF,2016-04-14 13:00:00,2016-04-21 09:00:00,-1.0
CAD_CHF,2016-04-20 05:00:00,2016-04-20 13:00:00,-1.0
AUD_JPY,2016-04-26 21:00:00,2016-04-27 01:00:00,-1.0
NZD_JPY,2016-04-28 01:00:00,2016-04-28 05:00:00,-1.0
NZD_USD,2016-05-02 13:00:00,2016-05-03 13:00:00,1.0
AUD_JPY,2016-05-03 01:00:00,2016-05-03 05:00:00,-1.0
CAD_CHF,2016-05-06 17:00:00,2016-05-09 13:00:00,1.0
NZD_JPY,2016-05-16 21:00:00,2016-05-20 09:00:00,1.0
NZD_JPY,2016-05-25 05:00:00,2016-05-31 01:00:00,1.0
NZD_USD,2016-06-06 17:00:00,2016-06-08 09:00:00,-1.0
NZD_JPY,2016-06-06 21:00:00,2016-06-07 09:00:00,1.0
NZD_USD,2016-06-08 01:00:00,2016-06-08 21:00:00,-1.0
AUD_JPY,2016-06-28 21:00:00,2016-06-29 09:00:00,1.0
NZD_JPY,2016-07-07 13:00:00,2016-07-10 21:00:00,1.0
CAD_CHF,2016-07-11 01:00:00,2016-07-14 05:00:00,-1.0
NZD_USD,2016-07-13 05:00:00,2016-07-14 01:00:00,1.0
CAD_CHF,2016-07-13 13:00:00,2016-07-25 09:00:00,1.0
CAD_CHF,2016-07-14 13:00:00,2016-07-22 01:00:00,1.0
CAD_CHF,2016-07-15 01:00:00,2016-07-21 17:00:00,1.0
NZD_JPY,2016-07-20 21:00:00,2016-07-21 05:00:00,-1.0
EUR_CHF,2016-07-22 05:00:00,2016-08-11 05:00:00,-0.040474285030953586
NZD_USD,2016-07-27 13:00:00,2016-07-28 05:00:00,-1.0
EUR_CHF,2016-07-28 01:00:00,2016-07-29 13:00:00,1.0
EUR_CHF,2016-08-04 21:00:00,2016-08-24 21:00:00,-0.44528030533505186
CAD_CHF,2016-08-05 09:00:00,2016-08-25 09:00:00,0.26557057638157255
CAD_CHF,2016-08-09 05:00:00,2016-08-15 05:00:00,-1.0
CAD_CHF,2016-08-09 13:00:00,2016-08-29 13:00:00,-0.3620332643109983
NZD_JPY,2016-08-18 13:00:00,2016-08-24 21:00:00,1.0
NZD_JPY,2016-08-19 01:00:00,2016-08-23 13:00:00,1.0
NZD_USD,2016-08-19 05:00:00,2016-08-26 09:00:00,-1.0
AUD_JPY,2016-08-22 09:00:00,2016-08-29 01:00:00,1.0
NZD_USD,2016-08-24 21:00:00,2016-08-26 17:00:00,1.0
CAD_CHF,2016-08-25 13:00:00,2016-09-05 05:00:00,-1.0
CAD_CHF,2016-08-26 09:00:00,2016-09-05 05:00:00,-1.0
EUR_CHF,2016-08-26 09:00:00,2016-09-15 09:00:00,-0.22444324334226415
EUR_CHF,2016-08-29 13:00:00,2016-09-16 13:00:00,0.11330719957602248
EUR_CHF,2016-08-31 01:00:00,2016-09-20 01:00:00,0.12763707309956115
EUR_CHF,2016-09-01 05:00:00,2016-09-21 05:00:00,0.7887857617794225
NZD_JPY,2016-09-07 13:00:00,2016-09-11 21:00:00,-1.0
NZD_USD,2016-09-08 05:00:00,2016-09-08 13:00:00,1.0
AUD_JPY,2016-09-14 09:00:00,2016-09-15 01:00:00,-1.0
EUR_CHF,2016-09-14 21:00:00,2016-09-29 13:00:00,1.0
NZD_USD,2016-09-21 01:00:00,2016-09-23 05:00:00,1.0
NZD_JPY,2016-09-27 21:00:00,2016-09-29 01:00:00,1.0
NZD_USD,2016-09-29 13:00:00,2016-10-04 17:00:00,1.0
NZD_JPY,2016-09-30 05:00:00,2016-09-30 13:00:00,1.0
AUD_JPY,2016-10-02 21:00:00,2016-10-03 21:00:00,1.0
CAD_CHF,2016-10-04 05:00:00,2016-10-14 09:00:00,-1.0
NZD_JPY,2016-10-07 13:00:00,2016-10-11 13:00:00,-1.0
AUD_JPY,2016-10-10 21:00:00,2016-10-11 13:00:00,-1.0
CAD_CHF,2016-10-11 21:00:00,2016-10-16 21:00:00,-1.0
NZD_JPY,2016-10-13 01:00:00,2016-10-14 05:00:00,1.0
CAD_CHF,2016-10-17 09:00:00,2016-10-19 13:00:00,-1.0
NZD_USD,2016-10-19 13:00:00,2016-10-24 13:00:00,1.0
AUD_JPY,2016-10-19 21:00:00,2016-10-21 13:00:00,-1.0
AUD_JPY,2016-11-10 02:00:00,2016-11-10 06:00:00,1.0
EUR_CHF,2016-11-25 14:00:00,2016-12-05 14:00:00,-1.0
EUR_CHF,2016-11-28 18:00:00,2016-12-08 10:00:00,-1.0
CAD_CHF,2016-12-02 06:00:00,2016-12-08 14:00:00,-1.0
CAD_CHF,2016-12-05 14:00:00,2016-12-08 14:00:00,-1.0
AUD_JPY,2016-12-05 18:00:00,2016-12-09 10:00:00,1.0
CAD_CHF,2016-12-08 10:00:00,2016-12-08 14:00:00,-1.0
CAD_CHF,2016-12-11 22:00:00,2016-12-19 14:00:00,1.0
EUR_CHF,2016-12-13 22:00:00,2017-01-04 22:00:00,0.3429144944102101
NZD_USD,2016-12-14 10:00:00,2016-12-14 18:00:00,1.0
CAD_CHF,2016-12-16 14:00:00,2016-12-22 06:00:00,1.0
NZD_USD,2016-12-23 18:00:00,2016-12-29 06:00:00,-1.0
AUD_JPY,2016-12-27 18:00:00,2017-01-03 10:00:00,1.0
CAD_CHF,2016-12-29 14:00:00,2016-12-29 22:00:00,1.0
NZD_JPY,2016-12-29 14:00:00,2017-01-03 02:00:00,1.0
NZD_USD,2016-12-30 14:00:00,2017-01-03 14:00:00,1.0
NZD_JPY,2017-01-06 14:00:00,2017-01-19 06:00:00,1.0
NZD_USD,2017-01-10 14:00:00,2017-01-11 18:00:00,-1.0
EUR_CHF,2017-01-10 22:00:00,2017-01-30 22:00:00,0.8844120056602414
AUD_JPY,2017-01-12 14:00:00,2017-01-19 06:00:00,1.0
NZD_USD,2017-01-13 10:00:00,2017-01-17 14:00:00,-1.0
NZD_USD,2017-01-18 14:00:00,2017-01-18 18:00:00,1.0
EUR_CHF,2017-01-22 22:00:00,2017-02-09 22:00:00,0.4632391320557842
CAD_CHF,2017-01-26 06:00:00,2017-01-31 14:00:00,1.0
EUR_CHF,2017-02-06 10:00:00,2017-02-24 10:00:00,0.4534447779055554
NZD_JPY,2017-02-10 10:00:00,2017-02-15 18:00:00,1.0
CAD_CHF,2017-02-14 06:00:00,2017-02-28 10:00:00,1.0
EUR_CHF,2017-02-16 22:00:00,2017-03-08 22:00:00,-0.42616303082642054
AUD_JPY,2017-02-22 22:00:00,2017-02-24 10:00:00,-1.0
AUD_JPY,2017-02-28 06:00:00,2017-03-01 18:00:00,1.0
NZD_JPY,2017-03-01 06:00:00,2017-03-05 22:00:00,-1.0
AUD_JPY,2017-03-07 06:00:00,2017-03-15 17:00:00,1.0
AUD_JPY,2017-03-17 05:00:00,2017-03-21 17:00:00,-1.0
CAD_CHF,2017-03-21 09:00:00,2017-03-22 13:00:00,1.0
NZD_USD,2017-03-30 13:00:00,2017-04-05 13:00:00,1.0
EUR_CHF,2017-04-04 13:00:00,2017-04-23 21:00:00,-1.0
AUD_JPY,2017-04-05 17:00:00,2017-04-06 01:00:00,-1.0
NZD_JPY,2017-04-10 09:00:00,2017-04-11 13:00:00,-1.0
EUR_CHF,2017-04-11 09:00:00,2017-04-23 21:00:00,-1.0
CAD_CHF,2017-04-24 01:00:00,2017-04-25 09:00:00,1.0
CAD_CHF,2017-04-24 21:00:00,2017-04-25 09:00:00,1.0
EUR_CHF,2017-04-26 05:00:00,2017-05-09 13:00:00,-1.0
CAD_CHF,2017-04-27 01:00:00,2017-05-02 13:00:00,1.0
AUD_JPY,2017-04-30 21:00:00,2017-05-01 09:00:00,1.0
CAD_CHF,2017-05-10 13:00:00,2017-05-16 05:00:00,1.0
AUD_JPY,2017-05-12 13:00:00,2017-05-17 09:00:00,-1.0
NZD_JPY,2017-05-15 13:00:00,2017-05-17 05:00:00,-1.0
EUR_CHF,2017-05-24 21:00:00,2017-06-13 21:00:00,0.6240563663814772
NZD_JPY,2017-05-30 21:00:00,2017-06-08 09:00:00,1.0
AUD_JPY,2017-06-02 05:00:00,2017-06-08 13:00:00,1.0
NZD_USD,2017-06-06 01:00:00,2017-06-08 05:00:00,-1.0
CAD_CHF,2017-06-06 21:00:00,2017-06-12 17:00:00,-1.0
NZD_USD,2017-06-07 05:00:00,2017-06-14 09:00:00,-1.0
EUR_CHF,2017-06-08 21:00:00,2017-06-28 21:00:00,-0.560778644370566
EUR_CHF,2017-06-12 21:00:00,2017-07-02 21:00:00,-0.8593375824337813
AUD_JPY,2017-06-13 05:00:00,2017-06-15 13:00:00,1.0
CAD_CHF,2017-06-14 05:00:00,2017-06-30 17:00:00,-1.0
NZD_JPY,2017-06-21 13:00:00,2017-06-26 05:00:00,1.0
NZD_USD,2017-06-26 05:00:00,2017-07-11 09:00:00,1.0
NZD_USD,2017-06-27 01:00:00,2017-07-11 09:00:00,1.0
EUR_CHF,2017-06-30 01:00:00,2017-07-11 13:00:00,-1.0
CAD_CHF,2017-07-03 05:00:00,2017-07-04 13:00:00,-1.0
CAD_CHF,2017-07-05 09:00:00,2017-07-12 13:00:00,-1.0
CAD_CHF,2017-07-11 01:00:00,2017-07-12 13:00:00,-1.0
CAD_CHF,2017-07-14 05:00:00,2017-07-18 13:00:00,1.0
NZD_USD,2017-07-19 21:00:00,2017-07-21 05:00:00,-1.0
NZD_JPY,2017-07-25 01:00:00,2017-07-26 13:00:00,1.0
AUD_JPY,2017-07-25 17:00:00,2017-08-01 21:00:00,-1.0
CAD_CHF,2017-07-27 01:00:00,2017-07-27 21:00:00,-1.0
NZD_USD,2017-07-27 21:00:00,2017-08-01 21:00:00,1.0
AUD_JPY,2017-08-02 21:00:00,2017-08-08 21:00:00,-1.0
EUR_CHF,2017-08-03 09:00:00,2017-08-09 01:00:00,1.0
AUD_JPY,2017-08-06 21:00:00,2017-08-08 21:00:00,-1.0
AUD_JPY,2017-08-07 21:00:00,2017-08-08 21:00:00,-1.0
NZD_USD,2017-08-14 21:00:00,2017-08-16 01:00:00,1.0
NZD_USD,2017-08-18 01:00:00,2017-08-23 05:00:00,1.0
NZD_USD,2017-08-21 09:00:00,2017-08-22 21:00:00,1.0
CAD_CHF,2017-08-23 05:00:00,2017-08-28 21:00:00,1.0
NZD_USD,2017-08-30 01:00:00,2017-08-30 13:00:00,1.0
AUD_JPY,2017-09-07 01:00:00,2017-09-12 05:00:00,1.0
NZD_JPY,2017-09-08 05:00:00,2017-09-11 21:00:00,1.0
CAD_CHF,2017-09-14 05:00:00,2017-09-18 09:00:00,1.0
EUR_CHF,2017-09-20 13:00:00,2017-09-25 13:00:00,1.0
EUR_CHF,2017-09-22 05:00:00,2017-09-25 13:00:00,1.0
NZD_JPY,2017-09-27 17:00:00,2017-10-05 09:00:00,-1.0
AUD_JPY,2017-10-10 05:00:00,2017-10-18 13:00:00,1.0
EUR_CHF,2017-10-11 13:00:00,2017-10-24 13:00:00,-1.0
EUR_CHF,2017-10-19 13:00:00,2017-10-25 05:00:00,-1.0
EUR_CHF,2017-10-26 09:00:00,2017-10-27 13:00:00,1.0
NZD_USD,2017-11-02 21:00:00,2017-11-14 06:00:00,1.0
CAD_CHF,2017-11-03 05:00:00,2017-11-15 14:00:00,1.0
NZD_USD,2017-11-03 09:00:00,2017-11-06 06:00:00,1.0
AUD_JPY,2017-11-20 22:00:00,2017-12-04 06:00:00,1.0
NZD_JPY,2017-11-22 02:00:00,2017-12-03 22:00:00,1.0
CAD_CHF,2017-11-22 10:00:00,2017-11-27 22:00:00,1.0
CAD_CHF,2017-11-24 10:00:00,2017-11-30 10:00:00,1.0
NZD_JPY,2017-11-24 18:00:00,2017-12-01 14:00:00,1.0
NZD_JPY,2017-11-27 14:00:00,2017-12-01 14:00:00,1.0
EUR_CHF,2017-11-27 22:00:00,2017-12-17 22:00:00,0.3405172782573626
CAD_CHF,2017-11-29 10:00:00,2017-12-04 10:00:00,-1.0
NZD_USD,2017-12-04 18:00:00,2017-12-11 06:00:00,-1.0
AUD_JPY,2017-12-08 10:00:00,2017-12-13 14:00:00,1.0
CAD_CHF,2017-12-12 22:00:00,2017-12-21 14:00:00,-1.0
NZD_USD,2017-12-13 02:00:00,2017-12-13 18:00:00,-1.0
EUR_CHF,2017-12-15 06:00:00,2017-12-27 10:00:00,-1.0
AUD_JPY,2017-12-19 14:00:00,2017-12-21 14:00:00,1.0
CAD_CHF,2017-12-19 22:00:00,2017-12-21 10:00:00,-1.0
NZD_JPY,2017-12-20 14:00:00,2017-12-26 02:00:00,1.0
NZD_USD,2017-12-22 14:00:00,2017-12-28 02:00:00,-1.0
NZD_USD,2017-12-26 14:00:00,2017-12-28 06:00:00,-1.0
NZD_USD,2017-12-28 22:00:00,2018-01-04 18:00:00,-1.0
NZD_USD,2018-01-08 10:00:00,2018-01-11 14:00:00,-1.0
CAD_CHF,2018-01-12 14:00:00,2018-01-17 14:00:00,1.0
AUD_JPY,2018-01-14 22:00:00,2018-01-17 14:00:00,1.0
CAD_CHF,2018-01-15 14:00:00,2018-01-24 14:00:00,1.0
CAD_CHF,2018-01-22 10:00:00,2018-01-25 10:00:00,1.0
AUD_JPY,2018-01-26 14:00:00,2018-02-02 18:00:00,-1.0
CAD_CHF,2018-01-30 14:00:00,2018-02-02 14:00:00,1.0
CAD_CHF,2018-01-31 22:00:00,2018-02-02 18:00:00,1.0
EUR_CHF,2018-02-01 02:00:00,2018-02-08 14:00:00,1.0
NZD_USD,2018-02-02 06:00:00,2018-02-02 14:00:00,1.0
NZD_JPY,2018-02-07 02:00:00,2018-02-07 18:00:00,-1.0
CAD_CHF,2018-02-12 18:00:00,2018-02-15 14:00:00,1.0
AUD_JPY,2018-02-14 10:00:00,2018-02-14 14:00:00,-1.0
EUR_CHF,2018-02-14 14:00:00,2018-03-06 14:00:00,-0.8237716975581202
NZD_USD,2018-02-14 14:00:00,2018-02-15 06:00:00,-1.0
AUD_JPY,2018-02-14 22:00:00,2018-02-21 22:00:00,-1.0
NZD_JPY,2018-03-06 06:00:00,2018-03-06 10:00:00,1.0
CAD_CHF,2018-03-07 10:00:00,2018-03-08 14:00:00,-1.0
EUR_CHF,2018-03-08 10:00:00,2018-03-28 09:00:00,-0.6985064940609701
NZD_USD,2018-03-12 21:00:00,2018-03-16 13:00:00,1.0
AUD_JPY,2018-03-14 13:00:00,2018-03-15 09:00:00,-1.0
AUD_JPY,2018-03-20 13:00:00,2018-03-21 17:00:00,1.0
NZD_JPY,2018-03-22 09:00:00,2018-03-22 21:00:00,-1.0
EUR_CHF,2018-03-28 21:00:00,2018-04-17 05:00:00,-1.0
EUR_CHF,2018-04-03 01:00:00,2018-04-11 05:00:00,-1.0
EUR_CHF,2018-04-03 09:00:00,2018-04-12 09:00:00,-1.0
CAD_CHF,2018-04-04 13:00:00,2018-04-05 17:00:00,-1.0
NZD_USD,2018-04-05 09:00:00,2018-04-10 13:00:00,-1.0
CAD_CHF,2018-04-05 13:00:00,2018-04-11 05:00:00,-1.0
NZD_USD,2018-04-11 13:00:00,2018-04-19 13:00:00,1.0
CAD_CHF,2018-04-12 05:00:00,2018-04-17 13:00:00,-1.0
EUR_CHF,2018-04-12 17:00:00,2018-04-18 09:00:00,-1.0
CAD_CHF,2018-04-18 13:00:00,2018-04-23 09:00:00,1.0
EUR_CHF,2018-04-19 05:00:00,2018-05-08 13:00:00,1.0
AUD_JPY,2018-04-24 13:00:00,2018-05-03 13:00:00,-1.0
AUD_JPY,2018-04-25 01:00:00,2018-05-03 13:00:00,-1.0
CAD_CHF,2018-04-27 17:00:00,2018-05-03 09:00:00,-1.0
CAD_CHF,2018-05-02 13:00:00,2018-05-10 05:00:00,-1.0
NZD_USD,2018-05-06 21:00:00,2018-05-08 13:00:00,1.0
CAD_CHF,2018-05-07 05:00:00,2018-05-10 05:00:00,-1.0
EUR_CHF,2018-05-07 21:00:00,2018-05-15 21:00:00,1.0
NZD_USD,2018-05-08 05:00:00,2018-05-08 13:00:00,1.0
CAD_CHF,2018-05-17 21:00:00,2018-05-18 13:00:00,1.0
NZD_JPY,2018-05-28 21:00:00,2018-05-29 05:00:00,-1.0
NZD_USD,2018-06-05 05:00:00,2018-06-14 21:00:00,1.0
NZD_JPY,2018-06-11 09:00:00,2018-06-17 21:00:00,-1.0
EUR_CHF,2018-06-11 21:00:00,2018-06-19 05:00:00,1.0
NZD_USD,2018-06-11 21:00:00,2018-06-14 21:00:00,1.0
AUD_JPY,2018-06-13 17:00:00,2018-06-14 17:00:00,-1.0
EUR_CHF,2018-06-25 05:00:00,2018-07-06 05:00:00,-1.0
NZD_USD,2018-06-25 17:00:00,2018-06-27 01:00:00,1.0
EUR_CHF,2018-07-03 17:00:00,2018-07-12 13:00:00,-1.0
EUR_CHF,2018-07-05 01:00:00,2018-07-12 13:00:00,-1.0
AUD_JPY,2018-07-05 13:00:00,2018-07-09 05:00:00,1.0
CAD_CHF,2018-07-10 21:00:00,2018-07-30 21:00:00,-0.12146176594846247
CAD_CHF,2018-07-15 21:00:00,2018-07-18 09:00:00,1.0
NZD_USD,2018-07-17 21:00:00,2018-07-19 09:00:00,1.0
CAD_CHF,2018-07-23 21:00:00,2018-07-26 09:00:00,-1.0
AUD_JPY,2018-07-30 01:00:00,2018-07-31 09:00:00,1.0
EUR_CHF,2018-07-30 21:00:00,2018-08-09 13:00:00,1.0
NZD_USD,2018-07-31 17:00:00,2018-08-02 09:00:00,1.0
EUR_CHF,2018-08-01 21:00:00,2018-08-09 13:00:00,1.0
CAD_CHF,2018-08-03 09:00:00,2018-08-10 13:00:00,1.0
CAD_CHF,2018-08-10 09:00:00,2018-08-13 01:00:00,1.0
AUD_JPY,2018-08-15 01:00:00,2018-08-21 13:00:00,1.0
NZD_USD,2018-08-15 09:00:00,2018-08-17 17:00:00,-1.0
EUR_CHF,2018-08-21 13:00:00,2018-08-31 05:00:00,1.0
NZD_USD,2018-08-22 17:00:00,2018-08-23 13:00:00,1.0
CAD_CHF,2018-08-23 13:00:00,2018-08-30 13:00:00,1.0
AUD_JPY,2018-08-24 09:00:00,2018-08-31 05:00:00,-1.0
CAD_CHF,2018-08-28 09:00:00,2018-08-30 09:00:00,1.0
AUD_JPY,2018-09-04 21:00:00,2018-09-07 01:00:00,-1.0
NZD_JPY,2018-09-05 21:00:00,2018-09-06 21:00:00,-1.0
NZD_USD,2018-09-07 09:00:00,2018-09-10 01:00:00,1.0
CAD_CHF,2018-09-11 13:00:00,2018-09-19 09:00:00,-1.0
EUR_CHF,2018-09-11 21:00:00,2018-09-27 13:00:00,-1.0
EUR_CHF,2018-09-14 05:00:00,2018-09-27 13:00:00,-1.0
CAD_CHF,2018-09-24 09:00:00,2018-09-27 13:00:00,-1.0
EUR_CHF,2018-09-26 05:00:00,2018-10-11 13:00:00,-1.0
NZD_USD,2018-09-26 13:00:00,2018-10-02 05:00:00,1.0
EUR_CHF,2018-10-04 05:00:00,2018-10-22 05:00:00,-1.0
EUR_CHF,2018-10-07 21:00:00,2018-10-25 21:00:00,0.5280966661711919
EUR_CHF,2018-10-11 05:00:00,2018-10-31 05:00:00,0.17516816143497901
AUD_JPY,2018-10-11 17:00:00,2018-10-18 05:00:00,1.0
NZD_USD,2018-10-12 17:00:00,2018-10-15 21:00:00,-1.0
CAD_CHF,2018-10-15 13:00:00,2018-10-24 13:00:00,-1.0
NZD_USD,2018-10-17 05:00:00,2018-10-18 21:00:00,1.0
CAD_CHF,2018-10-23 13:00:00,2018-10-24 13:00:00,-1.0
AUD_JPY,2018-10-29 01:00:00,2018-10-30 09:00:00,1.0
CAD_CHF,2018-10-30 13:00:00,2018-11-19 10:00:00,1.0
AUD_JPY,2018-11-15 06:00:00,2018-11-20 06:00:00,-1.0
EUR_CHF,2018-11-15 14:00:00,2018-11-28 14:00:00,1.0
NZD_USD,2018-11-16 10:00:00,2018-11-23 10:00:00,1.0
EUR_CHF,2018-11-19 06:00:00,2018-11-27 14:00:00,1.0
CAD_CHF,2018-11-23 14:00:00,2018-11-28 14:00:00,1.0
CAD_CHF,2018-12-04 06:00:00,2018-12-05 14:00:00,1.0
AUD_JPY,2018-12-10 22:00:00,2018-12-13 06:00:00,1.0
AUD_JPY,2018-12-26 14:00:00,2018-12-26 18:00:00,1.0
EUR_CHF,2018-12-27 14:00:00,2019-01-02 22:00:00,1.0
CAD_CHF,2019-01-01 22:00:00,2019-01-02 14:00:00,-1.0
CAD_CHF,2019-01-03 10:00:00,2019-01-03 14:00:00,-1.0
CAD_CHF,2019-01-07 06:00:00,2019-01-11 02:00:00,-1.0
EUR_CHF,2019-01-07 14:00:00,2019-01-25 14:00:00,-0.7371640968183811
EUR_CHF,2019-01-07 22:00:00,2019-01-27 22:00:00,-0.6538792988565773
EUR_CHF,2019-01-09 14:00:00,2019-01-29 06:00:00,-1.0
NZD_USD,2019-01-10 14:00:00,2019-01-20 22:00:00,1.0
AUD_JPY,2019-01-15 06:00:00,2019-01-17 18:00:00,1.0
CAD_CHF,2019-01-17 06:00:00,2019-01-30 10:00:00,-1.0
CAD_CHF,2019-01-18 06:00:00,2019-01-30 14:00:00,-1.0
NZD_USD,2019-01-28 22:00:00,2019-01-30 18:00:00,-1.0
AUD_JPY,2019-01-29 14:00:00,2019-01-30 18:00:00,1.0
CAD_CHF,2019-01-31 14:00:00,2019-02-05 10:00:00,-1.0
NZD_USD,2019-02-01 06:00:00,2019-02-06 06:00:00,1.0
CAD_CHF,2019-02-04 18:00:00,2019-02-07 14:00:00,1.0
EUR_CHF,2019-02-04 22:00:00,2019-02-24 22:00:00,0.6649029364356244
NZD_JPY,2019-02-12 10:00:00,2019-02-12 22:00:00,1.0
CAD_CHF,2019-02-13 14:00:00,2019-03-01 14:00:00,1.0
EUR_CHF,2019-02-13 18:00:00,2019-03-05 18:00:00,0.15908731344594285
CAD_CHF,2019-02-19 10:00:00,2019-03-01 18:00:00,1.0
EUR_CHF,2019-02-19 14:00:00,2019-03-11 13:00:00,0.007920722369892939
EUR_CHF,2019-02-20 14:00:00,2019-03-12 13:00:00,-0.09859762485362485
NZD_USD,2019-02-20 22:00:00,2019-02-21 06:00:00,1.0
NZD_USD,2019-02-26 18:00:00,2019-02-28 10:00:00,1.0
NZD_USD,2019-03-03 22:00:00,2019-03-20 17:00:00,-1.0
NZD_JPY,2019-03-05 10:00:00,2019-03-08 02:00:00,-1.0
EUR_CHF,2019-03-07 06:00:00,2019-03-22 05:00:00,1.0
NZD_USD,2019-03-07 22:00:00,2019-03-11 13:00:00,-1.0
EUR_CHF,2019-03-13 05:00:00,2019-03-22 05:00:00,1.0
CAD_CHF,2019-03-19 21:00:00,2019-03-21 09:00:00,1.0
NZD_USD,2019-03-26 21:00:00,2019-03-27 01:00:00,1.0
CAD_CHF,2019-04-01 13:00:00,2019-04-10 21:00:00,-1.0
CAD_CHF,2019-04-09 21:00:00,2019-04-17 09:00:00,-1.0
EUR_CHF,2019-04-10 13:00:00,2019-04-17 05:00:00,-1.0
NZD_JPY,2019-04-11 05:00:00,2019-04-12 13:00:00,1.0
NZD_JPY,2019-04-11 21:00:00,2019-04-12 13:00:00,1.0
EUR_CHF,2019-04-12 17:00:00,2019-04-23 05:00:00,-1.0
EUR_CHF,2019-04-15 05:00:00,2019-04-23 05:00:00,-1.0
EUR_CHF,2019-04-16 05:00:00,2019-04-23 09:00:00,-1.0
CAD_CHF,2019-04-23 05:00:00,2019-04-24 13:00:00,1.0
AUD_JPY,2019-04-26 13:00:00,2019-05-01 21:00:00,1.0
AUD_JPY,2019-05-03 17:00:00,2019-05-05 21:00:00,-1.0
EUR_CHF,2019-05-15 13:00:00,2019-06-02 21:00:00,1.0
AUD_JPY,2019-05-15 21:00:00,2019-06-02 21:00:00,-1.0
EUR_CHF,2019-05-17 09:00:00,2019-05-31 17:00:00,1.0
NZD_JPY,2019-05-20 05:00:00,2019-05-29 05:00:00,-1.0
NZD_JPY,2019-05-21 17:00:00,2019-05-29 13:00:00,-1.0
AUD_JPY,2019-06-03 21:00:00,2019-06-14 13:00:00,-1.0
NZD_JPY,2019-06-03 21:00:00,2019-06-05 05:00:00,1.0
AUD_JPY,2019-06-04 09:00:00,2019-06-09 21:00:00,1.0
NZD_USD,2019-06-05 21:00:00,2019-06-13 21:00:00,1.0
CAD_CHF,2019-06-10 21:00:00,2019-06-21 17:00:00,1.0
EUR_CHF,2019-06-10 21:00:00,2019-06-20 13:00:00,1.0
EUR_CHF,2019-06-12 21:00:00,2019-06-20 09:00:00,1.0
NZD_JPY,2019-06-19 01:00:00,2019-06-26 01:00:00,1.0
CAD_CHF,2019-06-19 17:00:00,2019-06-21 13:00:00,1.0
CAD_CHF,2019-06-20 09:00:00,2019-06-21 13:00:00,1.0
EUR_CHF,2019-06-25 05:00:00,2019-07-15 05:00:00,0.03788801385619589
NZD_USD,2019-06-27 05:00:00,2019-07-05 13:00:00,1.0
CAD_CHF,2019-07-02 09:00:00,2019-07-08 13:00:00,-1.0
AUD_JPY,2019-07-03 21:00:00,2019-07-23 21:00:00,-0.30223841199450546
NZD_JPY,2019-07-03 21:00:00,2019-07-10 01:00:00,-1.0
CAD_CHF,2019-07-04 09:00:00,2019-07-23 09:00:00,1.0
NZD_USD,2019-07-04 13:00:00,2019-07-05 13:00:00,1.0
NZD_USD,2019-07-12 13:00:00,2019-07-18 13:00:00,-1.0
CAD_CHF,2019-07-16 09:00:00,2019-07-23 09:00:00,1.0
CAD_CHF,2019-07-17 01:00:00,2019-07-23 09:00:00,1.0
EUR_CHF,2019-07-18 09:00:00,2019-07-24 21:00:00,1.0
CAD_CHF,2019-07-26 13:00:00,2019-08-02 05:00:00,1.0
CAD_CHF,2019-07-29 09:00:00,2019-08-02 05:00:00,1.0
AUD_JPY,2019-07-31 13:00:00,2019-08-01 17:00:00,-1.0
NZD_USD,2019-07-31 17:00:00,2019-07-31 21:00:00,1.0
AUD_JPY,2019-08-06 09:00:00,2019-08-07 01:00:00,-1.0
CAD_CHF,2019-08-09 13:00:00,2019-08-13 09:00:00,1.0
NZD_USD,2019-08-12 01:00:00,2019-08-19 17:00:00,1.0
AUD_JPY,2019-08-13 09:00:00,2019-08-13 13:00:00,1.0
NZD_JPY,2019-08-13 21:00:00,2019-08-14 09:00:00,-1.0
NZD_USD,2019-08-14 13:00:00,2019-08-22 01:00:00,1.0
NZD_JPY,2019-08-15 17:00:00,2019-08-23 13:00:00,-1.0
NZD_JPY,2019-08-19 13:00:00,2019-08-23 13:00:00,-1.0
NZD_USD,2019-08-21 09:00:00,2019-08-25 21:00:00,1.0
AUD_JPY,2019-08-27 13:00:00,2019-09-04 09:00:00,1.0
CAD_CHF,2019-08-27 21:00:00,2019-09-06 01:00:00,-1.0
AUD_JPY,2019-08-28 21:00:00,2019-09-04 05:00:00,1.0
AUD_JPY,2019-09-02 09:00:00,2019-09-04 09:00:00,1.0
NZD_USD,2019-09-03 05:00:00,2019-09-04 09:00:00,-1.0
NZD_USD,2019-09-06 01:00:00,2019-09-06 13:00:00,-1.0
NZD_USD,2019-09-08 21:00:00,2019-09-16 13:00:00,1.0
EUR_CHF,2019-09-19 05:00:00,2019-09-23 05:00:00,1.0
CAD_CHF,2019-09-23 09:00:00,2019-10-01 01:00:00,-1.0
AUD_JPY,2019-09-24 13:00:00,2019-10-01 13:00:00,-1.0
NZD_JPY,2019-09-24 13:00:00,2019-10-02 05:00:00,-1.0
AUD_JPY,2019-09-25 05:00:00,2019-10-02 05:00:00,-1.0
CAD_CHF,2019-09-27 05:00:00,2019-10-02 09:00:00,-1.0
AUD_JPY,2019-10-03 21:00:00,2019-10-10 01:00:00,1.0
NZD_USD,2019-10-07 01:00:00,2019-10-16 09:00:00,1.0
CAD_CHF,2019-10-14 05:00:00,2019-10-28 09:00:00,-1.0
NZD_JPY,2019-10-15 21:00:00,2019-10-17 21:00:00,1.0
EUR_CHF,2019-10-21 21:00:00,2019-11-10 22:00:00,0.0909231426675132
CAD_CHF,2019-10-23 09:00:00,2019-10-31 09:00:00,1.0
CAD_CHF,2019-10-24 09:00:00,2019-10-31 01:00:00,1.0
EUR_CHF,2019-10-24 21:00:00,2019-11-13 02:00:00,1.0
CAD_CHF,2019-10-25 09:00:00,2019-10-30 13:00:00,1.0
CAD_CHF,2019-10-28 09:00:00,2019-10-30 13:00:00,1.0
NZD_JPY,2019-10-29 05:00:00,2019-11-04 02:00:00,1.0
NZD_JPY,2019-10-30 17:00:00,2019-10-30 21:00:00,1.0
NZD_USD,2019-11-03 22:00:00,2019-11-05 14:00:00,1.0
AUD_JPY,2019-11-04 10:00:00,2019-11-07 14:00:00,1.0
CAD_CHF,2019-11-06 10:00:00,2019-11-13 06:00:00,1.0
NZD_JPY,2019-11-07 22:00:00,2019-11-27 06:00:00,1.0
CAD_CHF,2019-11-08 06:00:00,2019-11-13 06:00:00,1.0
EUR_CHF,2019-11-10 22:00:00,2019-11-13 14:00:00,1.0
NZD_USD,2019-11-18 14:00:00,2019-12-02 10:00:00,-1.0
CAD_CHF,2019-11-18 18:00:00,2019-12-06 18:00:00,0.04809876279293873
NZD_USD,2019-11-18 22:00:00,2019-12-02 10:00:00,-1.0
NZD_USD,2019-11-20 14:00:00,2019-12-02 14:00:00,-1.0
AUD_JPY,2019-11-20 22:00:00,2019-12-02 06:00:00,1.0
AUD_JPY,2019-11-21 14:00:00,2019-12-03 02:00:00,1.0
EUR_CHF,2019-11-24 22:00:00,2019-12-12 22:00:00,-0.05272247977456803
CAD_CHF,2019-12-02 06:00:00,2019-12-02 14:00:00,1.0
NZD_JPY,2019-12-10 06:00:00,2019-12-12 14:00:00,1.0
AUD_JPY,2019-12-16 18:00:00,2019-12-26 18:00:00,1.0
AUD_JPY,2019-12-19 10:00:00,2019-12-26 14:00:00,1.0
CAD_CHF,2019-12-23 10:00:00,2020-01-14 10:00:00,0.6068643999678492
NZD_USD,2019-12-24 14:00:00,2019-12-27 10:00:00,-1.0
CAD_CHF,2020-01-03 06:00:00,2020-01-14 10:00:00,1.0
EUR_CHF,2020-01-09 18:00:00,2020-01-26 22:00:00,1.0
EUR_CHF,2020-01-22 22:00:00,2020-02-11 22:00:00,0.8989893349712423
NZD_JPY,2020-01-24 14:00:00,2020-01-26 22:00:00,-1.0
CAD_CHF,2020-01-27 06:00:00,2020-01-31 10:00:00,1.0
CAD_CHF,2020-01-28 10:00:00,2020-01-31 14:00:00,1.0
EUR_CHF,2020-01-28 10:00:00,2020-02-17 10:00:00,0.5812812485397777
AUD_JPY,2020-01-31 06:00:00,2020-01-31 18:00:00,-1.0
EUR_CHF,2020-02-06 02:00:00,2020-02-20 10:00:00,1.0
CAD_CHF,2020-02-06 22:00:00,2020-02-16 22:00:00,-1.0
CAD_CHF,2020-02-13 10:00:00,2020-02-26 22:00:00,1.0
CAD_CHF,2020-02-13 22:00:00,2020-02-26 06:00:00,1.0
AUD_JPY,2020-02-17 10:00:00,2020-02-24 14:00:00,-1.0
EUR_CHF,2020-02-17 22:00:00,2020-03-08 21:00:00,0.625916318935389
NZD_JPY,2020-02-17 22:00:00,2020-02-25 06:00:00,-1.0
CAD_CHF,2020-02-20 06:00:00,2020-02-24 14:00:00,1.0
EUR_CHF,2020-02-24 14:00:00,2020-03-13 13:00:00,0.361762461492064
EUR_CHF,2020-02-25 14:00:00,2020-03-16 13:00:00,0.43073790964871195
EUR_CHF,2020-02-26 10:00:00,2020-03-17 09:00:00,0.5592325145692385
EUR_CHF,2020-02-28 14:00:00,2020-03-12 13:00:00,1.0
EUR_CHF,2020-03-02 14:00:00,2020-03-09 01:00:00,1.0
NZD_USD,2020-03-05 22:00:00,2020-03-09 01:00:00,1.0
AUD_JPY,2020-03-10 13:00:00,2020-03-10 17:00:00,-1.0
AUD_JPY,2020-03-13 13:00:00,2020-03-13 17:00:00,1.0
NZD_JPY,2020-03-15 21:00:00,2020-03-16 05:00:00,-1.0
EUR_CHF,2020-03-17 21:00:00,2020-04-06 21:00:00,0.22387848216056655
AUD_JPY,2020-03-18 05:00:00,2020-03-18 09:00:00,-1.0
NZD_USD,2020-03-27 13:00:00,2020-03-27 17:00:00,-1.0
AUD_JPY,2020-03-29 21:00:00,2020-03-30 21:00:00,1.0
NZD_USD,2020-03-30 13:00:00,2020-03-30 21:00:00,1.0
CAD_CHF,2020-04-01 13:00:00,2020-04-02 13:00:00,-1.0
EUR_CHF,2020-04-10 17:00:00,2020-04-30 17:00:00,-0.09272137227630785
NZD_USD,2020-04-10 17:00:00,2020-04-15 05:00:00,1.0
NZD_JPY,2020-04-14 05:00:00,2020-04-15 05:00:00,-1.0
AUD_JPY,2020-04-22 21:00:00,2020-04-23 13:00:00,1.0
NZD_JPY,2020-04-23 17:00:00,2020-04-29 17:00:00,1.000000000000011
CAD_CHF,2020-04-28 21:00:00,2020-05-01 01:00:00,1.0
NZD_JPY,2020-04-28 21:00:00,2020-04-29 17:00:00,1.0
EUR_CHF,2020-05-06 21:00:00,2020-05-18 17:00:00,-1.0
CAD_CHF,2020-05-08 17:00:00,2020-05-12 13:00:00,1.0
EUR_CHF,2020-05-18 09:00:00,2020-05-18 17:00:00,-1.0
NZD_JPY,2020-05-25 21:00:00,2020-05-26 05:00:00,1.0
AUD_JPY,2020-05-28 17:00:00,2020-05-31 21:00:00,1.0
EUR_CHF,2020-05-29 05:00:00,2020-06-03 05:00:00,-1.0
CAD_CHF,2020-06-03 05:00:00,2020-06-05 13:00:00,-1.0
NZD_USD,2020-06-07 21:00:00,2020-06-08 21:00:00,-1.0
EUR_CHF,2020-06-08 05:00:00,2020-06-09 05:00:00,1.0
EUR_CHF,2020-06-16 17:00:00,2020-07-06 17:00:00,0.5626574601101196
CAD_CHF,2020-06-17 13:00:00,2020-06-24 09:00:00,1.0
NZD_JPY,2020-06-17 17:00:00,2020-06-21 21:00:00,-1.0
AUD_JPY,2020-06-19 13:00:00,2020-06-22 21:00:00,1.0
EUR_CHF,2020-06-21 21:00:00,2020-07-09 21:00:00,0.39520126164014
AUD_JPY,2020-06-25 21:00:00,2020-06-30 13:00:00,1.0
CAD_CHF,2020-06-29 13:00:00,2020-07-15 17:00:00,-1.0
NZD_USD,2020-07-03 05:00:00,2020-07-08 21:00:00,-1.0
NZD_USD,2020-07-05 21:00:00,2020-07-21 09:00:00,-1.0
CAD_CHF,2020-07-10 17:00:00,2020-07-15 17:00:00,-1.0
AUD_JPY,2020-07-13 17:00:00,2020-07-21 01:00:00,1.0
AUD_JPY,2020-07-14 13:00:00,2020-07-15 01:00:00,1.0
EUR_CHF,2020-07-16 09:00:00,2020-08-05 09:00:00,0.126089375115894
NZD_USD,2020-07-16 13:00:00,2020-07-21 09:00:00,-1.0
AUD_JPY,2020-07-16 17:00:00,2020-07-21 05:00:00,1.0
NZD_JPY,2020-07-16 17:00:00,2020-07-21 09:00:00,1.0
AUD_JPY,2020-07-17 05:00:00,2020-07-21 05:00:00,1.0
NZD_JPY,2020-07-17 09:00:00,2020-07-21 09:00:00,1.0
NZD_USD,2020-07-23 05:00:00,2020-08-03 09:00:00,1.0
AUD_JPY,2020-07-31 01:00:00,2020-08-05 05:00:00,1.0
CAD_CHF,2020-08-04 13:00:00,2020-08-19 13:00:00,-1.0
CAD_CHF,2020-08-05 09:00:00,2020-08-25 09:00:00,-0.3841285084464611
NZD_JPY,2020-08-11 09:00:00,2020-08-17 09:00:00,-1.0
EUR_CHF,2020-08-13 21:00:00,2020-09-01 09:00:00,-1.0
NZD_USD,2020-08-13 21:00:00,2020-08-19 05:00:00,-1.0
CAD_CHF,2020-08-18 17:00:00,2020-08-19 17:00:00,-1.0
AUD_JPY,2020-08-24 13:00:00,2020-08-25 21:00:00,1.0
EUR_CHF,2020-08-26 05:00:00,2020-09-01 09:00:00,-1.0
CAD_CHF,2020-08-27 09:00:00,2020-09-02 05:00:00,-1.0
NZD_USD,2020-08-31 13:00:00,2020-09-04 13:00:00,1.0
CAD_CHF,2020-09-02 21:00:00,2020-09-03 17:00:00,1.0
NZD_USD,2020-09-11 01:00:00,2020-09-15 05:00:00,-1.0
NZD_USD,2020-09-15 21:00:00,2020-09-18 01:00:00,-1.0
CAD_CHF,2020-09-16 13:00:00,2020-10-06 13:00:00,-0.0377320156152549
EUR_CHF,2020-09-24 05:00:00,2020-10-14 05:00:00,0.30366910282958914
AUD_JPY,2020-09-25 05:00:00,2020-09-29 05:00:00,1.0
CAD_CHF,2020-09-25 17:00:00,2020-09-29 13:00:00,1.0
EUR_CHF,2020-09-25 17:00:00,2020-10-15 09:00:00,1.0
EUR_CHF,2020-09-30 21:00:00,2020-10-15 09:00:00,1.0
NZD_USD,2020-10-02 05:00:00,2020-10-06 21:00:00,1.0
CAD_CHF,2020-10-02 17:00:00,2020-10-22 17:00:00,0.2267704707292719
EUR_CHF,2020-10-08 21:00:00,2020-10-28 13:00:00,1.0
NZD_USD,2020-10-12 21:00:00,2020-10-15 09:00:00,1.0
EUR_CHF,2020-10-21 13:00:00,2020-11-10 14:00:00,-0.7675520405879308
NZD_JPY,2020-10-21 21:00:00,2020-10-26 13:00:00,1.0
CAD_CHF,2020-10-23 13:00:00,2020-10-28 13:00:00,1.0
NZD_USD,2020-10-23 17:00:00,2020-10-29 09:00:00,1.0
EUR_CHF,2020-11-03 22:00:00,2020-11-09 14:00:00,-1.0
NZD_USD,2020-11-04 10:00:00,2020-11-05 06:00:00,-1.0
NZD_USD,2020-11-08 22:00:00,2020-11-09 14:00:00,-1.0
EUR_CHF,2020-11-11 06:00:00,2020-12-01 06:00:00,-0.3956661612986792
NZD_USD,2020-11-11 22:00:00,2020-11-13 02:00:00,1.0
EUR_CHF,2020-11-17 14:00:00,2020-12-07 14:00:00,0.2431065879112379
NZD_USD,2020-11-17 18:00:00,2020-11-22 22:00:00,-1.0
EUR_CHF,2020-11-22 22:00:00,2020-12-10 22:00:00,0.42735833348748425
EUR_CHF,2020-11-23 06:00:00,2020-12-11 06:00:00,0.5439106062568057
CAD_CHF,2020-11-23 14:00:00,2020-12-03 10:00:00,1.0
CAD_CHF,2020-12-07 18:00:00,2020-12-21 06:00:00,1.0
CAD_CHF,2020-12-10 02:00:00,2020-12-21 06:00:00,1.0
CAD_CHF,2020-12-11 10:00:00,2020-12-21 02:00:00,1.0
NZD_USD,2020-12-13 22:00:00,2020-12-17 10:00:00,-1.0
EUR_CHF,2020-12-14 22:00:00,2020-12-28 06:00:00,-1.0
NZD_USD,2020-12-16 18:00:00,2020-12-17 10:00:00,-1.0
AUD_JPY,2020-12-17 14:00:00,2020-12-21 06:00:00,-1.0
AUD_JPY,2020-12-20 22:00:00,2020-12-21 06:00:00,-1.0
EUR_CHF,2020-12-22 10:00:00,2021-01-13 10:00:00,0.38815795539411024
CAD_CHF,2020-12-22 14:00:00,2020-12-24 14:00:00,-1.0
CAD_CHF,2020-12-28 06:00:00,2021-01-13 18:00:00,-1.0
EUR_CHF,2020-12-28 22:00:00,2021-01-15 10:00:00,1.0
EUR_CHF,2020-12-30 22:00:00,2021-01-18 10:00:00,1.0
AUD_JPY,2021-01-05 22:00:00,2021-01-06 14:00:00,1.0
AUD_JPY,2021-01-14 10:00:00,2021-01-15 14:00:00,-1.0
NZD_JPY,2021-01-14 18:00:00,2021-01-15 14:00:00,-1.0
AUD_JPY,2021-01-19 14:00:00,2021-01-28 06:00:00,-1.0
CAD_CHF,2021-01-21 14:00:00,2021-01-22 10:00:00,1.0
NZD_USD,2021-01-25 18:00:00,2021-01-27 22:00:00,1.0
AUD_JPY,2021-01-29 02:00:00,2021-02-05 14:00:00,1.0
CAD_CHF,2021-01-29 06:00:00,2021-02-01 06:00:00,-1.0
EUR_CHF,2021-01-29 06:00:00,2021-02-18 06:00:00,-0.5218053350417361
CAD_CHF,2021-02-02 02:00:00,2021-02-04 06:00:00,-1.0
NZD_USD,2021-02-02 18:00:00,2021-02-09 02:00:00,-1.0
AUD_JPY,2021-02-03 14:00:00,2021-02-05 14:00:00,1.0
CAD_CHF,2021-02-03 14:00:00,2021-02-19 14:00:00,-1.0
EUR_CHF,2021-02-04 10:00:00,2021-02-23 06:00:00,-1.0
EUR_CHF,2021-02-08 22:00:00,2021-02-23 06:00:00,-1.0
NZD_JPY,2021-02-11 18:00:00,2021-02-15 22:00:00,1.0
NZD_USD,2021-02-11 22:00:00,2021-02-17 14:00:00,1.0
NZD_JPY,2021-02-14 22:00:00,2021-02-15 22:00:00,1.0
EUR_CHF,2021-02-15 18:00:00,2021-02-22 06:00:00,-1.0
NZD_JPY,2021-02-18 14:00:00,2021-02-19 10:00:00,1.0
CAD_CHF,2021-02-25 06:00:00,2021-02-25 18:00:00,1.0
CAD_CHF,2021-03-03 02:00:00,2021-03-04 10:00:00,-1.0
CAD_CHF,2021-03-03 14:00:00,2021-03-04 14:00:00,-1.0
NZD_USD,2021-03-03 22:00:00,2021-03-04 18:00:00,1.0
NZD_JPY,2021-03-04 10:00:00,2021-03-11 06:00:00,1.0
NZD_JPY,2021-03-08 02:00:00,2021-03-11 06:00:00,1.0
AUD_JPY,2021-03-08 06:00:00,2021-03-11 02:00:00,1.0
CAD_CHF,2021-03-08 10:00:00,2021-03-12 14:00:00,-1.0
AUD_JPY,2021-03-08 18:00:00,2021-03-11 02:00:00,1.0
NZD_USD,2021-03-16 09:00:00,2021-03-22 21:00:00,1.0
EUR_CHF,2021-03-22 05:00:00,2021-04-09 05:00:00,0.47205216085945767
EUR_CHF,2021-04-02 09:00:00,2021-04-12 05:00:00,1.0
NZD_USD,2021-04-05 05:00:00,2021-04-14 05:00:00,-1.0
NZD_JPY,2021-04-09 17:00:00,2021-04-14 13:00:00,1.0
CAD_CHF,2021-04-14 09:00:00,2021-04-20 17:00:00,1.0
EUR_CHF,2021-04-15 21:00:00,2021-05-05 21:00:00,0.6791632708503234
AUD_JPY,2021-04-20 09:00:00,2021-04-20 17:00:00,-1.0
NZD_JPY,2021-04-21 21:00:00,2021-04-28 09:00:00,1.0
EUR_CHF,2021-04-22 09:00:00,2021-05-12 09:00:00,0.5039975344005503
EUR_CHF,2021-04-26 21:00:00,2021-05-06 09:00:00,1.0
NZD_USD,2021-04-29 17:00:00,2021-04-30 13:00:00,1.0
CAD_CHF,2021-05-03 09:00:00,2021-05-12 09:00:00,-1.0
AUD_JPY,2021-05-05 21:00:00,2021-05-09 21:00:00,1.0
AUD_JPY,2021-05-06 09:00:00,2021-05-09 21:00:00,1.0
EUR_CHF,2021-05-06 21:00:00,2021-05-26 21:00:00,0.1186185501163445
CAD_CHF,2021-05-07 09:00:00,2021-05-27 09:00:00,0.23050738427724576
NZD_USD,2021-05-10 21:00:00,2021-05-12 09:00:00,1.0
NZD_USD,2021-05-17 13:00:00,2021-05-26 01:00:00,-1.0
EUR_CHF,2021-05-26 13:00:00,2021-06-15 13:00:00,0.6337251183105472
NZD_USD,2021-05-27 01:00:00,2021-05-28 09:00:00,1.0
CAD_CHF,2021-05-31 17:00:00,2021-06-11 17:00:00,1.0
CAD_CHF,2021-06-03 13:00:00,2021-06-11 13:00:00,1.0
CAD_CHF,2021-06-04 01:00:00,2021-06-11 13:00:00,1.0
CAD_CHF,2021-06-13 21:00:00,2021-06-22 21:00:00,-1.0
NZD_JPY,2021-06-15 01:00:00,2021-06-17 09:00:00,-1.0
CAD_CHF,2021-06-18 09:00:00,2021-07-08 05:00:00,1.0
AUD_JPY,2021-06-21 21:00:00,2021-06-23 05:00:00,1.0
CAD_CHF,2021-06-23 21:00:00,2021-07-08 01:00:00,1.0
EUR_CHF,2021-07-01 21:00:00,2021-07-08 05:00:00,1.0
CAD_CHF,2021-07-05 13:00:00,2021-07-08 01:00:00,1.0
CAD_CHF,2021-07-06 05:00:00,2021-07-06 13:00:00,1.0
EUR_CHF,2021-07-15 09:00:00,2021-08-04 09:00:00,0.8830185193737337
AUD_JPY,2021-07-21 01:00:00,2021-07-22 05:00:00,1.0
NZD_JPY,2021-07-29 13:00:00,2021-08-05 05:00:00,1.0
AUD_JPY,2021-08-03 09:00:00,2021-08-06 13:00:00,1.0
CAD_CHF,2021-08-10 05:00:00,2021-08-16 13:00:00,1.0
CAD_CHF,2021-08-11 09:00:00,2021-08-16 05:00:00,1.0
NZD_USD,2021-08-16 17:00:00,2021-08-17 01:00:00,1.0
EUR_CHF,2021-08-23 21:00:00,2021-08-31 05:00:00,-1.0
NZD_USD,2021-08-30 17:00:00,2021-09-02 05:00:00,-1.0
EUR_CHF,2021-08-31 13:00:00,2021-09-17 09:00:00,-1.0
EUR_CHF,2021-09-02 05:00:00,2021-09-22 05:00:00,0.17892222416926187
EUR_CHF,2021-09-03 05:00:00,2021-09-23 05:00:00,0.30105784545698316
AUD_JPY,2021-09-21 09:00:00,2021-09-23 13:00:00,1.0
NZD_USD,2021-09-22 01:00:00,2021-09-23 13:00:00,-1.0
EUR_CHF,2021-09-26 21:00:00,2021-10-06 09:00:00,1.0
EUR_CHF,2021-09-27 21:00:00,2021-10-06 09:00:00,1.0
EUR_CHF,2021-09-29 13:00:00,2021-10-04 13:00:00,1.0
AUD_JPY,2021-10-07 05:00:00,2021-10-08 13:00:00,1.0
EUR_CHF,2021-10-11 13:00:00,2021-10-29 09:00:00,1.0
CAD_CHF,2021-10-13 05:00:00,2021-10-27 09:00:00,1.0
NZD_USD,2021-10-13 13:00:00,2021-10-14 09:00:00,-1.0
EUR_CHF,2021-10-19 13:00:00,2021-10-29 09:00:00,1.0
NZD_USD,2021-10-20 13:00:00,2021-11-02 13:00:00,1.0
NZD_JPY,2021-10-22 09:00:00,2021-11-02 13:00:00,-1.0
CAD_CHF,2021-10-26 21:00:00,2021-11-01 17:00:00,1.0
EUR_CHF,2021-10-26 21:00:00,2021-11-01 13:00:00,1.0
NZD_USD,2021-10-26 21:00:00,2021-11-02 13:00:00,1.0
CAD_CHF,2021-11-03 13:00:00,2021-11-23 14:00:00,0.1740289051134502
NZD_USD,2021-11-04 17:00:00,2021-11-10 18:00:00,1.0
AUD_JPY,2021-11-08 22:00:00,2021-11-10 02:00:00,-1.0
CAD_CHF,2021-11-09 06:00:00,2021-11-17 02:00:00,-1.0
EUR_CHF,2021-11-11 22:00:00,2021-11-26 06:00:00,1.0
EUR_CHF,2021-11-14 22:00:00,2021-11-26 06:00:00,1.0
CAD_CHF,2021-11-17 02:00:00,2021-11-18 14:00:00,1.0
NZD_JPY,2021-11-18 14:00:00,2021-11-19 10:00:00,-1.0
AUD_JPY,2021-11-19 06:00:00,2021-11-19 10:00:00,-1.0
NZD_USD,2021-11-19 14:00:00,2021-11-23 02:00:00,1.0
NZD_JPY,2021-12-01 10:00:00,2021-12-01 18:00:00,-1.0
AUD_JPY,2021-12-02 10:00:00,2021-12-03 14:00:00,-1.0
AUD_JPY,2021-12-03 14:00:00,2021-12-03 18:00:00,-1.0
CAD_CHF,2021-12-08 06:00:00,2021-12-10 14:00:00,1.0
EUR_CHF,2021-12-09 22:00:00,2021-12-29 22:00:00,0.610666564569837
AUD_JPY,2021-12-15 14:00:00,2021-12-15 18:00:00,1.0
EUR_CHF,2021-12-16 22:00:00,2022-01-05 22:00:00,0.4135760413768004
EUR_CHF,2021-12-20 22:00:00,2022-01-09 22:00:00,-0.27876038142111165
EUR_CHF,2021-12-23 06:00:00,2022-01-12 06:00:00,-0.6424824755712929
EUR_CHF,2021-12-27 22:00:00,2022-01-10 18:00:00,-1.0
NZD_USD,2021-12-31 06:00:00,2022-01-04 10:00:00,1.0
EUR_CHF,2022-01-10 10:00:00,2022-01-24 06:00:00,1.0
CAD_CHF,2022-01-11 14:00:00,2022-01-21 14:00:00,1.0
EUR_CHF,2022-01-11 18:00:00,2022-01-18 14:00:00,1.0
CAD_CHF,2022-01-12 02:00:00,2022-01-13 18:00:00,1.0
AUD_JPY,2022-01-18 02:00:00,2022-01-20 22:00:00,-1.0
NZD_USD,2022-01-20 06:00:00,2022-01-21 06:00:00,1.0
NZD_JPY,2022-01-26 18:00:00,2022-01-28 10:00:00,-1.0
EUR_CHF,2022-01-27 06:00:00,2022-02-03 14:00:00,-1.0
EUR_CHF,2022-01-30 22:00:00,2022-02-03 14:00:00,-1.0
CAD_CHF,2022-02-08 14:00:00,2022-02-21 06:00:00,1.0
CAD_CHF,2022-02-10 10:00:00,2022-02-18 14:00:00,1.0
NZD_USD,2022-02-10 14:00:00,2022-02-11 02:00:00,1.0
AUD_JPY,2022-02-18 10:00:00,2022-02-23 10:00:00,1.0
CAD_CHF,2022-02-23 22:00:00,2022-02-25 18:00:00,-1.0
EUR_CHF,2022-02-23 22:00:00,2022-02-24 14:00:00,1.0
CAD_CHF,2022-02-28 06:00:00,2022-03-11 14:00:00,-1.0
EUR_CHF,2022-02-28 06:00:00,2022-03-01 06:00:00,1.0
NZD_USD,2022-03-02 10:00:00,2022-03-04 10:00:00,-1.0
AUD_JPY,2022-03-09 22:00:00,2022-03-10 22:00:00,1.0
CAD_CHF,2022-03-14 09:00:00,2022-03-16 09:00:00,-1.0
EUR_CHF,2022-03-17 21:00:00,2022-03-18 17:00:00,1.0
NZD_USD,2022-03-18 13:00:00,2022-03-22 17:00:00,-1.0
CAD_CHF,2022-03-23 13:00:00,2022-03-28 05:00:00,-1.0
NZD_USD,2022-03-23 13:00:00,2022-03-28 13:00:00,1.0
CAD_CHF,2022-03-24 13:00:00,2022-03-28 05:00:00,-1.0
NZD_JPY,2022-03-31 01:00:00,2022-04-05 05:00:00,1.0
NZD_JPY,2022-04-01 13:00:00,2022-04-05 05:00:00,1.0
AUD_JPY,2022-04-11 13:00:00,2022-04-19 01:00:00,1.0
AUD_JPY,2022-04-13 21:00:00,2022-04-19 01:00:00,1.0
NZD_USD,2022-04-14 21:00:00,2022-04-18 01:00:00,1.0
CAD_CHF,2022-04-15 13:00:00,2022-04-19 21:00:00,-1.0
EUR_CHF,2022-04-15 13:00:00,2022-04-21 05:00:00,-1.0
CAD_CHF,2022-04-21 13:00:00,2022-04-22 09:00:00,1.0
EUR_CHF,2022-04-28 05:00:00,2022-05-04 09:00:00,-1.0
CAD_CHF,2022-05-03 13:00:00,2022-05-04 17:00:00,-1.0
EUR_CHF,2022-05-05 05:00:00,2022-05-06 13:00:00,-1.0
CAD_CHF,2022-05-06 01:00:00,2022-05-13 17:00:00,-1.0
EUR_CHF,2022-05-09 05:00:00,2022-05-19 05:00:00,1.0
NZD_JPY,2022-05-16 13:00:00,2022-05-17 01:00:00,1.0
CAD_CHF,2022-05-24 09:00:00,2022-05-24 13:00:00,1.0
NZD_USD,2022-05-25 13:00:00,2022-05-27 13:00:00,-1.0
AUD_JPY,2022-05-26 01:00:00,2022-05-27 17:00:00,1.0
EUR_CHF,2022-05-26 09:00:00,2022-06-06 17:00:00,-1.0
AUD_JPY,2022-05-26 21:00:00,2022-05-27 13:00:00,1.0
EUR_CHF,2022-05-27 17:00:00,2022-06-06 17:00:00,-1.0
NZD_USD,2022-05-30 13:00:00,2022-05-31 09:00:00,1.0
CAD_CHF,2022-05-31 21:00:00,2022-06-06 09:00:00,-1.0
CAD_CHF,2022-06-06 05:00:00,2022-06-06 17:00:00,-1.0
CAD_CHF,2022-06-08 05:00:00,2022-06-10 05:00:00,1.0
EUR_CHF,2022-06-08 05:00:00,2022-06-16 05:00:00,1.0
CAD_CHF,2022-06-08 17:00:00,2022-06-09 13:00:00,1.0
EUR_CHF,2022-06-09 09:00:00,2022-06-09 13:00:00,1.0
EUR_CHF,2022-06-14 09:00:00,2022-06-16 05:00:00,1.0
CAD_CHF,2022-06-15 09:00:00,2022-06-16 05:00:00,1.0
AUD_JPY,2022-06-17 01:00:00,2022-06-17 05:00:00,1.0
NZD_USD,2022-06-20 21:00:00,2022-06-22 01:00:00,1.0
EUR_CHF,2022-06-22 13:00:00,2022-06-23 13:00:00,1.0
CAD_CHF,2022-06-24 13:00:00,2022-07-04 09:00:00,-1.0
AUD_JPY,2022-06-26 21:00:00,2022-06-28 09:00:00,1.0
NZD_JPY,2022-06-26 21:00:00,2022-07-01 01:00:00,-1.0
NZD_USD,2022-06-27 21:00:00,2022-06-28 13:00:00,1.0
CAD_CHF,2022-06-28 21:00:00,2022-07-08 05:00:00,-1.0
AUD_JPY,2022-06-30 05:00:00,2022-07-01 01:00:00,-1.0
NZD_USD,2022-07-08 13:00:00,2022-07-11 09:00:00,1.0
CAD_CHF,2022-07-11 09:00:00,2022-07-14 13:00:00,1.0
NZD_JPY,2022-07-13 09:00:00,2022-07-13 13:00:00,1.0
EUR_CHF,2022-07-19 21:00:00,2022-07-22 05:00:00,1.0
AUD_JPY,2022-07-27 01:00:00,2022-07-28 13:00:00,-1.0
CAD_CHF,2022-07-28 05:00:00,2022-08-01 13:00:00,1.0
EUR_CHF,2022-07-28 17:00:00,2022-08-15 09:00:00,1.0
EUR_CHF,2022-08-03 05:00:00,2022-08-15 09:00:00,1.0
CAD_CHF,2022-08-08 09:00:00,2022-08-10 09:00:00,1.0
CAD_CHF,2022-08-11 13:00:00,2022-08-15 09:00:00,1.0
NZD_USD,2022-08-12 01:00:00,2022-08-15 05:00:00,1.0
CAD_CHF,2022-08-17 17:00:00,2022-08-24 13:00:00,-1.0
NZD_JPY,2022-08-19 13:00:00,2022-09-02 09:00:00,1.0
NZD_JPY,2022-08-22 13:00:00,2022-08-29 13:00:00,1.0
NZD_JPY,2022-08-23 13:00:00,2022-08-30 05:00:00,1.0
CAD_CHF,2022-08-25 05:00:00,2022-09-09 05:00:00,1.0
NZD_JPY,2022-08-26 13:00:00,2022-09-02 09:00:00,1.0
CAD_CHF,2022-08-30 21:00:00,2022-09-09 05:00:00,1.0
CAD_CHF,2022-08-31 21:00:00,2022-09-09 05:00:00,1.0
EUR_CHF,2022-09-13 05:00:00,2022-09-15 09:00:00,1.0
AUD_JPY,2022-09-27 05:00:00,2022-09-28 01:00:00,-1.0
NZD_JPY,2022-09-28 21:00:00,2022-09-30 17:00:00,-1.0
EUR_CHF,2022-10-04 21:00:00,2022-10-06 21:00:00,1.0
NZD_USD,2022-10-19 09:00:00,2022-10-20 01:00:00,1.0
AUD_JPY,2022-10-21 13:00:00,2022-10-23 21:00:00,-1.0
CAD_CHF,2022-10-23 21:00:00,2022-10-26 13:00:00,1.0
AUD_JPY,2022-10-25 21:00:00,2022-10-26 05:00:00,1.0
NZD_JPY,2022-10-25 21:00:00,2022-10-28 01:00:00,1.0
EUR_CHF,2022-10-26 05:00:00,2022-11-11 10:00:00,0.9999999999999888
CAD_CHF,2022-10-26 09:00:00,2022-10-26 13:00:00,1.0
EUR_CHF,2022-10-27 05:00:00,2022-11-02 21:00:00,1.000000000000011
NZD_USD,2022-10-27 13:00:00,2022-10-31 13:00:00,1.0
AUD_JPY,2022-10-31 05:00:00,2022-11-02 17:00:00,-1.0
NZD_USD,2022-11-02 01:00:00,2022-11-02 17:00:00,-1.0
CAD_CHF,2022-11-06 22:00:00,2022-11-09 10:00:00,1.0
NZD_JPY,2022-11-14 18:00:00,2022-11-18 06:00:00,1.0
NZD_JPY,2022-11-17 22:00:00,2022-11-18 10:00:00,1.0
CAD_CHF,2022-11-18 18:00:00,2022-11-23 14:00:00,1.0
NZD_USD,2022-11-25 02:00:00,2022-11-27 22:00:00,1.0
NZD_JPY,2022-11-27 22:00:00,2022-11-28 06:00:00,-1.0
AUD_JPY,2022-12-05 14:00:00,2022-12-09 14:00:00,1.0
EUR_CHF,2022-12-08 18:00:00,2022-12-29 18:00:00,0.42983565107458455
NZD_USD,2022-12-12 06:00:00,2022-12-13 10:00:00,-1.0
EUR_CHF,2022-12-14 18:00:00,2023-01-04 18:00:00,0.11650642811553215
CAD_CHF,2022-12-19 22:00:00,2022-12-27 14:00:00,-1.0
AUD_JPY,2022-12-20 02:00:00,2022-12-20 06:00:00,-1.0
NZD_USD,2022-12-20 02:00:00,2022-12-20 10:00:00,1.0
CAD_CHF,2022-12-21 14:00:00,2022-12-23 14:00:00,-1.0
NZD_USD,2022-12-27 22:00:00,2022-12-28 10:00:00,-1.0
NZD_USD,2022-12-30 06:00:00,2023-01-02 02:00:00,1.0
CAD_CHF,2023-01-02 14:00:00,2023-01-03 10:00:00,-1.0
CAD_CHF,2023-01-02 22:00:00,2023-01-03 10:00:00,-1.0
EUR_CHF,2023-01-02 22:00:00,2023-01-11 10:00:00,-1.0
CAD_CHF,2023-01-05 10:00:00,2023-01-12 10:00:00,-1.0
NZD_USD,2023-01-05 10:00:00,2023-01-05 14:00:00,1.0
CAD_CHF,2023-01-06 10:00:00,2023-01-18 06:00:00,1.0
EUR_CHF,2023-01-09 14:00:00,2023-01-11 10:00:00,-1.0
NZD_USD,2023-01-10 10:00:00,2023-01-12 10:00:00,1.0
AUD_JPY,2023-01-11 10:00:00,2023-01-12 10:00:00,-1.0
NZD_USD,2023-01-13 06:00:00,2023-01-18 02:00:00,-1.0
NZD_USD,2023-01-18 22:00:00,2023-01-19 06:00:00,1.0
CAD_CHF,2023-01-24 10:00:00,2023-02-01 18:00:00,1.0
EUR_CHF,2023-01-24 10:00:00,2023-02-07 06:00:00,1.0
NZD_USD,2023-01-24 14:00:00,2023-01-31 06:00:00,1.0
EUR_CHF,2023-01-24 22:00:00,2023-01-31 18:00:00,0.9999999999999889
NZD_USD,2023-01-30 10:00:00,2023-01-31 06:00:00,1.0
NZD_JPY,2023-02-02 10:00:00,2023-02-03 02:00:00,-1.0
EUR_CHF,2023-02-02 18:00:00,2023-02-07 14:00:00,1.0
NZD_USD,2023-02-02 22:00:00,2023-02-03 10:00:00,1.0
AUD_JPY,2023-02-06 06:00:00,2023-02-10 06:00:00,-1.0
CAD_CHF,2023-02-07 02:00:00,2023-02-09 06:00:00,1.0
NZD_JPY,2023-02-09 10:00:00,2023-02-10 06:00:00,-1.0
EUR_CHF,2023-02-19 22:00:00,2023-03-01 06:00:00,-1.0
AUD_JPY,2023-02-20 10:00:00,2023-02-23 14:00:00,-1.0
NZD_JPY,2023-02-20 22:00:00,2023-03-01 02:00:00,1.0
CAD_CHF,2023-02-21 22:00:00,2023-02-27 06:00:00,-1.0
EUR_CHF,2023-02-24 14:00:00,2023-03-01 14:00:00,-1.0
AUD_JPY,2023-02-27 22:00:00,2023-03-07 06:00:00,-1.0
NZD_USD,2023-03-02 10:00:00,2023-03-07 14:00:00,1.0
EUR_CHF,2023-03-08 06:00:00,2023-03-10 02:00:00,1.0
NZD_USD,2023-03-15 01:00:00,2023-03-15 13:00:00,1.0
CAD_CHF,2023-03-16 13:00:00,2023-03-22 17:00:00,1.0
NZD_USD,2023-03-20 13:00:00,2023-03-21 05:00:00,1.0
AUD_JPY,2023-03-21 13:00:00,2023-03-23 17:00:00,-1.0
CAD_CHF,2023-03-29 21:00:00,2023-04-05 09:00:00,1.0
EUR_CHF,2023-03-29 21:00:00,2023-04-06 05:00:00,1.0
CAD_CHF,2023-04-07 09:00:00,2023-04-13 09:00:00,1.0
AUD_JPY,2023-04-17 21:00:00,2023-04-25 13:00:00,-1.0
EUR_CHF,2023-04-25 13:00:00,2023-05-15 13:00:00,0.6616093033703296
NZD_USD,2023-04-25 21:00:00,2023-05-02 09:00:00,-1.0
CAD_CHF,2023-05-01 13:00:00,2023-05-03 05:00:00,1.0
NZD_USD,2023-05-01 21:00:00,2023-05-03 01:00:00,-1.0
NZD_USD,2023-05-04 01:00:00,2023-05-04 13:00:00,-1.0
NZD_USD,2023-05-04 09:00:00,2023-05-08 05:00:00,-1.0
NZD_JPY,2023-05-05 05:00:00,2023-05-07 21:00:00,1.0
NZD_USD,2023-05-05 13:00:00,2023-05-10 09:00:00,-1.0
NZD_JPY,2023-05-15 21:00:00,2023-05-17 09:00:00,1.0
CAD_CHF,2023-05-18 05:00:00,2023-06-01 13:00:00,-1.0
EUR_CHF,2023-05-18 13:00:00,2023-06-07 13:00:00,0.14061810381105683
CAD_CHF,2023-05-24 13:00:00,2023-06-01 13:00:00,-1.0
CAD_CHF,2023-05-30 13:00:00,2023-06-01 13:00:00,-1.0
CAD_CHF,2023-06-02 05:00:00,2023-06-07 13:00:00,-1.0
EUR_CHF,2023-06-02 05:00:00,2023-06-22 05:00:00,-0.8640505705607078
CAD_CHF,2023-06-07 13:00:00,2023-06-27 13:00:00,-0.02508817756526685
CAD_CHF,2023-06-13 09:00:00,2023-07-03 09:00:00,0.10609454202523534
EUR_CHF,2023-06-13 21:00:00,2023-07-03 21:00:00,-0.03170739191359564
CAD_CHF,2023-06-14 05:00:00,2023-06-15 13:00:00,1.0
NZD_USD,2023-06-14 05:00:00,2023-06-14 13:00:00,-1.0
NZD_USD,2023-06-15 05:00:00,2023-06-23 05:00:00,1.0
CAD_CHF,2023-06-21 09:00:00,2023-07-06 13:00:00,1.0
NZD_USD,2023-06-22 21:00:00,2023-06-23 09:00:00,1.0
CAD_CHF,2023-06-23 05:00:00,2023-07-06 09:00:00,1.0
AUD_JPY,2023-06-27 09:00:00,2023-07-07 05:00:00,-1.0
EUR_CHF,2023-06-28 21:00:00,2023-07-11 09:00:00,1.0
NZD_USD,2023-07-05 09:00:00,2023-07-06 13:00:00,1.0
EUR_CHF,2023-07-05 21:00:00,2023-07-12 09:00:00,1.0
EUR_CHF,2023-07-07 17:00:00,2023-07-12 13:00:00,1.0
CAD_CHF,2023-07-10 21:00:00,2023-07-12 13:00:00,1.0
EUR_CHF,2023-07-10 21:00:00,2023-07-12 13:00:00,1.0
AUD_JPY,2023-07-12 21:00:00,2023-07-13 09:00:00,1.0
CAD_CHF,2023-07-17 09:00:00,2023-07-20 13:00:00,-1.0
CAD_CHF,2023-07-18 13:00:00,2023-07-20 13:00:00,-1.0
AUD_JPY,2023-07-18 21:00:00,2023-07-21 05:00:00,1.0
EUR_CHF,2023-07-21 17:00:00,2023-07-27 05:00:00,1.0
NZD_USD,2023-07-26 17:00:00,2023-07-28 01:00:00,1.0
NZD_JPY,2023-07-27 13:00:00,2023-07-27 17:00:00,-1.0
CAD_CHF,2023-07-31 01:00:00,2023-08-08 05:00:00,1.0
EUR_CHF,2023-08-01 05:00:00,2023-08-21 05:00:00,0.06152370226700156
CAD_CHF,2023-08-01 09:00:00,2023-08-04 09:00:00,1.0
AUD_JPY,2023-08-04 17:00:00,2023-08-10 01:00:00,1.0
AUD_JPY,2023-08-07 13:00:00,2023-08-10 01:00:00,1.0
NZD_JPY,2023-08-07 21:00:00,2023-08-10 13:00:00,1.0
NZD_JPY,2023-08-09 09:00:00,2023-08-10 13:00:00,1.0
EUR_CHF,2023-08-11 05:00:00,2023-08-23 05:00:00,1.0
CAD_CHF,2023-08-11 13:00:00,2023-08-31 13:00:00,0.07357223874192045
NZD_USD,2023-08-16 01:00:00,2023-08-21 13:00:00,1.0
NZD_USD,2023-08-16 21:00:00,2023-08-25 05:00:00,1.0
EUR_CHF,2023-08-21 21:00:00,2023-09-10 21:00:00,0.24947807933194102
NZD_USD,2023-08-23 13:00:00,2023-08-25 13:00:00,1.0
CAD_CHF,2023-08-30 13:00:00,2023-09-06 13:00:00,-1.0
AUD_JPY,2023-08-31 13:00:00,2023-09-15 01:00:00,1.0
EUR_CHF,2023-09-07 21:00:00,2023-09-21 05:00:00,-1.0
NZD_JPY,2023-09-12 21:00:00,2023-09-15 05:00:00,1.0
CAD_CHF,2023-09-13 13:00:00,2023-09-18 13:00:00,-1.0
CAD_CHF,2023-09-14 05:00:00,2023-09-19 05:00:00,-1.0
CAD_CHF,2023-09-24 21:00:00,2023-09-27 13:00:00,-1.0
NZD_USD,2023-09-25 09:00:00,2023-09-29 05:00:00,-1.0
NZD_USD,2023-09-26 01:00:00,2023-09-27 17:00:00,1.0
NZD_USD,2023-10-02 05:00:00,2023-10-02 21:00:00,1.0
AUD_JPY,2023-10-05 13:00:00,2023-10-06 13:00:00,1.0
EUR_CHF,2023-10-11 13:00:00,2023-10-13 13:00:00,1.0
AUD_JPY,2023-10-16 21:00:00,2023-10-24 21:00:00,1.0
NZD_USD,2023-10-17 13:00:00,2023-10-18 21:00:00,1.0
CAD_CHF,2023-10-24 21:00:00,2023-11-02 13:00:00,-1.0
CAD_CHF,2023-10-29 21:00:00,2023-11-02 13:00:00,-1.0
CAD_CHF,2023-10-30 09:00:00,2023-11-02 17:00:00,-1.0
CAD_CHF,2023-10-31 05:00:00,2023-11-02 17:00:00,-1.0
CAD_CHF,2023-11-01 13:00:00,2023-11-14 14:00:00,1.0
EUR_CHF,2023-11-06 06:00:00,2023-11-24 06:00:00,-0.042536856630045694
CAD_CHF,2023-11-10 14:00:00,2023-11-16 10:00:00,1.0
EUR_CHF,2023-11-10 18:00:00,2023-11-30 14:00:00,1.0
CAD_CHF,2023-11-13 06:00:00,2023-11-16 10:00:00,1.0
AUD_JPY,2023-11-13 14:00:00,2023-11-14 14:00:00,1.0
CAD_CHF,2023-11-13 22:00:00,2023-11-16 10:00:00,1.0
NZD_USD,2023-11-13 22:00:00,2023-11-14 14:00:00,-1.0
NZD_USD,2023-11-21 22:00:00,2023-11-28 02:00:00,-1.0
CAD_CHF,2023-11-23 18:00:00,2023-12-13 18:00:00,0.10067997707595035
NZD_USD,2023-11-23 18:00:00,2023-11-27 22:00:00,-1.0
CAD_CHF,2023-11-24 06:00:00,2023-12-14 06:00:00,-0.3066914498141399
CAD_CHF,2023-11-28 18:00:00,2023-11-30 14:00:00,1.0
CAD_CHF,2023-12-03 22:00:00,2023-12-17 22:00:00,-1.0
NZD_USD,2023-12-04 10:00:00,2023-12-05 10:00:00,1.0
NZD_USD,2023-12-06 22:00:00,2023-12-13 02:00:00,1.0
CAD_CHF,2023-12-11 10:00:00,2023-12-27 14:00:00,1.0
EUR_CHF,2023-12-11 22:00:00,2023-12-27 14:00:00,1.0
CAD_CHF,2023-12-14 06:00:00,2023-12-17 22:00:00,-1.0
NZD_USD,2023-12-15 06:00:00,2023-12-20 06:00:00,-1.0
CAD_CHF,2023-12-21 06:00:00,2023-12-27 14:00:00,1.0
CAD_CHF,2023-12-22 14:00:00,2023-12-27 14:00:00,1.0
AUD_JPY,2023-12-26 06:00:00,2024-01-01 22:00:00,-1.0
NZD_USD,2023-12-26 18:00:00,2024-01-02 14:00:00,1.0
EUR_CHF,2023-12-27 10:00:00,2023-12-28 02:00:00,1.0
AUD_JPY,2024-01-03 22:00:00,2024-01-05 06:00:00,1.0
NZD_JPY,2024-01-03 22:00:00,2024-01-04 10:00:00,1.0
NZD_JPY,2024-01-08 22:00:00,2024-01-10 22:00:00,1.0
NZD_JPY,2024-01-09 22:00:00,2024-01-11 02:00:00,1.0
NZD_USD,2024-01-10 02:00:00,2024-01-15 22:00:00,1.0
CAD_CHF,2024-01-17 10:00:00,2024-01-19 06:00:00,-1.0
AUD_JPY,2024-01-17 22:00:00,2024-02-01 06:00:00,-1.0
EUR_CHF,2024-01-21 22:00:00,2024-01-26 06:00:00,1.0
CAD_CHF,2024-01-22 06:00:00,2024-01-24 14:00:00,1.0
AUD_JPY,2024-01-23 06:00:00,2024-01-31 14:00:00,-1.0
NZD_USD,2024-01-23 18:00:00,2024-01-31 14:00:00,-1.0
CAD_CHF,2024-01-24 06:00:00,2024-01-24 18:00:00,1.0
NZD_JPY,2024-01-24 10:00:00,2024-02-01 10:00:00,-1.0
NZD_USD,2024-01-25 06:00:00,2024-02-04 22:00:00,1.0
CAD_CHF,2024-01-28 22:00:00,2024-02-07 18:00:00,-1.0
EUR_CHF,2024-02-01 10:00:00,2024-02-09 06:00:00,-1.0
EUR_CHF,2024-02-06 06:00:00,2024-02-13 06:00:00,-1.0
EUR_CHF,2024-02-06 22:00:00,2024-02-13 06:00:00,-1.0
CAD_CHF,2024-02-08 10:00:00,2024-02-13 10:00:00,-1.0
EUR_CHF,2024-02-11 22:00:00,2024-02-20 22:00:00,-1.0
NZD_USD,2024-02-12 06:00:00,2024-02-13 10:00:00,1.0
CAD_CHF,2024-02-13 06:00:00,2024-03-04 06:00:00,0.10590943975440725
CAD_CHF,2024-02-14 06:00:00,2024-02-28 14:00:00,1.0
EUR_CHF,2024-02-14 14:00:00,2024-03-01 10:00:00,-1.0
CAD_CHF,2024-02-18 22:00:00,2024-02-28 10:00:00,1.0
EUR_CHF,2024-02-19 14:00:00,2024-03-01 06:00:00,-1.0
CAD_CHF,2024-02-20 06:00:00,2024-02-28 10:00:00,1.0
NZD_USD,2024-02-20 06:00:00,2024-02-22 06:00:00,-1.0
EUR_CHF,2024-02-23 18:00:00,2024-03-14 17:00:00,-0.8460538455086778
EUR_CHF,2024-02-27 10:00:00,2024-03-18 09:00:00,-0.7546340391237493
AUD_JPY,2024-03-01 10:00:00,2024-03-20 01:00:00,1.0
EUR_CHF,2024-03-04 10:00:00,2024-03-20 17:00:00,-1.0
NZD_USD,2024-03-06 02:00:00,2024-03-07 06:00:00,-1.0
NZD_USD,2024-03-10 21:00:00,2024-03-14 21:00:00,1.0
EUR_CHF,2024-03-11 21:00:00,2024-03-21 05:00:00,-1.0
NZD_JPY,2024-03-18 09:00:00,2024-03-20 17:00:00,1.0
NZD_USD,2024-03-21 21:00:00,2024-03-27 21:00:00,1.0
CAD_CHF,2024-03-27 05:00:00,2024-04-04 09:00:00,-1.0
CAD_CHF,2024-04-03 09:00:00,2024-04-05 13:00:00,1.0
CAD_CHF,2024-04-17 09:00:00,2024-04-19 01:00:00,1.0
NZD_JPY,2024-04-22 05:00:00,2024-04-24 21:00:00,1.0
CAD_CHF,2024-04-23 13:00:00,2024-05-13 13:00:00,0.32590901581484816
CAD_CHF,2024-04-24 05:00:00,2024-05-03 13:00:00,1.0
NZD_USD,2024-04-24 17:00:00,2024-04-30 21:00:00,1.0
EUR_CHF,2024-04-25 13:00:00,2024-05-15 13:00:00,-0.18367909221711173
CAD_CHF,2024-04-29 01:00:00,2024-05-03 09:00:00,1.0
CAD_CHF,2024-05-07 21:00:00,2024-05-20 21:00:00,-1.0
NZD_USD,2024-05-10 13:00:00,2024-05-15 09:00:00,-1.0
EUR_CHF,2024-05-12 21:00:00,2024-05-17 05:00:00,-1.0
CAD_CHF,2024-05-14 09:00:00,2024-05-27 21:00:00,-1.0
EUR_CHF,2024-05-15 09:00:00,2024-05-22 05:00:00,-1.0
AUD_JPY,2024-05-17 05:00:00,2024-05-29 01:00:00,1.0
CAD_CHF,2024-05-20 13:00:00,2024-05-30 05:00:00,1.0
EUR_CHF,2024-05-20 17:00:00,2024-05-30 17:00:00,1.0
NZD_USD,2024-05-22 21:00:00,2024-06-03 13:00:00,-1.0
CAD_CHF,2024-05-23 05:00:00,2024-05-30 05:00:00,1.0
EUR_CHF,2024-05-27 21:00:00,2024-05-30 05:00:00,0.9999999999999888
AUD_JPY,2024-05-31 13:00:00,2024-06-04 05:00:00,-1.0
NZD_USD,2024-06-04 13:00:00,2024-06-07 13:00:00,1.0
NZD_JPY,2024-06-05 13:00:00,2024-06-21 05:00:00,1.0
EUR_CHF,2024-06-11 13:00:00,2024-06-14 05:00:00,1.0
AUD_JPY,2024-06-18 01:00:00,2024-06-18 21:00:00,1.0
NZD_JPY,2024-06-18 01:00:00,2024-06-21 09:00:00,1.0
NZD_USD,2024-06-23 21:00:00,2024-06-28 01:00:00,1.0
EUR_CHF,2024-06-25 05:00:00,2024-07-01 01:00:00,-1.0
NZD_USD,2024-06-25 17:00:00,2024-06-28 01:00:00,1.0
AUD_JPY,2024-06-26 09:00:00,2024-07-01 13:00:00,1.0
EUR_CHF,2024-07-02 09:00:00,2024-07-22 09:00:00,0.35549052540468706
NZD_USD,2024-07-05 09:00:00,2024-07-16 01:00:00,1.0
NZD_JPY,2024-07-09 05:00:00,2024-07-11 09:00:00,-1.0
CAD_CHF,2024-07-10 09:00:00,2024-07-17 05:00:00,1.0
EUR_CHF,2024-07-11 17:00:00,2024-07-24 05:00:00,1.0
EUR_CHF,2024-07-15 09:00:00,2024-07-17 17:00:00,1.0
AUD_JPY,2024-08-06 05:00:00,2024-08-06 13:00:00,1.0
CAD_CHF,2024-08-08 09:00:00,2024-08-12 05:00:00,-1.0
EUR_CHF,2024-08-12 21:00:00,2024-08-15 09:00:00,-1.0
EUR_CHF,2024-08-14 09:00:00,2024-08-27 13:00:00,1.0
EUR_CHF,2024-08-15 01:00:00,2024-08-27 09:00:00,1.0
CAD_CHF,2024-08-26 09:00:00,2024-09-06 13:00:00,1.0
NZD_USD,2024-08-26 17:00:00,2024-08-29 01:00:00,-1.0
AUD_JPY,2024-08-27 09:00:00,2024-09-01 21:00:00,1.0
NZD_USD,2024-08-28 09:00:00,2024-09-03 01:00:00,1.0
CAD_CHF,2024-09-03 05:00:00,2024-09-05 09:00:00,1.0
CAD_CHF,2024-09-05 13:00:00,2024-09-06 13:00:00,1.0
EUR_CHF,2024-09-05 21:00:00,2024-09-20 09:00:00,-1.0
NZD_USD,2024-09-11 17:00:00,2024-09-16 09:00:00,-1.0
NZD_JPY,2024-09-12 21:00:00,2024-09-13 13:00:00,-1.0
NZD_USD,2024-09-15 21:00:00,2024-09-18 09:00:00,-1.0
NZD_USD,2024-09-19 01:00:00,2024-09-24 09:00:00,-1.0
CAD_CHF,2024-09-20 05:00:00,2024-09-25 09:00:00,-1.0
NZD_USD,2024-09-25 13:00:00,2024-09-25 21:00:00,1.0
AUD_JPY,2024-10-01 05:00:00,2024-10-01 13:00:00,-1.0
CAD_CHF,2024-10-03 05:00:00,2024-10-10 09:00:00,1.0
NZD_USD,2024-10-14 13:00:00,2024-10-21 13:00:00,1.0
CAD_CHF,2024-10-15 13:00:00,2024-11-04 14:00:00,0.49164838332559724
CAD_CHF,2024-10-17 13:00:00,2024-10-31 01:00:00,1.0
NZD_JPY,2024-10-21 21:00:00,2024-10-23 01:00:00,1.0
NZD_USD,2024-10-23 01:00:00,2024-10-25 01:00:00,1.0
CAD_CHF,2024-10-23 21:00:00,2024-10-31 13:00:00,1.0
CAD_CHF,2024-10-24 05:00:00,2024-10-31 13:00:00,1.0
EUR_CHF,2024-10-27 21:00:00,2024-11-14 22:00:00,-0.12067621397068291
AUD_JPY,2024-10-31 01:00:00,2024-10-31 13:00:00,-1.0
EUR_CHF,2024-10-31 09:00:00,2024-11-19 06:00:00,1.0
NZD_USD,2024-10-31 17:00:00,2024-11-06 02:00:00,1.0
AUD_JPY,2024-11-03 22:00:00,2024-11-06 06:00:00,1.0
NZD_USD,2024-11-03 22:00:00,2024-11-06 02:00:00,1.0
AUD_JPY,2024-11-04 06:00:00,2024-11-06 06:00:00,1.0
NZD_USD,2024-11-04 22:00:00,2024-11-06 02:00:00,1.0
EUR_CHF,2024-11-06 06:00:00,2024-11-19 06:00:00,1.0
CAD_CHF,2024-11-12 10:00:00,2024-11-22 10:00:00,-1.0
AUD_JPY,2024-11-13 10:00:00,2024-11-15 14:00:00,-1.0
EUR_CHF,2024-11-13 22:00:00,2024-11-22 06:00:00,1.0
AUD_JPY,2024-11-15 06:00:00,2024-11-15 14:00:00,-1.0
AUD_JPY,2024-11-18 22:00:00,2024-11-19 06:00:00,-1.0
CAD_CHF,2024-11-19 14:00:00,2024-11-22 10:00:00,-1.0
CAD_CHF,2024-11-27 14:00:00,2024-12-06 10:00:00,1.0
AUD_JPY,2024-11-28 22:00:00,2024-11-29 10:00:00,-1.0
AUD_JPY,2024-12-02 06:00:00,2024-12-02 14:00:00,-1.0
AUD_JPY,2024-12-03 10:00:00,2024-12-04 02:00:00,-1.0
NZD_USD,2024-12-06 10:00:00,2024-12-10 14:00:00,1.0
CAD_CHF,2024-12-10 06:00:00,2024-12-12 06:00:00,-1.0
EUR_CHF,2024-12-11 22:00:00,2024-12-13 06:00:00,-1.0
CAD_CHF,2024-12-13 06:00:00,2024-12-20 10:00:00,1.0
EUR_CHF,2024-12-16 10:00:00,2025-01-07 10:00:00,-0.6059506918292663
EUR_CHF,2024-12-17 06:00:00,2024-12-19 10:00:00,1.0
CAD_CHF,2024-12-20 06:00:00,2024-12-30 14:00:00,-1.0
EUR_CHF,2024-12-26 10:00:00,2025-01-16 10:00:00,-0.20194249447061755
AUD_JPY,2024-12-30 06:00:00,2024-12-31 02:00:00,-1.0
CAD_CHF,2024-12-31 10:00:00,2025-01-10 10:00:00,-1.0
AUD_JPY,2025-01-02 22:00:00,2025-01-06 06:00:00,1.0
EUR_CHF,2025-01-08 06:00:00,2025-01-24 14:00:00,-1.0
CAD_CHF,2025-01-13 10:00:00,2025-01-20 22:00:00,1.0
CAD_CHF,2025-01-14 10:00:00,2025-01-20 06:00:00,1.0
AUD_JPY,2025-01-19 22:00:00,2025-01-20 10:00:00,1.0
CAD_CHF,2025-01-20 10:00:00,2025-01-27 10:00:00,1.0
EUR_CHF,2025-01-21 10:00:00,2025-02-10 10:00:00,0.3965813415901409
NZD_USD,2025-01-21 14:00:00,2025-01-24 02:00:00,-1.0
EUR_CHF,2025-01-24 02:00:00,2025-02-02 22:00:00,1.0
EUR_CHF,2025-01-31 14:00:00,2025-02-02 22:00:00,1.0
EUR_CHF,2025-02-10 02:00:00,2025-02-12 14:00:00,-1.0
CAD_CHF,2025-02-10 06:00:00,2025-02-24 18:00:00,1.0
CAD_CHF,2025-02-12 10:00:00,2025-02-21 06:00:00,1.0
NZD_USD,2025-02-12 14:00:00,2025-02-14 06:00:00,-1.0
NZD_USD,2025-02-13 14:00:00,2025-02-14 06:00:00,-1.0
NZD_USD,2025-02-17 18:00:00,2025-02-18 22:00:00,1.0
AUD_JPY,2025-02-21 14:00:00,2025-02-21 18:00:00,-1.0
AUD_JPY,2025-03-03 02:00:00,2025-03-03 18:00:00,-1.0
NZD_JPY,2025-03-05 02:00:00,2025-03-05 18:00:00,1.0
CAD_CHF,2025-03-06 14:00:00,2025-03-07 10:00:00,1.0
NZD_USD,2025-03-12 05:00:00,2025-03-17 05:00:00,-1.0
CAD_CHF,2025-03-17 13:00:00,2025-04-03 09:00:00,1.0
NZD_USD,2025-03-18 17:00:00,2025-03-20 05:00:00,1.0
CAD_CHF,2025-03-23 21:00:00,2025-04-03 09:00:00,1.0
AUD_JPY,2025-03-24 13:00:00,2025-03-26 05:00:00,1.0
CAD_CHF,2025-03-25 05:00:00,2025-04-03 09:00:00,1.0
CAD_CHF,2025-03-25 17:00:00,2025-04-03 09:00:00,1.0
EUR_CHF,2025-04-03 09:00:00,2025-04-03 17:00:00,1.0
AUD_JPY,2025-04-08 09:00:00,2025-04-08 13:00:00,-1.0
NZD_JPY,2025-04-10 01:00:00,2025-04-10 05:00:00,1.0
CAD_CHF,2025-04-16 05:00:00,2025-04-17 13:00:00,-1.0
AUD_JPY,2025-04-17 13:00:00,2025-04-23 13:00:00,1.0
EUR_CHF,2025-04-20 21:00:00,2025-04-23 13:00:00,-1.0
NZD_JPY,2025-04-21 13:00:00,2025-04-23 13:00:00,1.0
NZD_USD,2025-04-22 01:00:00,2025-04-22 21:00:00,1.0
EUR_CHF,2025-04-24 13:00:00,2025-05-02 09:00:00,1.0
EUR_CHF,2025-05-04 21:00:00,2025-05-22 21:00:00,0.16009733918222843
NZD_USD,2025-05-06 01:00:00,2025-05-08 05:00:00,1.0
AUD_JPY,2025-05-12 01:00:00,2025-05-12 05:00:00,1.0
NZD_USD,2025-05-14 21:00:00,2025-05-23 13:00:00,-1.0
NZD_USD,2025-05-18 21:00:00,2025-05-21 01:00:00,-1.0
AUD_JPY,2025-05-20 01:00:00,2025-05-20 05:00:00,-1.0
NZD_JPY,2025-05-20 01:00:00,2025-05-22 01:00:00,-1.0
AUD_JPY,2025-05-23 09:00:00,2025-05-26 05:00:00,1.0
EUR_CHF,2025-05-23 17:00:00,2025-06-11 13:00:00,-1.0
NZD_JPY,2025-05-25 21:00:00,2025-05-28 01:00:00,1.0
EUR_CHF,2025-05-26 21:00:00,2025-06-15 21:00:00,-0.16041236672406387
NZD_JPY,2025-06-02 21:00:00,2025-06-05 09:00:00,1.0
CAD_CHF,2025-06-05 21:00:00,2025-06-12 09:00:00,1.0
NZD_USD,2025-06-06 01:00:00,2025-06-19 01:00:00,1.0
NZD_USD,2025-06-10 13:00:00,2025-06-13 09:00:00,1.0
EUR_CHF,2025-06-12 09:00:00,2025-06-12 21:00:00,1.0
AUD_JPY,2025-06-18 21:00:00,2025-07-03 13:00:00,1.0
NZD_JPY,2025-06-18 21:00:00,2025-07-08 09:00:00,1.0
CAD_CHF,2025-06-20 09:00:00,2025-06-23 13:00:00,1.0
AUD_JPY,2025-06-20 13:00:00,2025-07-03 13:00:00,1.0
EUR_CHF,2025-06-23 05:00:00,2025-07-01 05:00:00,1.0
AUD_JPY,2025-06-23 09:00:00,2025-07-03 13:00:00,1.0
AUD_JPY,2025-06-24 05:00:00,2025-07-03 13:00:00,1.0
AUD_JPY,2025-06-25 13:00:00,2025-07-08 01:00:00,1.0
EUR_CHF,2025-06-27 05:00:00,2025-07-17 05:00:00,0.537823734673631
NZD_USD,2025-06-27 05:00:00,2025-07-07 01:00:00,1.0
CAD_CHF,2025-06-27 13:00:00,2025-07-01 09:00:00,1.0
EUR_CHF,2025-06-30 13:00:00,2025-07-18 13:00:00,0.46492737513760485
AUD_JPY,2025-06-30 21:00:00,2025-07-08 01:00:00,1.0
EUR_CHF,2025-07-02 13:00:00,2025-07-22 13:00:00,0.2613035190301883
AUD_JPY,2025-07-02 21:00:00,2025-07-08 01:00:00,1.0
EUR_CHF,2025-07-04 17:00:00,2025-07-24 17:00:00,0.04598635381687187
CAD_CHF,2025-07-11 17:00:00,2025-07-30 13:00:00,-1.0
EUR_CHF,2025-07-11 17:00:00,2025-07-31 17:00:00,0.49360460125332123
EUR_CHF,2025-07-15 13:00:00,2025-08-04 13:00:00,-0.47714743210858523
CAD_CHF,2025-07-17 05:00:00,2025-07-25 17:00:00,1.0
NZD_USD,2025-07-24 13:00:00,2025-07-28 05:00:00,1.0
CAD_CHF,2025-07-29 21:00:00,2025-08-18 21:00:00,0.19626582926579383
AUD_JPY,2025-08-05 21:00:00,2025-08-08 09:00:00,1.0
NZD_JPY,2025-08-06 13:00:00,2025-08-13 05:00:00,1.0
CAD_CHF,2025-08-07 05:00:00,2025-08-20 13:00:00,1.0
CAD_CHF,2025-08-07 21:00:00,2025-08-19 13:00:00,1.0
EUR_CHF,2025-08-07 21:00:00,2025-08-27 21:00:00,0.7683642237714734
CAD_CHF,2025-08-12 09:00:00,2025-08-15 13:00:00,1.0
CAD_CHF,2025-08-15 09:00:00,2025-08-22 13:00:00,1.0
AUD_JPY,2025-08-18 05:00:00,2025-08-20 01:00:00,-1.0
NZD_JPY,2025-08-18 13:00:00,2025-08-20 01:00:00,-1.0
AUD_JPY,2025-08-21 21:00:00,2025-08-29 01:00:00,1.0
NZD_JPY,2025-08-22 13:00:00,2025-09-02 05:00:00,1.0
CAD_CHF,2025-08-26 21:00:00,2025-09-08 13:00:00,1.0
CAD_CHF,2025-08-27 17:00:00,2025-09-05 13:00:00,1.0
NZD_JPY,2025-08-27 21:00:00,2025-09-02 05:00:00,1.0
CAD_CHF,2025-08-28 09:00:00,2025-09-05 13:00:00,1.0
EUR_CHF,2025-09-04 05:00:00,2025-09-24 05:00:00,0.3284212322193993
CAD_CHF,2025-09-14 21:00:00,2025-10-01 05:00:00,1.0
CAD_CHF,2025-09-15 13:00:00,2025-10-03 13:00:00,1.0
EUR_CHF,2025-09-16 01:00:00,2025-10-06 01:00:00,0.22030200624546173
EUR_CHF,2025-09-16 09:00:00,2025-10-06 09:00:00,0.3198168807692771
NZD_USD,2025-09-17 09:00:00,2025-09-17 21:00:00,1.0
AUD_JPY,2025-09-30 05:00:00,2025-10-05 21:00:00,1.0
CAD_CHF,2025-10-02 05:00:00,2025-10-16 01:00:00,1.0
AUD_JPY,2025-10-03 13:00:00,2025-10-05 21:00:00,1.0
CAD_CHF,2025-10-13 21:00:00,2025-10-15 13:00:00,1.0
NZD_USD,2025-10-17 09:00:00,2025-10-29 05:00:00,-1.0
NZD_JPY,2025-10-20 09:00:00,2025-10-21 13:00:00,1.0
NZD_USD,2025-10-24 09:00:00,2025-11-03 14:00:00,1.0
EUR_CHF,2025-10-28 05:00:00,2025-11-17 06:00:00,0.4815894611813019
NZD_USD,2025-10-28 13:00:00,2025-10-31 05:00:00,1.0
CAD_CHF,2025-10-30 09:00:00,2025-11-13 14:00:00,1.0
AUD_JPY,2025-11-06 10:00:00,2025-11-06 14:00:00,-1.0
EUR_CHF,2025-11-06 22:00:00,2025-11-13 14:00:00,1.0
NZD_USD,2025-11-13 06:00:00,2025-11-19 14:00:00,1.0
NZD_USD,2025-11-13 22:00:00,2025-11-19 14:00:00,1.0
AUD_JPY,2025-11-19 14:00:00,2025-11-20 02:00:00,1.0
CAD_CHF,2025-11-20 10:00:00,2025-12-05 14:00:00,-1.0
NZD_JPY,2025-11-24 22:00:00,2025-11-26 02:00:00,1.0
EUR_CHF,2025-12-08 06:00:00,2025-12-29 06:00:00,0.8445801657128208
NZD_USD,2025-12-08 10:00:00,2025-12-23 22:00:00,-1.0
CAD_CHF,2025-12-08 22:00:00,2025-12-11 10:00:00,1.0
EUR_CHF,2025-12-09 10:00:00,2025-12-23 06:00:00,1.0
NZD_USD,2025-12-12 06:00:00,2025-12-18 02:00:00,1.0
NZD_USD,2025-12-17 10:00:00,2025-12-23 06:00:00,-1.0
NZD_JPY,2025-12-17 22:00:00,2025-12-19 14:00:00,1.0
EUR_CHF,2025-12-23 06:00:00,2026-01-14 06:00:00,-0.39315945516263373
CAD_CHF,2025-12-29 10:00:00,2026-01-19 10:00:00,0.5433371978335747
EUR_CHF,2025-12-30 10:00:00,2026-01-20 10:00:00,0.24313885810802774
CAD_CHF,2026-01-01 22:00:00,2026-01-20 06:00:00,1.0
AUD_JPY,2026-01-02 10:00:00,2026-01-12 10:00:00,1.0
AUD_JPY,2026-01-06 06:00:00,2026-01-12 14:00:00,1.0
AUD_JPY,2026-01-08 02:00:00,2026-01-12 22:00:00,1.0
EUR_CHF,2026-01-08 22:00:00,2026-01-23 18:00:00,1.0
AUD_JPY,2026-01-19 22:00:00,2026-01-21 14:00:00,1.0
NZD_USD,2026-01-21 06:00:00,2026-01-22 14:00:00,-1.0
EUR_CHF,2026-01-22 22:00:00,2026-01-27 10:00:00,1.0
NZD_USD,2026-01-23 10:00:00,2026-01-25 22:00:00,-1.0
NZD_USD,2026-01-27 02:00:00,2026-01-27 18:00:00,-1.0
NZD_USD,2026-01-29 02:00:00,2026-02-01 22:00:00,1.0
CAD_CHF,2026-02-01 22:00:00,2026-02-19 22:00:00,0.3956252637501711
AUD_JPY,2026-02-02 02:00:00,2026-02-03 02:00:00,1.0
EUR_CHF,2026-02-05 14:00:00,2026-02-25 14:00:00,0.5711545169166383
CAD_CHF,2026-02-08 22:00:00,2026-02-26 22:00:00,0.48192771084336644
NZD_USD,2026-02-10 22:00:00,2026-02-18 06:00:00,1.0
CAD_CHF,2026-02-17 10:00:00,2026-03-02 18:00:00,-1.0
AUD_JPY,2026-02-17 22:00:00,2026-02-18 22:00:00,1.0
NZD_JPY,2026-02-17 22:00:00,2026-02-25 06:00:00,1.0
EUR_CHF,2026-02-18 22:00:00,2026-03-06 10:00:00,1.0
CAD_CHF,2026-02-20 18:00:00,2026-03-03 06:00:00,-1.0
NZD_JPY,2026-02-23 10:00:00,2026-02-25 06:00:00,1.0
EUR_CHF,2026-02-23 22:00:00,2026-03-01 22:00:00,1.0
NZD_USD,2026-02-24 14:00:00,2026-03-03 06:00:00,1.0
NZD_JPY,2026-03-05 14:00:00,2026-03-10 13:00:00,1.0
NZD_JPY,2026-03-06 06:00:00,2026-03-10 13:00:00,1.0
EUR_CHF,2026-03-13 13:00:00,2026-03-19 09:00:00,-1.0
NZD_JPY,2026-03-17 01:00:00,2026-03-19 13:00:00,-1.0
NZD_JPY,2026-03-20 09:00:00,2026-03-23 09:00:00,-1.0
NZD_USD,2026-03-24 05:00:00,2026-03-26 05:00:00,1.0
EUR_CHF,2026-03-24 09:00:00,2026-03-31 13:00:00,-1.0
AUD_JPY,2026-03-25 21:00:00,2026-03-26 21:00:00,-1.0
AUD_JPY,2026-03-31 13:00:00,2026-04-06 05:00:00,1.0
EUR_CHF,2026-04-01 13:00:00,2026-04-21 13:00:00,0.41055718475073527
CAD_CHF,2026-04-03 09:00:00,2026-04-13 17:00:00,1.0
NZD_USD,2026-04-09 13:00:00,2026-04-14 09:00:00,-1.0
EUR_CHF,2026-04-10 09:00:00,2026-04-30 09:00:00,0.8061025752001828
CAD_CHF,2026-04-10 13:00:00,2026-04-27 21:00:00,-1.0
NZD_USD,2026-04-15 13:00:00,2026-04-23 17:00:00,1.0
NZD_USD,2026-04-22 21:00:00,2026-04-23 17:00:00,1.0
NZD_JPY,2026-04-28 21:00:00,2026-04-30 09:00:00,-1.0
EUR_CHF,2026-04-29 09:00:00,2026-05-06 01:00:00,1.0
EUR_CHF,2026-05-18 09:00:00,2026-06-05 09:00:00,-0.4810635878597
NZD_JPY,2026-05-18 21:00:00,2026-05-27 13:00:00,1.0
EUR_CHF,2026-05-20 21:00:00,2026-06-09 21:00:00,-0.7318884907803813
NZD_JPY,2026-05-20 21:00:00,2026-05-27 13:00:00,1.0
NZD_USD,2026-05-22 13:00:00,2026-05-28 13:00:00,-1.0
