status,pnl_pct,days_held,symbol,score_date
stopped_out,-3.0000000000000027,4,MET,2026-02-13
stopped_out,-3.0000000000000138,5,FHN,2026-02-13
stopped_out,-3.0000000000000138,10,GSSC,2026-02-13
stopped_out,-3.0000000000000027,6,EDU,2026-02-13
stopped_out,-3.0000000000000027,5,MSBI,2026-02-13
success,5.000000000000004,10,LQDT,2026-02-13
stopped_out,-4.92362982929021,10,EWI,2026-02-13
stopped_out,-3.0000000000000027,4,HOMB,2026-02-13
success,5.000000000000004,0,FRPT,2026-02-13
stopped_out,-3.0000000000000027,4,MBUU,2026-02-13
success,5.3840631730079025,13,BTAL,2026-02-17
success,5.000000000000004,3,EPU,2026-02-17
stopped_out,-3.747628083491461,9,TLK,2026-02-17
stopped_out,-3.0000000000000027,2,AMH,2026-02-17
success,5.000000000000004,7,REPX,2026-02-17
success,5.000000000000004,5,BAP,2026-02-17
stopped_out,-3.0000000000000027,9,RDVY,2026-02-17
stopped_out,-5.437274811660664,9,PUK,2026-02-17
stopped_out,-3.2011298105213637,8,RY,2026-02-17
success,5.000000000000004,13,PSO,2026-02-17
stopped_out,-3.0000000000000027,2,BK,2026-02-18
stopped_out,-5.73463268365818,7,CQQQ,2026-02-18
stopped_out,-2.9999999999999916,9,STZ,2026-02-18
stopped_out,-3.0000000000000027,11,ISRG,2026-02-18
stopped_out,-3.0000000000000138,6,BMI,2026-02-18
success,5.000000000000004,5,PFG,2026-02-18
stopped_out,-3.0000000000000027,4,UHAL,2026-02-18
stopped_out,-3.0000000000000027,4,DORM,2026-02-18
success,5.000000000000004,3,AVS,2026-02-18
stopped_out,-3.0000000000000027,2,ABNB,2026-02-18
stopped_out,-3.0000000000000027,11,AXS,2026-02-19
stopped_out,-3.0000000000000027,1,ZION,2026-02-19
stopped_out,-3.0000000000000027,2,NCDL,2026-02-19
stopped_out,-3.0000000000000027,0,TGS,2026-02-19
success,5.000000000000004,4,EBAY,2026-02-19
stopped_out,-3.0000000000000027,0,CMC,2026-02-19
success,5.000000000000004,0,FLG,2026-02-19
stopped_out,-2.9999999999999916,1,WAL,2026-02-19
stopped_out,-3.0000000000000027,3,LKQ,2026-02-19
stopped_out,-3.0000000000000027,3,MHK,2026-02-19
stopped_out,-2.9999999999999916,1,CPNG,2026-02-20
success,5.000000000000004,5,DOW,2026-02-20
stopped_out,-3.0000000000000027,4,WB,2026-02-20
stopped_out,-3.0000000000000027,0,PUK,2026-02-20
stopped_out,-4.257049891540133,1,DB,2026-02-20
stopped_out,-3.3054393305439245,1,BBVA,2026-02-20
stopped_out,-2.9999999999999916,0,SGI,2026-02-20
stopped_out,-3.70435393258427,1,SE,2026-02-20
stopped_out,-3.2767562470532807,1,UBS,2026-02-20
success,5.000000000000004,5,GFL,2026-02-20
stopped_out,-3.0000000000000027,5,ALNY,2026-02-23
stopped_out,-3.0427322567647686,4,CSWC,2026-02-23
stopped_out,-3.0000000000000027,0,FRPT,2026-02-23
stopped_out,-3.0000000000000027,0,AORT,2026-02-23
stopped_out,-3.0000000000000027,0,BMRC,2026-02-23
stopped_out,-3.0000000000000027,8,DIS,2026-02-23
stopped_out,-3.0000000000000027,1,LLYVA,2026-02-23
success,5.000000000000004,2,KRC,2026-02-23
success,5.000000000000004,3,CNX,2026-02-23
stopped_out,-3.0000000000000027,0,AXSM,2026-02-23
stopped_out,-2.9999999999999916,3,MFC,2026-02-24
time_profit,3.260212216174607,13,ATO,2026-02-24
stopped_out,-3.6222509702457995,1,CWT,2026-02-24
time_loss,-1.7325392528424466,13,HR,2026-02-24
stopped_out,-2.9999999999999916,2,FDUS,2026-02-24
success,5.000000000000004,0,UTHR,2026-02-24
stopped_out,-3.0000000000000138,0,FIZZ,2026-02-24
stopped_out,-3.0000000000000027,3,ZBH,2026-02-24
stopped_out,-3.0000000000000027,2,HRZN,2026-02-24
time_profit,1.4980706665657983,13,AEP,2026-02-24
stopped_out,-3.0000000000000027,6,GDEN,2026-02-25
stopped_out,-3.0000000000000027,2,MFC,2026-02-25
success,5.000000000000004,11,WTRG,2026-02-25
stopped_out,-3.0000000000000138,0,AMSF,2026-02-25
stopped_out,-2.9999999999999916,6,EIC,2026-02-25
stopped_out,-3.0000000000000027,5,SYK,2026-02-25
success,5.000000000000004,3,CWT,2026-02-25
stopped_out,-3.0000000000000027,0,OGE,2026-02-25
time_loss,0.0,13,OLK,2026-02-25
stopped_out,-3.0000000000000027,10,GUG,2026-02-25
stopped_out,-3.0000000000000027,6,LADR,2026-02-26
time_loss,-2.2148916116870865,13,TVA,2026-02-26
time_loss,-0.46988466467321466,13,CWAN,2026-02-26
stopped_out,-3.630671872896185,5,ECAT,2026-02-26
time_loss,-0.32593706907357856,13,CSGS,2026-02-26
time_loss,0.0,13,DENN,2026-02-26
time_profit,0.48123195380171957,10,ETHM,2026-02-26
time_loss,-0.3883495145631133,13,CGCT,2026-02-26
time_profit,0.4648010070688491,13,EXAS,2026-02-26
time_loss,0.0,4,AHL,2026-02-26
stopped_out,-3.0000000000000027,12,BHFAP,2026-02-27
stopped_out,-2.9999999999999916,5,WDI,2026-02-27
stopped_out,-3.27510917030569,8,FTHY,2026-02-27
time_loss,-1.3705335291238407,13,AIZN,2026-02-27
stopped_out,-3.0000000000000027,8,AGO,2026-02-27
stopped_out,-3.3546325878594296,4,MHLA,2026-02-27
stopped_out,-3.0000000000000027,5,HWCPZ,2026-02-27
stopped_out,-3.0000000000000027,5,IRT,2026-02-27
time_profit,0.21972534332084237,13,EA,2026-02-27
stopped_out,-3.0000000000000027,4,AFL,2026-02-27
stopped_out,-2.9999999999999916,7,FMS,2026-03-06
stopped_out,-3.4430379746835382,4,AFBI,2026-03-06
stopped_out,-3.0000000000000027,3,RLI,2026-03-06
stopped_out,-3.0000000000000027,0,ORC,2026-03-06
time_profit,0.735835172921262,13,WBS,2026-03-06
stopped_out,-3.0172413793103425,3,FRPH,2026-03-06
time_loss,-0.68359375,13,SVAC,2026-03-06
time_loss,-0.8786584988552781,13,RY,2026-03-06
stopped_out,-3.0000000000000027,9,ABT,2026-03-06
stopped_out,-3.0000000000000027,7,WCN,2026-03-06
time_loss,-2.7272727272727337,13,CMSA,2026-03-09
stopped_out,-2.9999999999999916,3,BNS,2026-03-09
stopped_out,-2.9999999999999916,7,UZE,2026-03-09
time_loss,-0.05946481665014547,13,NEWTI,2026-03-09
stopped_out,-3.0000000000000027,3,BHFAL,2026-03-09
stopped_out,-3.0000000000000027,5,GGG,2026-03-09
success,5.000000000000004,12,AM,2026-03-09
stopped_out,-3.0000000000000027,1,MGEE,2026-03-09
stopped_out,-3.7002104041210293,2,HIG,2026-03-09
time_loss,-0.5490734385724116,13,VOD,2026-03-09
stopped_out,-3.0000000000000027,5,MLP,2026-03-10
stopped_out,-3.0000000000000027,2,BHFAP,2026-03-10
time_loss,-2.7972027972028024,13,PFH,2026-03-10
stopped_out,-3.0000000000000027,10,RFMZ,2026-03-10
stopped_out,-2.9999999999999916,0,MGEE,2026-03-10
stopped_out,-3.0000000000000027,5,SOJE,2026-03-10
stopped_out,-3.0000000000000027,7,DTW,2026-03-10
stopped_out,-3.4941131788833957,1,MTG,2026-03-10
stopped_out,-2.9999999999999916,7,DTG,2026-03-10
stopped_out,-3.0000000000000027,7,TSN,2026-03-10
success,5.157304984915956,2,BKH,2026-03-11
stopped_out,-3.0000000000000027,1,AAPL,2026-03-11
stopped_out,-2.9999999999999916,11,GL,2026-03-11
stopped_out,-3.0000000000000138,7,ATLCP,2026-03-11
time_loss,-2.2838941752157726,13,GOODO,2026-03-11
stopped_out,-3.0000000000000027,13,CMSA,2026-03-11
stopped_out,-3.0000000000000027,6,IRT,2026-03-11
time_profit,2.807201190720332,13,EG,2026-03-11
stopped_out,-2.9999999999999916,6,EFC,2026-03-11
stopped_out,-3.0000000000000027,6,PTA,2026-03-11
stopped_out,-3.0000000000000027,1,SAR,2026-03-12
stopped_out,-3.0000000000000027,5,SPG,2026-03-12
stopped_out,-3.0000000000000027,4,MSFT,2026-03-12
stopped_out,-3.0000000000000027,10,GL,2026-03-12
stopped_out,-3.0000000000000027,3,AVB,2026-03-12
stopped_out,-3.0000000000000027,4,NMAI,2026-03-12
stopped_out,-3.0000000000000027,7,MGR,2026-03-12
stopped_out,-3.0000000000000027,5,TRNO,2026-03-12
time_profit,1.8578727357176028,13,CSWC,2026-03-12
stopped_out,-3.0000000000000027,4,UZE,2026-03-12
time_loss,-1.6208251473477375,4,TGNA,2026-03-13
stopped_out,-3.0000000000000027,4,UMH,2026-03-13
stopped_out,-3.0000000000000027,2,UL,2026-03-13
stopped_out,-3.0000000000000027,2,YORW,2026-03-13
stopped_out,-3.0000000000000027,4,BXMT,2026-03-13
stopped_out,-3.0000000000000027,3,ORI,2026-03-13
stopped_out,-2.9999999999999916,4,NLY,2026-03-13
stopped_out,-3.0000000000000027,4,AZN,2026-03-13
stopped_out,-3.0000000000000027,4,ATLCP,2026-03-13
stopped_out,-3.0000000000000027,4,SOJC,2026-03-13
stopped_out,-3.0000000000000138,1,AIG,2026-03-16
stopped_out,-3.0000000000000027,7,GUG,2026-03-16
time_loss,-0.13282417399966828,13,BHF,2026-03-16
stopped_out,-3.0000000000000027,3,BMEZ,2026-03-16
stopped_out,-3.0000000000000027,3,MAA,2026-03-16
stopped_out,-3.0000000000000027,8,SAR,2026-03-16
time_profit,0.37664783427495685,13,POLE,2026-03-16
stopped_out,-3.0000000000000027,9,AGNCP,2026-03-16
stopped_out,-3.0645161290322687,12,AGNCM,2026-03-16
time_profit,0.5104408352668122,13,AL,2026-03-16
stopped_out,-3.0000000000000027,4,HDL,2026-03-17
stopped_out,-2.9999999999999916,2,UZF,2026-03-17
stopped_out,-2.9999999999999916,2,UZE,2026-03-17
stopped_out,-3.0000000000000027,2,MLP,2026-03-17
stopped_out,-3.0000000000000027,8,TBB,2026-03-17
time_loss,-1.1141191170345732,13,OXLCL,2026-03-17
time_profit,1.243697478991601,13,BHF,2026-03-17
stopped_out,-3.6554832248372637,10,SFB,2026-03-17
stopped_out,-3.0000000000000138,8,EAI,2026-03-17
stopped_out,-3.0000000000000138,6,UZD,2026-03-17
stopped_out,-3.0000000000000027,6,ESS,2026-03-18
stopped_out,-3.0000000000000138,12,PG,2026-03-18
time_profit,2.6926960619320095,13,BHF,2026-03-18
stopped_out,-3.0000000000000027,3,MSFT,2026-03-18
success,5.000000000000004,13,ACGL,2026-03-18
stopped_out,-3.0000000000000027,8,HCXY,2026-03-18
stopped_out,-3.0000000000000027,1,UDR,2026-03-18
stopped_out,-3.0000000000000027,7,GUG,2026-03-18
success,5.000000000000004,5,SNY,2026-03-18
stopped_out,-3.038070825026118,3,MCD,2026-03-18
success,5.000000000000004,12,AIG,2026-03-19
time_profit,1.379310344827589,13,SOJE,2026-03-19
time_profit,1.6122531237404258,13,CPT,2026-03-19
stopped_out,-2.9999999999999916,5,NMAI,2026-03-19
success,5.000000000000004,8,UNP,2026-03-19
success,5.000000000000004,10,AMH,2026-03-19
time_profit,2.5427970767844643,13,AXS,2026-03-19
time_profit,4.202334630350202,13,UVV,2026-03-19
stopped_out,-3.293955333275844,2,NTES,2026-03-19
time_loss,0.0,0,TGNA,2026-03-19
time_profit,3.216295899222721,13,PECO,2026-03-20
stopped_out,-3.0000000000000027,1,FCPT,2026-03-20
success,5.000000000000004,9,BATRK,2026-03-20
time_profit,2.0870434592432874,13,FRMEP,2026-03-20
time_profit,0.08382229673091768,13,SEMR,2026-03-20
success,5.000000000000004,10,NTB,2026-03-20
time_profit,1.775338928340875,13,AAUC,2026-03-20
time_profit,0.48929663608561214,13,WAFDP,2026-03-20
stopped_out,-3.0000000000000027,2,NTST,2026-03-20
time_profit,2.006420545746379,13,GBDC,2026-03-20
stopped_out,-3.0447488799996925,6,AGNCN,2026-03-23
time_profit,3.418124006359302,13,RFMZ,2026-03-23
stopped_out,-2.9999999999999916,5,SOJC,2026-03-23
success,5.062458908612744,1,BHFAP,2026-03-23
time_profit,3.4769028439914473,13,MAA,2026-03-23
success,5.000000000000004,10,AVB,2026-03-23
time_profit,2.1822066229207904,13,WRB,2026-03-23
success,5.000000000000004,11,EPRT,2026-03-23
success,5.000000000000004,9,WPC,2026-03-23
success,5.000000000000004,13,VICI,2026-03-23
time_profit,1.4285714285714235,13,ELS,2026-03-24
time_profit,1.4039125431530408,13,MDT,2026-03-24
time_loss,-1.121304791029576,13,HLN,2026-03-24
success,5.000000000000004,9,ESNT,2026-03-24
success,5.000000000000004,10,UMH,2026-03-24
stopped_out,-3.0000000000000138,5,OHI,2026-03-24
stopped_out,-3.0000000000000027,2,EPRT,2026-03-24
stopped_out,-3.0000000000000027,2,RY,2026-03-24
success,5.650175723168416,5,WLYB,2026-03-24
stopped_out,-3.0000000000000027,2,BNS,2026-03-24
success,5.000000000000004,8,CINF,2026-03-25
stopped_out,-5.7661896864272695,8,COP,2026-03-25
time_profit,3.2235845157735366,13,SAFT,2026-03-25
success,5.000000000000004,9,UGI,2026-03-25
time_profit,2.0925110132158586,13,JSM,2026-03-25
success,5.000000000000004,8,ESNT,2026-03-25
success,5.000000000000004,9,STEW,2026-03-25
success,5.000000000000004,8,O,2026-03-25
time_profit,0.40160642570281624,13,AL,2026-03-25
time_profit,0.379506641366234,13,ALDF,2026-03-25
success,5.000000000000004,3,WDI,2026-03-26
success,6.799704360679981,7,ECAT,2026-03-26
time_profit,3.060380479735314,13,BHF,2026-03-26
time_profit,3.848101265822801,13,ACGLO,2026-03-26
stopped_out,-3.0000000000000027,0,HYAC,2026-03-26
time_profit,1.8890446777066305,13,DTW,2026-03-26
time_profit,0.6627393225331346,13,FTHY,2026-03-26
success,6.074268895985968,7,RY,2026-03-26
time_profit,2.116991643454025,13,JSM,2026-03-26
success,5.225988700564965,9,BCAT,2026-03-26
success,5.000000000000004,2,WDI,2026-03-27
time_profit,2.034709754637931,13,DTB,2026-03-27
success,5.000000000000004,6,BCAT,2026-03-27
success,7.025968282049644,6,RY,2026-03-27
stopped_out,-3.0000000000000027,2,AIZN,2026-03-27
stopped_out,-3.0000000000000027,7,AIRTP,2026-03-27
success,5.000000000000004,12,ADC,2026-03-27
time_profit,2.6903553299492344,13,UZD,2026-03-27
time_profit,0.1386962552011095,13,TBB,2026-03-27
time_profit,0.3883495145631022,13,FERA,2026-03-27
time_profit,3.5970785149117557,13,DTB,2026-03-30
time_profit,0.935016362786345,13,TBB,2026-03-30
time_profit,1.071281417387726,13,AGNCP,2026-03-30
success,5.000000000000004,5,STEW,2026-03-30
success,5.000000000000004,12,WDI,2026-03-30
time_profit,2.3547257876312733,13,CMSA,2026-03-30
time_profit,0.4646840148698983,13,ALF,2026-03-30
time_profit,0.3883495145631022,13,FERA,2026-03-30
time_profit,0.4758757435558536,4,HOLX,2026-03-30
time_profit,0.09233610341643494,13,GPAT,2026-03-30
success,5.000000000000004,7,ACGLN,2026-03-31
time_profit,0.3172085646312439,13,FITBI,2026-03-31
success,5.000000000000004,2,BHFAL,2026-03-31
success,5.000000000000004,9,ACGLO,2026-03-31
time_profit,3.3264033264033266,13,SFB,2026-03-31
time_loss,0.0,13,FOLD,2026-03-31
time_profit,0.5166744950681146,13,GIG,2026-03-31
time_loss,0.0,13,FRGE,2026-03-31
time_loss,-0.18450184501844769,13,GPAT,2026-03-31
time_loss,0.0,13,GOGL,2026-03-31
time_profit,2.9480580252690736,13,CMSA,2026-04-01
success,6.199095022624412,3,FMS,2026-04-01
time_profit,0.9414029084687803,13,OXLCO,2026-04-01
time_profit,3.6231884057970953,13,JSM,2026-04-01
time_loss,0.0,13,GATE,2026-04-01
time_profit,0.6759443339960258,13,FITBI,2026-04-01
time_profit,0.1936108422071703,13,FERA,2026-04-01
time_profit,0.5639097744360777,13,GIG,2026-04-01
time_profit,2.177177177177181,13,FTHY,2026-04-01
stopped_out,-3.0000000000000138,4,AIRTP,2026-04-01
time_profit,3.864734299516903,13,DTG,2026-04-02
time_loss,-1.6453382084095192,13,WBD,2026-04-02
time_loss,-0.7209612817089539,13,SLMBP,2026-04-02
time_profit,4.154799798961317,13,BHF,2026-04-02
time_profit,1.526717557251911,13,GOODO,2026-04-02
success,5.000000000000004,11,STEW,2026-04-02
success,5.000000000000004,4,RY,2026-04-02
time_profit,2.0942408376963373,13,SOJE,2026-04-02
time_profit,0.13850415512466352,13,FOLD,2026-04-02
time_loss,-0.688599846977811,13,FRMEP,2026-04-02
stopped_out,-3.0000000000000027,0,VALU,2026-04-06
success,5.000000000000004,10,STEW,2026-04-06
success,5.000000000000004,8,INVH,2026-04-06
success,6.409638554216857,5,BSVN,2026-04-06
success,5.000000000000004,12,HMN,2026-04-06
success,5.4940658754500715,3,ALC,2026-04-06
time_profit,3.230769230769215,13,SFB,2026-04-06
time_profit,2.387945345422038,13,MGEE,2026-04-06
time_loss,-1.8057589067837831,13,UZD,2026-04-06
success,5.000000000000004,1,TFC,2026-04-06
stopped_out,-5.419766206163656,6,HOMB,2026-04-07
time_loss,-1.1942606753157503,13,UL,2026-04-07
success,5.000000000000004,7,AIZN,2026-04-07
success,5.000000000000004,9,STWD,2026-04-07
time_profit,1.5019762845849716,13,FINS,2026-04-07
stopped_out,-3.0000000000000027,0,MSFT,2026-04-07
time_profit,1.990049751243772,13,ACGLO,2026-04-07
time_profit,0.5122143420015934,13,CBSH,2026-04-07
success,5.000000000000004,8,NMIH,2026-04-07
success,5.000000000000004,7,ORI,2026-04-07
stopped_out,-3.0000000000000027,1,ROP,2026-04-08
success,5.000000000000004,3,TFX,2026-04-08
time_profit,0.2998500749625155,13,UZD,2026-04-08
time_profit,0.5539286596337734,13,GOODO,2026-04-08
success,5.000000000000004,3,TSLX,2026-04-08
stopped_out,-3.0000000000000027,1,IBM,2026-04-08
success,5.000000000000004,5,GIB,2026-04-08
time_profit,3.0612244897959107,13,SFB,2026-04-08
stopped_out,-3.0000000000000138,2,AM,2026-04-08
time_loss,-0.2807017543859591,13,GLPG,2026-04-08
success,5.088495575221241,3,GSBD,2026-04-09
stopped_out,-3.0000000000000027,4,MAA,2026-04-09
time_profit,1.0306153379811889,13,CPRT,2026-04-09
success,5.000000000000004,3,HOVNP,2026-04-09
stopped_out,-3.0000000000000027,7,ITGR,2026-04-09
stopped_out,-3.6476256022023312,1,MICC,2026-04-09
time_profit,0.8312958435207962,13,EAI,2026-04-09
time_profit,1.9161327897495806,8,DHIL,2026-04-09
stopped_out,-3.0000000000000027,1,CRH,2026-04-09
stopped_out,-3.0000000000000027,8,ING,2026-04-09
stopped_out,-3.256972111553791,2,ABT,2026-04-13
stopped_out,-5.6042228212039635,10,AWI,2026-04-13
success,5.000000000000004,2,MOMO,2026-04-13
stopped_out,-3.0000000000000027,3,KMI,2026-04-13
success,5.000000000000004,5,A,2026-04-13
success,5.000000000000004,1,MAIN,2026-04-13
time_profit,2.785460292374564,13,CBSH,2026-04-13
stopped_out,-2.9999999999999916,2,CAE,2026-04-13
success,5.000000000000004,3,MSIF,2026-04-13
stopped_out,-3.0000000000000027,8,ABBV,2026-04-13
stopped_out,-3.0000000000000027,0,FBK,2026-04-14
time_profit,1.7481631618951,13,ABM,2026-04-14
stopped_out,-3.0000000000000027,0,SSD,2026-04-14
success,7.476038338658131,10,V,2026-04-14
stopped_out,-2.9999999999999916,1,SMP,2026-04-14
stopped_out,-3.0000000000000027,4,ZTS,2026-04-14
stopped_out,-3.0000000000000027,3,GEL,2026-04-14
success,5.000000000000004,4,ADP,2026-04-14
success,5.3439564710454635,9,UVV,2026-04-14
time_loss,-1.4293882218410547,13,SOJE,2026-04-14
success,5.000000000000004,1,ABG,2026-04-15
success,5.000000000000004,6,MGEE,2026-04-15
stopped_out,-2.9999999999999916,9,MGRB,2026-04-15
success,5.000000000000004,2,ISTR,2026-04-15
success,5.000000000000004,4,HAFC,2026-04-15
success,5.000000000000004,3,LOW,2026-04-15
stopped_out,-3.0000000000000027,3,MMM,2026-04-15
stopped_out,-3.0000000000000027,3,BIPC,2026-04-15
stopped_out,-3.0000000000000027,0,HEI,2026-04-15
time_loss,-1.6676250718803853,13,ACGLN,2026-04-15
success,5.000000000000004,13,FHB,2026-04-16
stopped_out,-3.0000000000000027,4,NVS,2026-04-16
stopped_out,-3.0000000000000027,7,PFGC,2026-04-16
stopped_out,-3.0000000000000138,2,PBFS,2026-04-16
stopped_out,-3.0000000000000027,2,HII,2026-04-16
stopped_out,-3.0000000000000027,6,CGBD,2026-04-16
stopped_out,-2.9999999999999916,2,PFSI,2026-04-16
success,5.000000000000004,10,PFLT,2026-04-16
stopped_out,-2.9999999999999916,5,BMEZ,2026-04-16
time_profit,1.337003539127024,13,AGNCN,2026-04-16
time_profit,0.23877745940781292,12,PKST,2026-04-17
time_loss,0.0,13,IMXI,2026-04-17
success,5.000000000000004,12,SGU,2026-04-17
stopped_out,-3.0000000000000027,1,BLCO,2026-04-17
stopped_out,-3.0000000000000027,3,TSLX,2026-04-17
stopped_out,-3.0000000000000027,7,GIS,2026-04-17
success,5.621850967913011,12,SMP,2026-04-17
time_profit,0.4778972520907976,13,RZB,2026-04-17
success,5.000000000000004,2,HAFC,2026-04-17
time_profit,2.599697122665323,13,SFB,2026-04-17
stopped_out,-3.0000000000000027,0,MLP,2026-04-20
success,5.000000000000004,5,MTG,2026-04-20
stopped_out,-3.0000000000000138,2,LAUR,2026-04-20
success,5.000000000000004,6,EXE,2026-04-20
time_profit,3.732503888024885,13,MFC,2026-04-20
stopped_out,-3.0000000000000027,6,GLPG,2026-04-20
success,5.000000000000004,3,RILYT,2026-04-20
stopped_out,-3.0000000000000027,3,V,2026-04-20
time_loss,0.0,5,ACLX,2026-04-20
time_loss,-0.2431610942249196,13,SEM,2026-04-20
time_profit,2.5277213578363433,13,BCAR,2026-04-21
stopped_out,-3.0000000000000027,4,AB,2026-04-21
stopped_out,-3.0000000000000027,7,LKQ,2026-04-21
stopped_out,-3.0000000000000138,5,CTAS,2026-04-21
success,5.000000000000004,6,DTE,2026-04-21
time_profit,0.6738939349545836,13,CPF,2026-04-21
stopped_out,-3.0000000000000027,5,FMS,2026-04-21
stopped_out,-3.3816425120772875,1,BANC,2026-04-21
stopped_out,-3.0000000000000027,1,QCRH,2026-04-21
time_profit,4.114621601763413,13,NMAI,2026-04-21
success,5.000000000000004,0,KREF,2026-04-22
time_loss,-0.3144654088050314,13,IMXI,2026-04-22
stopped_out,-3.0000000000000027,10,SRE,2026-04-22
stopped_out,-3.0000000000000027,3,PJT,2026-04-22
stopped_out,-3.0000000000000027,0,BR,2026-04-22
success,5.000000000000004,2,IX,2026-04-22
stopped_out,-3.0000000000000027,3,GGG,2026-04-22
stopped_out,-3.0000000000000027,5,FPI,2026-04-22
time_profit,3.589196872778966,13,EPR,2026-04-22
success,5.000000000000004,6,LECO,2026-04-22
time_profit,0.44286979627989886,13,ANSC,2026-04-23
time_loss,0.0,13,APXT,2026-04-23
success,5.1948051948051965,5,HTGC,2026-04-23
stopped_out,-3.0000000000000027,3,SPGI,2026-04-23
time_profit,0.4739336492890933,13,DMAA,2026-04-23
success,7.401812688821741,8,DEO,2026-04-23
time_profit,4.283054003724396,10,CTLP,2026-04-23
success,5.000000000000004,4,BEKE,2026-04-23
success,5.000000000000004,10,UNH,2026-04-23
stopped_out,-3.0000000000000027,3,LH,2026-04-23
success,6.972639011473958,5,PLOW,2026-04-27
stopped_out,-3.0000000000000027,4,BSVN,2026-04-27
stopped_out,-3.0000000000000138,2,SUZ,2026-04-27
stopped_out,-3.0000000000000027,1,HRL,2026-04-27
stopped_out,-3.0000000000000027,12,EPRT,2026-04-27
time_loss,-1.5121951219512098,13,ACGLO,2026-04-27
success,5.296442687747027,5,TIMB,2026-04-27
success,5.000000000000004,2,AB,2026-04-27
success,6.43245917862445,9,SONY,2026-04-27
stopped_out,-8.037520691557843,1,GSK,2026-04-27
time_profit,0.09259259259259967,13,CUB,2026-04-28
time_profit,0.09302325581395099,13,LPAA,2026-04-28
stopped_out,-3.0000000000000027,0,GFF,2026-04-28
stopped_out,-3.0000000000000027,7,OTIS,2026-04-28
stopped_out,-3.0000000000000027,0,NU,2026-04-28
stopped_out,-3.0000000000000027,2,AMGN,2026-04-28
stopped_out,-3.0000000000000138,0,WDFC,2026-04-28
stopped_out,-3.0000000000000027,3,DKS,2026-04-28
time_loss,-0.005436850975926166,13,AZN,2026-04-28
stopped_out,-2.9999999999999916,0,STE,2026-04-28
success,5.000000000000004,6,EGP,2026-04-29
stopped_out,-3.0000000000000027,9,IMXI,2026-04-29
time_profit,0.0970873786407811,13,IPCX,2026-04-29
stopped_out,-3.0000000000000027,7,T,2026-04-29
stopped_out,-3.0000000000000027,2,FDP,2026-04-29
time_profit,0.4665629860031162,13,BY,2026-04-29
stopped_out,-3.0000000000000027,2,IGIC,2026-04-29
time_profit,0.14931740614334554,9,TPH,2026-04-29
success,5.000000000000004,7,MFC,2026-04-29
time_profit,2.2761542327852213,13,PLD,2026-04-29
time_profit,0.35756853396899935,13,VLYPP,2026-04-30
time_loss,-0.4048582995951344,13,PRA,2026-04-30
stopped_out,-3.0000000000000027,1,LOB,2026-04-30
success,5.000000000000004,13,PDLB,2026-04-30
time_profit,2.6287360460929055,13,ISTR,2026-04-30
success,5.000000000000004,8,AEXA,2026-04-30
time_profit,1.905074724913769,13,ESNT,2026-04-30
stopped_out,-3.0000000000000027,0,VRTS,2026-04-30
stopped_out,-3.0000000000000027,6,VLTO,2026-04-30
stopped_out,-3.0000000000000027,2,DFIN,2026-04-30
stopped_out,-3.0000000000000138,8,BFS,2026-05-04
time_profit,0.192864030858253,11,SDHI,2026-05-04
time_loss,-0.8108108108108025,11,AFGE,2026-05-04
success,5.000000000000004,3,MCBS,2026-05-04
success,6.392694063926951,1,NGVT,2026-05-04
stopped_out,-3.0000000000000138,0,EXPD,2026-05-04
success,5.000000000000004,1,PKG,2026-05-04
stopped_out,-3.0000000000000027,4,ISRG,2026-05-04
stopped_out,-5.870646766169152,3,GSBD,2026-05-04
stopped_out,-2.9999999999999916,5,OCFC,2026-05-04
stopped_out,-2.9999999999999916,8,ORC,2026-05-05
time_loss,0.0,8,ECCX,2026-05-05
time_loss,-0.039936102236415305,10,VLYPO,2026-05-05
time_profit,1.4061082552161874,10,CSR,2026-05-05
stopped_out,-3.0000000000000027,1,DMLP,2026-05-05
stopped_out,-3.0000000000000027,1,FERG,2026-05-05
stopped_out,-3.0000000000000027,7,MFA,2026-05-05
stopped_out,-3.0000000000000027,3,OMF,2026-05-05
time_profit,0.7896924355777379,10,RILYG,2026-05-05
stopped_out,-3.0000000000000027,8,SOHU,2026-05-05
time_profit,0.09699321047527132,9,SZZL,2026-05-06
time_profit,0.19305019305020377,9,FERA,2026-05-06
time_profit,0.14018691588786325,9,POLE,2026-05-06
stopped_out,-3.0000000000000027,6,ACGLN,2026-05-06
stopped_out,-3.0000000000000027,3,IBM,2026-05-06
stopped_out,-3.0000000000000027,0,SCSC,2026-05-06
stopped_out,-3.0000000000000027,6,DX,2026-05-06
time_profit,0.5069280162216971,9,TXNM,2026-05-06
stopped_out,-3.0000000000000027,2,PNFP,2026-05-06
stopped_out,-3.0000000000000027,3,TRTX,2026-05-06
time_profit,0.04938271604939537,8,MKLY,2026-05-07
time_loss,0.0,8,CGCT,2026-05-07
success,5.000000000000004,0,MNST,2026-05-07
time_profit,1.1424404472532679,8,FSBC,2026-05-07
stopped_out,-3.0000000000000027,1,STZ,2026-05-07
stopped_out,-3.0000000000000027,2,FNLC,2026-05-07
stopped_out,-3.0000000000000027,5,AGNC,2026-05-07
time_profit,3.0569179879091912,8,CL,2026-05-07
stopped_out,-3.0000000000000027,1,TJX,2026-05-07
stopped_out,-2.9999999999999916,8,IOSP,2026-05-07
time_profit,0.0944108761329332,5,SLNO,2026-05-11
time_loss,-0.3835091083413178,6,XRPN,2026-05-11
time_profit,1.6086755409364217,6,EXE,2026-05-11
time_profit,1.8812463256907774,6,BWFG,2026-05-11
time_profit,0.5907449950771193,6,BCML,2026-05-11
stopped_out,-3.0000000000000027,4,MEGI,2026-05-11
time_profit,0.5104934770278069,6,UNP,2026-05-11
stopped_out,-2.9999999999999916,3,AGNC,2026-05-11
success,5.000000000000004,4,MET,2026-05-11
time_profit,2.7829584933260154,6,PRI,2026-05-11
time_profit,2.233902759526929,5,CFFN,2026-05-12
time_profit,0.09285051067779992,5,CCIX,2026-05-12
time_profit,0.19267822736031004,5,CGCT,2026-05-12
time_profit,2.6163868439171623,5,DGX,2026-05-12
stopped_out,-3.0000000000000027,2,CFG,2026-05-12
stopped_out,-4.977375565610853,3,MFG,2026-05-12
success,5.000000000000004,4,CNX,2026-05-12
time_profit,3.4672537149146976,5,OCFC,2026-05-12
stopped_out,-3.0000000000000138,3,CGABL,2026-05-12
stopped_out,-3.0000000000000027,2,FITB,2026-05-12
time_profit,0.19267822736031004,4,CGCT,2026-05-13
time_profit,3.1229773462783106,4,CBU,2026-05-13
success,5.000000000000004,0,TKO,2026-05-13
stopped_out,-3.0000000000000027,3,PFH,2026-05-13
stopped_out,-3.0000000000000027,1,NSA,2026-05-13
time_profit,2.0893789901334836,4,FIBK,2026-05-13
stopped_out,-3.0000000000000138,0,GBX,2026-05-13
time_profit,3.9906103286384997,4,SNN,2026-05-13
time_profit,2.112284602556991,4,SRCE,2026-05-13
stopped_out,-3.0000000000000027,1,PFSI,2026-05-13
time_profit,1.2562313060817676,3,GSK,2026-05-14
time_loss,-0.20283975659227682,3,PRA,2026-05-14
time_profit,0.09960159362552012,3,DMII,2026-05-14
time_profit,2.644710578842324,3,ZION,2026-05-14
time_profit,2.8890015205271125,3,CVBF,2026-05-14
time_profit,2.666781243734073,3,EG,2026-05-14
time_loss,0.0,3,CIM,2026-05-14
time_profit,2.8279467680608406,3,FMBH,2026-05-14
time_profit,3.4332425068119843,3,BCAL,2026-05-14
time_profit,1.296451004053334,3,PEN,2026-05-14
time_loss,0.0,1,APXT,2026-05-18
time_profit,0.19704433497536034,1,EVAC,2026-05-18
time_loss,-0.1315789473684159,1,IEP,2026-05-18
time_profit,1.9716574245224994,1,TBPH,2026-05-18
time_profit,0.8026755852842626,1,DOV,2026-05-18
stopped_out,-5.0256081946222775,1,HAS,2026-05-18
time_profit,0.4518430439952592,1,MSA,2026-05-18
time_profit,1.999411937665374,1,KB,2026-05-18
time_loss,-0.3041825095057127,1,SLRC,2026-05-18
time_profit,1.2631578947368327,1,AVBC,2026-05-18
time_loss,0.0,0,APXT,2026-05-19
time_profit,2.271743833838169,0,UBS,2026-05-19
time_profit,0.6079027355623046,0,BCSF,2026-05-19
time_loss,-2.2209985315712055,0,ROL,2026-05-19
time_loss,-0.15349194167305624,0,RFMZ,2026-05-19
time_profit,0.12499999999999734,0,UNF,2026-05-19
time_profit,1.0094147335727444,0,KB,2026-05-19
time_profit,1.4469994391475005,0,FWONK,2026-05-19
time_profit,1.8489289740698966,0,NATL,2026-05-19
time_profit,1.213553979511417,0,SHG,2026-05-19
