sample,tp_pct,sl_pct,max_hold,hold_days,total_R_A,win_rate_A,n_A,total_R_B,win_rate_B,n_B,total_R_recent_holdout,win_rate_recent_holdout,n_recent_holdout,total_R,n_trades,win_rate,profitable_all_eras
long_mr_strong4,0.004,0.006,36,6,73.58636411131849,0.5970820668693009,16450,244.47555516617683,0.6028094712305239,16302,93.34530802153736,0.597081475476287,7401,411.4072272990327,40153,0.5994072672029487,True
long_mr_full6,0.004,0.006,36,6,197.23454410239887,0.5993352682333115,21362,312.0766835477768,0.6027534776996989,20919,86.97059159805636,0.5953560371517028,9690,596.281819248232,51971,0.5999692135998922,True
long_mr_strong4,0.004,0.006,60,10,73.55774299917454,0.6,16450,262.861050365781,0.606612685560054,16302,86.42692877602792,0.6035670855289825,7401,422.84572214098347,40153,0.6033422160237093,True
long_mr_full6,0.004,0.006,60,10,196.60207261734962,0.6026589270667541,21362,330.78186063512084,0.6062909316888953,20919,81.88203269944421,0.6012383900928793,9690,609.2659659519147,51971,0.603855996613496,True
long_mr_strong4,0.004,0.006,84,14,84.70273126862475,0.6027355623100304,16450,258.58812247925096,0.6088210035578456,16302,101.92558704190873,0.6064045399270369,7401,445.21644078978443,40153,0.6058824994396433,True
long_mr_full6,0.004,0.006,84,14,211.3247092961593,0.6055144649377399,21362,334.0547510295526,0.6085854964386443,20919,96.89965253453047,0.6039215686274509,9690,642.2791128602424,51971,0.6064535991225876,True
long_mr_strong4,0.004,0.006,120,20,92.54543127448378,0.6031003039513678,16450,280.7566929654781,0.6101091890565575,16302,64.08831414147781,0.6043430756623873,7322,437.3904383814397,40074,0.6061785696461546,True
long_mr_full6,0.004,0.006,120,20,232.77137014397022,0.6062634584776706,21362,369.56267996118356,0.6103542234332425,20919,49.350250194662834,0.6022122508608995,9583,651.6843002998166,51864,0.6071648927965448,True
long_mr_strong4,0.004,0.008,36,6,14.033897480441274,0.6517325227963526,16450,217.33853479552903,0.6567292356766041,16302,124.44832252765949,0.6515335765437104,7401,355.8207548036298,40153,0.653724503773068,True
long_mr_full6,0.004,0.008,36,6,105.09916142867485,0.6535904877820429,21362,290.7181157119302,0.6574406042353841,20919,120.02160253270759,0.6491228070175439,9690,515.8388796733126,51971,0.6543072097900753,True
long_mr_strong4,0.004,0.008,60,10,-1.8893237262208569,0.6597568389057751,16450,220.88718958220568,0.6675867991657465,16302,126.6825059716115,0.6682880691798405,7401,345.68037182759633,40153,0.6645082559211017,False
long_mr_full6,0.004,0.008,60,10,79.75538500406549,0.6619230409137721,21362,302.1791983305436,0.667909555906114,20919,119.9048892529404,0.6643962848297214,9690,501.8394725875495,51971,0.6647938273267784,True
long_mr_strong4,0.004,0.008,84,14,20.423359451791683,0.6651671732522796,16450,192.5332703699729,0.6718807508281193,16302,148.49016592489835,0.6751790298608297,7401,361.44679574666293,40153,0.6697382511892013,True
long_mr_full6,0.004,0.008,84,14,94.85598816698572,0.6672128077895328,21362,272.1668969216538,0.6723552751087528,20919,146.54653184846387,0.6714138286893705,9690,513.5694169371034,51971,0.670065998345231,True
long_mr_strong4,0.004,0.008,120,20,44.039575852644944,0.6673556231003039,16450,214.69413528113517,0.6745184639921482,16302,115.40904661501219,0.6745424747336793,7322,374.1427577487923,40074,0.6715825722413535,True
long_mr_full6,0.004,0.008,120,20,129.37713412835723,0.669600224698062,21362,304.08495359006065,0.6753668913427984,20919,106.44214634784652,0.6715016174475634,9583,539.9042340662644,51864,0.6722774949868888,True
long_mr_strong4,0.004,0.01,36,6,78.82590081728897,0.6872948328267477,16450,225.52375166811774,0.6907741381425592,16302,129.906527517027,0.681799756789623,7401,434.25618000243367,40153,0.687694568276343,True
long_mr_full6,0.004,0.01,36,6,161.645251525881,0.6885591236775582,21362,313.2588018834143,0.6920502892107653,20919,137.27855505034498,0.6797729618163054,9690,612.1826084596403,51971,0.6883261819091415,True
long_mr_strong4,0.004,0.01,60,10,72.12068087757092,0.7035258358662614,16450,211.35425105598455,0.7080112869586553,16302,155.27056763777944,0.7094987163896771,7401,438.7454995713349,40153,0.7064478370233855,True
long_mr_full6,0.004,0.01,60,10,149.48589107776496,0.7052710420372624,21362,308.838001366472,0.7091161145370237,20919,173.8018065776272,0.7067079463364293,9690,632.1256990218642,51971,0.7070866444748033,True
long_mr_strong4,0.004,0.01,84,14,79.15907189903842,0.7116717325227964,16450,184.26668521382726,0.7150042939516623,16302,190.66373298476384,0.7216592352384813,7401,454.0894900976295,40153,0.7148656389310886,True
long_mr_full6,0.004,0.01,84,14,151.8475600527575,0.7131822863027807,21362,280.5460154759025,0.7161910225154166,20919,215.5718162624526,0.7184726522187822,9690,647.9653917911126,51971,0.715379731003829,True
long_mr_strong4,0.004,0.01,120,20,97.40334073960133,0.71580547112462,16450,186.4443556962742,0.7194209299472457,16302,176.91489972703104,0.7258945643266868,7322,460.76259616290656,40074,0.7191196286869291,True
long_mr_full6,0.004,0.01,120,20,180.69950527084177,0.717535811253628,21362,286.237954363843,0.7210191691763469,20919,195.680774836632,0.7233642909318585,9583,662.6182344713168,51864,0.7200177387012185,True
long_mr_strong4,0.004,0.015,36,6,99.64244765092687,0.723951367781155,16450,205.3630792819121,0.72684333210649,16302,110.03887978700908,0.714092690177003,7401,415.04440671984804,40153,0.7233083455781635,True
long_mr_full6,0.004,0.015,36,6,187.92556542796396,0.7250257466529351,21362,284.30493430653803,0.7281418805870261,20919,119.38818626855468,0.7118679050567596,9690,591.6186860030567,51971,0.7238267495333937,True
long_mr_strong4,0.004,0.015,60,10,115.73764496985515,0.7575683890577508,16450,212.23278289169153,0.7601521285731812,16302,126.48812362171572,0.7562491555195244,7401,454.4585514832624,40153,0.7583742186138022,True
long_mr_full6,0.004,0.015,60,10,215.41071970172766,0.7597603220672222,21362,294.53441516226303,0.7613174625938143,20919,164.42065883728466,0.7552115583075335,9690,674.3657937012754,51971,0.7595389736583864,True
long_mr_strong4,0.004,0.015,84,14,135.05804634373618,0.7758662613981763,16450,205.08231345710567,0.7761010918905655,16302,180.26981784587875,0.7782732063234697,7401,520.4101776467206,40153,0.7764052499190596,True
long_mr_full6,0.004,0.015,84,14,237.9138844328259,0.7774552944480854,21362,296.41963435704,0.7772360055451981,20919,236.0337721135325,0.7772961816305469,9690,770.3672909033985,51971,0.7773373612206808,True
long_mr_strong4,0.004,0.015,120,20,154.58965645090157,0.7867477203647416,16450,182.56445084115919,0.7860385228806281,16302,177.01331224405283,0.7909041245561322,7322,514.1674195361136,40074,0.7872186455058142,True
long_mr_full6,0.004,0.015,120,20,277.7387995397626,0.7894860031832226,21362,269.68111915102503,0.7875615469190688,20919,229.8279523338914,0.7905666284044662,9583,777.2478710246791,51864,0.7889094554989974,True
long_mr_strong4,0.004,0.02,36,6,107.89889385600453,0.7355015197568389,16450,198.0795119502768,0.7365353944301313,16302,68.77808083159117,0.7213890014862856,7401,374.7564866378725,40153,0.7333200508056683,True
long_mr_full6,0.004,0.02,36,6,175.48668240973691,0.7358861529819305,21362,263.4375271580001,0.737511353315168,20919,85.96770906725715,0.7200206398348813,9690,524.8919186349941,51971,0.7335821900675377,True
long_mr_strong4,0.004,0.02,60,10,146.31822376217704,0.7773860182370821,16450,223.38350874348802,0.780333701386333,16302,86.05369915277777,0.7689501418727199,7401,455.75543165844283,40153,0.7770278684033571,True
long_mr_full6,0.004,0.02,60,10,230.98903240481218,0.7788128452392098,21362,291.93438225615444,0.7816817247478369,20919,132.85475552010485,0.768937048503612,9690,655.7781701810715,51971,0.7781262627234419,True
long_mr_strong4,0.004,0.02,84,14,173.92347433880758,0.8037082066869301,16450,222.49667368901166,0.8033370138633297,16302,123.37239456745729,0.798946088366437,7401,519.7925425952765,40153,0.8026797499564167,True
long_mr_full6,0.004,0.02,84,14,267.3667114353261,0.8041381893081172,21362,304.7925717566968,0.8044839619484679,20919,183.26459635080582,0.7991744066047471,9690,755.4238795428288,51971,0.8033518693117315,True
long_mr_strong4,0.004,0.02,120,20,180.0421501782375,0.8218237082066869,16450,216.72955159336277,0.8197153723469512,16302,120.90841385157762,0.8164435946462715,7322,517.6801156231779,40074,0.819983031391925,True
long_mr_full6,0.004,0.02,120,20,290.95494659759595,0.8237056455388072,21362,301.1466693734203,0.8209283426550026,20919,169.9545997902744,0.8171762496086821,9583,762.0562157612907,51864,0.8213789912077741,True
long_mr_strong4,0.006,0.006,36,6,12.266229165336771,0.5006079027355623,16450,293.1910980021304,0.5095080358238253,16302,147.89373647167923,0.509255506012701,7401,453.3510636391464,40153,0.5058152566433393,True
long_mr_full6,0.006,0.006,36,6,225.28527916019397,0.5047280217208127,21362,427.87604430184575,0.5104928533868732,20919,174.05479436155548,0.5084623323013416,9690,827.2161178235951,51971,0.5077447037771065,True
long_mr_strong4,0.006,0.006,60,10,12.777693065333835,0.4998176291793313,16450,284.22555657092045,0.5079131394920868,16302,125.32709412794449,0.5081745710039184,7401,422.3303437641988,40153,0.5046447338928598,True
long_mr_full6,0.006,0.006,60,10,228.25917640446605,0.5045875854320756,21362,402.9527930798361,0.5084851092308428,20919,169.0601362502532,0.5079463364293085,9690,800.2721057345553,51971,0.5067826287737393,True
long_mr_strong4,0.006,0.006,84,14,61.904844045296045,0.5027963525835867,16450,243.67065591882985,0.5072997178260337,16302,140.20795463884537,0.5077692203756249,7401,445.7834546029713,40153,0.5055413045102483,True
long_mr_full6,0.006,0.006,84,14,293.8705452763092,0.5076771837842898,21362,356.5641000788682,0.5079114680434055,20919,190.945276788834,0.5080495356037151,9690,841.3799221440114,51971,0.5078409112774432,True
long_mr_strong4,0.006,0.006,120,20,71.8316196591777,0.5024316109422492,16450,264.58716273466314,0.5078517973254816,16302,82.73729284097973,0.5042338158972958,7322,419.1560752348206,40074,0.5049658132454958,True
long_mr_full6,0.006,0.006,120,20,323.9331539470918,0.5077239958805355,21362,380.487269350354,0.5088197332568478,20919,125.68207108303737,0.5051653970572889,9583,830.1024943804831,51864,0.5076931975937066,True
long_mr_strong4,0.006,0.008,36,6,-10.59797931267778,0.5578723404255319,16450,219.20462685541582,0.5645933014354066,16302,182.28232900205333,0.5666801783542764,7401,390.8889765447914,40153,0.5622244913206983,False
long_mr_full6,0.006,0.008,36,6,164.19157356619937,0.5617451549480386,21362,367.0783356958742,0.5669965103494431,20919,207.5769360617785,0.5647058823529412,9690,738.8468453238521,51971,0.5644109214754383,True
long_mr_strong4,0.006,0.008,60,10,-17.126316391684046,0.5644376899696049,16450,211.34153146599118,0.5715863084284137,16302,183.18683703965795,0.5772192946899067,7401,377.40205211396506,40153,0.5696959131322691,False
long_mr_full6,0.006,0.008,60,10,145.5501836462562,0.5687201572886433,21362,361.88198079183917,0.5736889908695444,20919,230.63227535797566,0.5754385964912281,9690,738.064439796071,51971,0.5719728310019049,True
long_mr_strong4,0.006,0.008,84,14,44.833216953672476,0.5711854103343466,16450,165.69505403835166,0.574101337259232,16302,211.25994645013998,0.5828942034860154,7401,421.7882174421641,40153,0.5745274325704182,True
long_mr_full6,0.006,0.008,84,14,208.75349949828794,0.5750866023780545,21362,310.2836909350308,0.5763181796452985,20919,274.2117326182632,0.5823529411764706,9690,793.248923051582,51971,0.57693713801928,True
long_mr_strong4,0.006,0.008,120,20,51.499685397892335,0.5718541033434651,16450,170.77264937226533,0.576002944423997,16302,157.88046848018263,0.5796230538104343,7322,380.1528032503403,40074,0.574961321555123,True
long_mr_full6,0.006,0.008,120,20,228.4350604032485,0.5761632805917049,21362,321.36463763528076,0.5785171375304747,20919,212.9354640006195,0.5801940937076072,9583,762.7351620391488,51864,0.5778574733919482,True
long_mr_strong4,0.006,0.01,36,6,58.5112233617219,0.5951367781155015,16450,213.8794062835974,0.599803705066863,16302,149.22768612386642,0.5957303067153087,7401,421.61831576918576,40153,0.5971409359201056,True
long_mr_full6,0.006,0.01,36,6,208.99028382223614,0.5983522142121525,21362,362.7781947254979,0.6026100674028395,20919,189.71633148988803,0.5951496388028896,9690,761.4848100376221,51971,0.5994689345981413,True
long_mr_strong4,0.006,0.01,60,10,101.67488766183068,0.6128267477203647,16450,181.44262025281483,0.6144644828855356,16302,172.4789614546695,0.6181597081475476,7401,455.596469369315,40153,0.6144746345229497,True
long_mr_full6,0.006,0.01,60,10,258.11916534035754,0.6164684954592267,21362,332.55488769499357,0.6172379176824896,20919,240.79880417487777,0.6180598555211558,9690,831.4728572102289,51971,0.6170749071597622,True
long_mr_strong4,0.006,0.01,84,14,141.28095613994014,0.6237689969604864,16450,151.92278058006633,0.6207827260458839,16302,225.54802550408007,0.6307255776246453,7401,518.7517622240865,40153,0.6238388165267851,True
long_mr_full6,0.006,0.01,84,14,301.485605010077,0.6270480292107481,21362,306.20661736468713,0.6236435776088723,20919,310.67432482953495,0.6312693498452012,9690,918.3665472042991,51971,0.6264647591926267,True
long_mr_strong4,0.006,0.01,120,20,158.2577214113936,0.6273556231003039,16450,136.69185439056423,0.6255060728744939,16302,188.50691926315534,0.6323408904670855,7322,483.4564950651132,40074,0.6275140989170035,True
long_mr_full6,0.006,0.01,120,20,335.6463304088022,0.6311206815841214,21362,294.2425463055278,0.6287107414312347,20919,272.29684398790926,0.6342481477616613,9583,902.1857207022393,51864,0.6307265155020824,True
long_mr_strong4,0.006,0.015,36,6,28.69741705780193,0.6321580547112462,16450,238.3500391370215,0.6396761133603239,16302,131.51038809975873,0.6314011620051344,7401,398.5578442945822,40153,0.635070853983513,True
long_mr_full6,0.006,0.015,36,6,165.37284920305535,0.6359423274974253,21362,377.2080868139536,0.6427171470911611,20919,164.11259368905579,0.6301341589267286,9690,706.6935297060647,51971,0.6375863462315522,True
long_mr_strong4,0.006,0.015,60,10,90.4924866449806,0.6702127659574468,16450,249.18597754900736,0.673721015826279,16302,148.53233811220437,0.6697743548169166,7401,488.21080230619236,40153,0.6715562971633502,True
long_mr_full6,0.006,0.015,60,10,260.34039627771267,0.674843179477577,21362,390.823074888806,0.6769922080405373,20919,229.51347535787437,0.6712074303405573,9690,880.6769465243931,51971,0.6750303053626061,True
long_mr_strong4,0.006,0.015,84,14,106.59152390819519,0.6919148936170213,16450,236.07466504825456,0.6923076923076923,16302,230.28976533543715,0.6958519119037968,7401,572.9559542918869,40153,0.692800039847583,True
long_mr_full6,0.006,0.015,84,14,272.8215905651539,0.6955341260181631,21362,390.6854780449356,0.695061905444811,20919,339.57943581308837,0.698452012383901,9690,1003.0865044231779,51971,0.6958880914356084,True
long_mr_strong4,0.006,0.015,120,20,125.74117284865727,0.7048632218844985,16450,190.76499463267174,0.70414673046252,16302,214.88417834233974,0.7086861513247746,7322,531.3903458236688,40074,0.7052702500374307,True
long_mr_full6,0.006,0.015,120,20,313.3301068892822,0.7100926879505665,21362,339.82014172518666,0.7073473875424255,20919,328.0916007293222,0.7125117395387666,9583,981.241849343791,51864,0.7094323615610058,True
long_mr_strong4,0.006,0.02,36,6,87.41146957964737,0.6461398176291794,16450,232.50274237378983,0.6507177033492823,16302,91.80400941817462,0.6400486420753952,7401,411.7182213716118,40153,0.6468757004457948,True
long_mr_full6,0.006,0.02,36,6,189.14400609108958,0.6487220297724932,21362,343.12182685828174,0.6532339021941775,20919,126.75078084842657,0.6392156862745098,9690,659.0166137977978,51971,0.6487656577706798,True
long_mr_strong4,0.006,0.02,60,10,154.42033624648192,0.693434650455927,16450,267.86679067851344,0.6970923813029076,16302,108.13645332615687,0.6847723280637752,7401,530.4235802511523,40153,0.693323039374393,True
long_mr_full6,0.006,0.02,60,10,284.46009186339296,0.6966576163280592,21362,384.7443001613867,0.7001768726994598,20919,187.45882172228818,0.6871001031991744,9690,856.6632137470679,51971,0.6962921629370226,True
long_mr_strong4,0.006,0.02,84,14,187.52163301483407,0.7248024316109423,16450,268.6339726980723,0.7243283032756717,16302,157.38668088540587,0.7199027158492096,7401,613.5422865983122,40153,0.7237068214081139,True
long_mr_full6,0.006,0.02,84,14,324.37532828011814,0.7265705458290422,21362,397.54897684260027,0.726707777618433,20919,258.74830710871095,0.7235294117647059,9690,980.6726122314293,51971,0.7260587635412057,True
long_mr_strong4,0.006,0.02,120,20,186.15010439359253,0.7464437689969605,16450,239.60187614133582,0.7449392712550608,16302,140.14881667402938,0.7376399890740235,7322,565.9007972089578,40074,0.7442231871038578,True
long_mr_full6,0.006,0.02,120,20,338.8107561144464,0.7502106544331055,21362,366.08944404504007,0.7471676466370285,20919,232.57502482339947,0.7423562558697694,9583,937.475224982886,51864,0.7475320067869813,True
long_mr_strong4,0.008,0.006,36,6,86.0585074264951,0.44468085106382976,16450,399.2771359851091,0.4541160593792173,16302,258.74052048016927,0.462234833130658,7401,744.0761638917735,40153,0.45174706746693893,True
long_mr_full6,0.008,0.006,36,6,332.3376774284769,0.44831944574478044,21362,561.638767728647,0.454945265070032,20919,326.8353432296994,0.46202270381836946,9690,1220.8117883868233,51971,0.4535413980873949,True
long_mr_strong4,0.008,0.006,60,10,64.57976030229344,0.4349544072948328,16450,404.488180107088,0.44485339222181325,16302,280.87088077967644,0.4538575868125929,7401,749.9388211890579,40153,0.44245759968121934,True
long_mr_full6,0.008,0.006,60,10,303.27248084531243,0.4392378990731205,21362,564.6192634562984,0.4451455614513122,20919,384.5107724584466,0.4540763673890609,9690,1252.4025167600576,51971,0.44438244405533855,True
long_mr_strong4,0.008,0.006,84,14,98.75920034398844,0.4348936170212766,16450,327.7833070368184,0.44025272972641394,16302,306.50502242564284,0.44764221051209296,7401,733.0475298064497,40153,0.43941922147784723,True
long_mr_full6,0.008,0.006,84,14,348.3697768671641,0.4391910869768748,21362,494.554680091448,0.4412256800038243,20919,412.52286849116945,0.44798761609907123,9690,1255.4473254497816,51971,0.44165015104577554,True
long_mr_strong4,0.008,0.006,120,20,102.30557309624105,0.43209726443769,16450,321.4212951281189,0.43792172739541163,16302,227.2890694429089,0.44113630155695166,7322,651.0159376672689,40074,0.4361181813644757,True
long_mr_full6,0.008,0.006,120,20,380.5554891698533,0.4371313547420653,21362,489.35097928153954,0.4395047564415125,20919,320.7290323077051,0.4422414692684963,9583,1190.6355007590978,51864,0.4390328551596483,True
long_mr_strong4,0.008,0.008,36,6,38.06348532789819,0.501580547112462,16450,347.3599121432201,0.5109189056557477,16302,246.32706503745985,0.516957167950277,7401,631.7504625085782,40153,0.5082061116230419,True
long_mr_full6,0.008,0.008,36,6,232.78501660421864,0.5050088942982867,21362,509.4261802705996,0.5124527941106172,20919,305.0768835253814,0.515686274509804,9690,1047.2880804001998,51971,0.5099959592849859,True
long_mr_strong4,0.008,0.008,60,10,42.29195200418331,0.500243161094225,16450,388.018168404046,0.5109189056557477,16302,291.4514540258914,0.5211457911093096,7401,721.7615744341207,40153,0.508430254277389,True
long_mr_full6,0.008,0.008,60,10,215.5220591672641,0.5036045314109165,21362,573.1545499457627,0.5120703666523256,20919,379.065962145768,0.5195046439628483,9690,1167.742571258795,51971,0.5099767177849185,True
long_mr_strong4,0.008,0.008,84,14,90.74531998649479,0.5038297872340426,16450,328.00557731443274,0.5102441418230892,16302,325.25429486315204,0.5206053236049183,7401,744.0051921640795,40153,0.5095260628097527,True
long_mr_full6,0.008,0.008,84,14,255.56355966456198,0.5069281902443591,21362,517.0209724063942,0.512118170084612,20919,426.8696930762235,0.5201238390092879,9690,1199.4542251471796,51971,0.5114775547901713,True
long_mr_strong4,0.008,0.008,120,20,95.15133997571499,0.5021884498480244,16450,316.40821947534005,0.508894614157772,16302,245.86051106978962,0.5131111718109806,7322,657.4200705208447,40074,0.506912212407047,True
long_mr_full6,0.008,0.008,120,20,277.55751810618233,0.5058983241269545,21362,512.631593339137,0.511018691142024,20919,342.1184323785834,0.514348325159136,9583,1132.3075438239027,51864,0.5095249113064939,True
long_mr_strong4,0.008,0.01,36,6,67.9145734442105,0.5374468085106383,16450,340.09406311738314,0.5474788369525212,16302,187.4711779743541,0.5449263613025267,7401,595.4798145359478,40153,0.542898413568102,True
long_mr_full6,0.008,0.01,36,6,250.41574798239694,0.5409137721187155,21362,483.5195122954001,0.5488312060805965,20919,256.6643938238582,0.5453044375644995,9690,990.5996541016552,51971,0.5449192819072175,True
long_mr_strong4,0.008,0.01,60,10,122.10933081803609,0.5479635258358663,16450,356.9039951302124,0.5551466077781867,16302,260.0094623133899,0.5623564383191461,7401,739.0227882616384,40153,0.5535327372799044,True
long_mr_full6,0.008,0.01,60,10,310.74222808308116,0.5517741784477109,21362,527.3780042046512,0.5563841483818538,20919,364.2293218653695,0.5623323013415893,9690,1202.349554153102,51971,0.5555983144445941,True
long_mr_strong4,0.008,0.01,84,14,136.30746011777362,0.5557446808510639,16450,319.68287595991313,0.5587044534412956,16302,310.1500263341871,0.5681664639913525,7401,766.1403624118739,40153,0.55923592259607,True
long_mr_full6,0.008,0.01,84,14,319.4214154219253,0.5593109259432637,21362,505.1753186199578,0.5606864572876332,20919,431.2898524563781,0.5690402476780185,9690,1255.8865864982613,51971,0.5616786284658752,True
long_mr_strong4,0.008,0.01,120,20,171.23739893357606,0.5578115501519757,16450,273.9108791452445,0.559931296773402,16302,253.07134092304833,0.5661021578803606,7322,698.2196190018689,40074,0.5601886509956581,True
long_mr_full6,0.008,0.01,120,20,377.9891345432155,0.5619792154292669,21362,460.7122212287112,0.5623595774176586,20919,375.3359872146194,0.5690284879474069,9583,1214.0373429865463,51864,0.5634351380533703,True
long_mr_strong4,0.008,0.015,36,6,43.54237473739469,0.5742249240121581,16450,362.20088069665803,0.5885780885780886,16302,151.47005569526996,0.5807323334684502,7401,557.2133111293227,40153,0.5812517122008318,True
long_mr_full6,0.008,0.015,36,6,199.45714320929977,0.5780357644415317,21362,504.883003907893,0.590228978440652,20919,200.23064568208952,0.5803921568627451,9690,904.5707927992823,51971,0.5833830405418406,True
long_mr_strong4,0.008,0.015,60,10,108.77254676100155,0.6069908814589665,16450,431.1384497681486,0.617960986382039,16302,212.69039451110046,0.6158627212538846,7401,752.6013910402505,40153,0.6130799691181231,True
long_mr_full6,0.008,0.015,60,10,300.40185327552524,0.6115064132571857,21362,602.5475603959069,0.6196280892968115,20919,321.73814658799307,0.6174406604747162,9690,1224.6875602594253,51971,0.6158819341555868,True
long_mr_strong4,0.008,0.015,84,14,93.00367509788174,0.6252887537993921,16450,407.21483474076456,0.6354435038645565,16302,304.6391199326795,0.6370760708012431,7401,804.8576297713257,40153,0.6315841904714468,True
long_mr_full6,0.008,0.015,84,14,280.54779846220686,0.6292013856380488,21362,590.594932205483,0.6369807352167886,20919,442.7140647360418,0.6398348813209495,9690,1313.8567954037317,51971,0.6343152912201035,True
long_mr_strong4,0.008,0.015,120,20,114.96096306215907,0.6392705167173253,16450,338.797633711328,0.6439087228560912,16302,265.72346878495944,0.6449057634526085,7322,719.4820655584465,40074,0.6421869541348505,True
long_mr_full6,0.008,0.015,120,20,322.3294618527433,0.6446025653028743,21362,516.1013545224952,0.6463502079449305,20919,405.23718520420334,0.6495878117499739,9583,1243.6680015794418,51864,0.6462285978713559,True
long_mr_strong4,0.008,0.02,36,6,107.2746141755805,0.5885714285714285,16450,325.8741102811145,0.599619678567047,16302,109.36914194002796,0.5900553979192001,7401,542.517866396723,40153,0.5933305107962045,True
long_mr_full6,0.008,0.02,36,6,226.06555832333467,0.5912835876790563,21362,439.4399149596852,0.6007935369759548,20919,155.28462157685294,0.590092879256966,9690,820.7900948598729,51971,0.5948894575821131,True
long_mr_strong4,0.008,0.02,60,10,173.0544823358025,0.6303343465045592,16450,412.245237283301,0.6422524843577475,16302,168.7835646536953,0.6334279151466018,7401,754.0832842727988,40153,0.6357432819465544,True
long_mr_full6,0.008,0.02,60,10,322.7216967768269,0.6336953468776332,21362,550.1927249407465,0.6435776088723171,20919,271.09170899293576,0.6359133126934985,9690,1144.0061307105093,51971,0.6380866252333032,True
long_mr_strong4,0.008,0.02,84,14,194.61166072990227,0.6598176291793313,16450,422.24060036843775,0.6700404858299596,16302,220.97880847917784,0.6642345628969059,7401,837.8310695775178,40153,0.6647822080541927,True
long_mr_full6,0.008,0.02,84,14,349.3104526379342,0.6615953562400524,21362,569.7028000671677,0.6708733687078732,20919,342.9054007178947,0.6676986584107327,9690,1261.9186534229966,51971,0.6664678378326374,True
long_mr_strong4,0.008,0.02,120,20,187.33883194305594,0.683404255319149,16450,375.91514334944134,0.687523003312477,16302,194.47629936602388,0.6779568423927889,7322,757.7302746585211,40074,0.6840844437790088,True
long_mr_full6,0.008,0.02,120,20,357.9393677041685,0.6871547607901882,21362,517.8601970350035,0.688847459247574,20919,303.2982916707076,0.6827715746634666,9583,1179.0978564098796,51864,0.6870276106740707,True
long_mr_strong4,0.01,0.006,36,6,200.8639073575149,0.41112462006079026,16450,456.928217050881,0.4200711569132622,16302,343.1402654047013,0.43440075665450617,7401,1000.9323898130972,40153,0.419047144671631,True
long_mr_full6,0.01,0.006,36,6,468.8110058901484,0.41442748806291546,21362,640.2586503676145,0.4209570247143745,20919,419.085786865289,0.4342621259029928,9690,1528.1554431230518,51971,0.4207538819726386,True
long_mr_strong4,0.01,0.006,60,10,174.62841681957036,0.3932522796352584,16450,524.463781523858,0.4024046129309287,16302,384.16180293936947,0.4149439264964194,7401,1083.2540012827978,40153,0.4009663038876298,True
long_mr_full6,0.01,0.006,60,10,424.57611149492107,0.3964984552008239,21362,712.4958388935495,0.4025048998518094,20919,512.2751137594076,0.4151702786377709,9690,1649.3470641478784,51971,0.4023974909083912,True
long_mr_strong4,0.01,0.006,84,14,219.17260188779275,0.38869300911854104,16450,422.3723087114506,0.3930806036069194,16302,400.1821427519798,0.40264829077151737,7401,1041.7270533512233,40153,0.3930465967673648,True
long_mr_full6,0.01,0.006,84,14,491.36531009928154,0.3920513060574852,21362,616.8762064540947,0.39380467517567763,20919,542.6982863524727,0.40340557275541794,9690,1650.9398029058489,51971,0.39487406438205924,True
long_mr_strong4,0.01,0.006,120,20,194.47267223439616,0.382370820668693,16450,391.13625610264074,0.38749846644583485,16302,303.01359671479133,0.39224255667850316,7322,888.6225250518282,40074,0.3862604182262814,True
long_mr_full6,0.01,0.006,120,20,490.3936899579359,0.3866679149892332,21362,588.9874311570627,0.3890243319470338,20919,430.33793038580774,0.3936136909109882,9583,1509.7190515008065,51864,0.3889017430202067,True
long_mr_strong4,0.01,0.008,36,6,117.14555788892767,0.4674772036474164,16450,442.19045617916856,0.4777941356888725,16302,336.6310006414012,0.48979867585461423,7401,895.9670147094974,40153,0.4757801409608248,True
long_mr_full6,0.01,0.008,36,6,337.8295524839184,0.470929688231439,21362,647.6733770000067,0.47946842583297483,20919,400.2937194757623,0.48813209494324045,9690,1385.7966489596874,51971,0.47757403167150914,True
long_mr_strong4,0.01,0.008,60,10,108.49960792360004,0.4570212765957447,16450,572.8275097301298,0.4698809961967857,16302,417.33470925275986,0.48371841643021213,7401,1098.6618269064898,40153,0.4671631011381466,True
long_mr_full6,0.01,0.008,60,10,311.2308879906777,0.45988203351746093,21362,799.9790208532127,0.47076820115684304,20919,529.5455088360987,0.48132094943240455,9690,1640.755417679989,51971,0.468261145638914,True
long_mr_strong4,0.01,0.008,84,14,176.4622914764409,0.4556838905775076,16450,471.7862335662138,0.4632560422034106,16302,453.5588930408813,0.4780435076341035,7401,1101.807418083536,40153,0.46287948596617934,True
long_mr_full6,0.01,0.008,84,14,374.72228543572083,0.45829042224510813,21362,712.3160203835403,0.46503178928247046,20919,584.4334689899465,0.47729618163054693,9690,1671.4717748092075,51971,0.46454753612591637,True
long_mr_strong4,0.01,0.008,120,20,145.53389437137594,0.4501519756838906,16450,426.05377737069836,0.45834866887498465,16302,382.639152263494,0.46681234635345537,7322,954.2268240055682,40074,0.4565304187253581,True
long_mr_full6,0.01,0.008,120,20,351.1393903353394,0.45360921262054116,21362,685.2343259655231,0.4608250872412639,20919,514.3516869658918,0.467807575915684,9583,1550.7254032667543,51864,0.4591431436063551,True
long_mr_strong4,0.01,0.01,36,6,155.7130213638472,0.503951367781155,16450,446.40965364498834,0.5150288308183045,16302,256.5342438983196,0.5179029860829618,7401,858.6569189071552,40153,0.5110203471720668,True
long_mr_full6,0.01,0.01,36,6,353.52048850126755,0.5072090628218332,21362,629.8740674017713,0.516468282422678,20919,326.0765167531171,0.5175438596491229,9690,1309.471072656156,51971,0.5128629427950203,True
long_mr_strong4,0.01,0.01,60,10,214.2610170690588,0.505531914893617,16450,555.4468428187563,0.5151515151515151,16302,366.73323780426875,0.5245237130117552,7401,1136.4410976920838,40153,0.5129380121037034,True
long_mr_full6,0.01,0.01,60,10,417.8731820137547,0.5083793652279749,21362,774.6372342847742,0.5163248721258187,20919,481.300201378927,0.5232198142414861,9690,1673.8106176774559,51971,0.5143445383002059,True
long_mr_strong4,0.01,0.01,84,14,243.79506852960068,0.5085106382978724,16450,484.0530070152919,0.5125138019874862,16302,428.9892357298143,0.5257397648966355,7401,1156.837311274707,40153,0.5133115831942818,True
long_mr_full6,0.01,0.01,84,14,444.5626974161161,0.5109540305214868,21362,729.5262642173831,0.5144127348343611,20919,570.525857543156,0.5259029927760578,9690,1744.6148191766551,51971,0.515133439802967,True
long_mr_strong4,0.01,0.01,120,20,262.3895212804538,0.5067477203647417,16450,398.66719919987065,0.5101827996564838,16302,376.22262232221595,0.5195301830101066,7322,1037.2793428025404,40074,0.5104806108698907,True
long_mr_full6,0.01,0.01,120,20,487.9158913372201,0.5102986611740473,21362,650.7984269559325,0.5130742387303409,20919,526.1999470011046,0.5218616299697381,9583,1664.9142652942573,51864,0.5135546814746259,True
long_mr_strong4,0.01,0.015,36,6,114.42934786120733,0.5409118541033434,16450,471.9483458628605,0.5571095571095571,16302,195.32812848837665,0.5535738413727874,7401,781.7058222124444,40153,0.5498219311134909,True
long_mr_full6,0.01,0.015,36,6,281.4689124524997,0.5446587398183691,21362,638.7694290292072,0.5586787131316029,20919,254.75333628930042,0.5532507739938081,9690,1174.9916777710073,51971,0.5519039464316638,True
long_mr_strong4,0.01,0.015,60,10,165.09881614820387,0.5644984802431611,16450,612.7484335935223,0.5795607900871059,16302,293.2499839363283,0.5787055803269828,7401,1071.0972336780546,40153,0.5732323861230793,True
long_mr_full6,0.01,0.015,60,10,370.3846467488167,0.568205224229941,21362,819.5835924356029,0.5807160954156508,20919,420.8152954294875,0.5797729618163054,9690,1610.7835346139072,51971,0.5753978180138923,True
long_mr_strong4,0.01,0.015,84,14,169.3226114262172,0.5790273556231003,16450,561.7352455268149,0.5911544595755122,16302,397.06105895451816,0.5954600729631131,7401,1128.1189159075502,40153,0.5869798022563694,True
long_mr_full6,0.01,0.015,84,14,373.15079753815905,0.581827544237431,21362,793.2095272540473,0.592188919164396,20919,561.6682403826213,0.5982456140350877,9690,1728.0285651748277,51971,0.5890592830617075,True
long_mr_strong4,0.01,0.015,120,20,177.26837777761287,0.5891793313069908,16450,488.70178170559564,0.5971046497362287,16302,350.26549804743854,0.5984703632887189,7322,1016.235657530647,40074,0.5941009133103758,True
long_mr_full6,0.01,0.015,120,20,405.4055290134884,0.5940923134537964,21362,716.8144204469514,0.5994072374396482,20919,512.4598988987951,0.6027340081394136,9583,1634.6798483592347,51864,0.597832793459818,True
long_mr_strong4,0.01,0.02,36,6,155.85056237958494,0.5548328267477204,16450,403.37761638330494,0.5681511470985156,16302,143.12903559011247,0.5634373733279286,7401,702.3572143530024,40153,0.5618260154907478,True
long_mr_full6,0.01,0.02,36,6,282.77485358373724,0.5575320662859283,21362,537.0046983428301,0.5693388785314786,20919,201.49631108993142,0.5635706914344685,9690,1021.2758630164988,51971,0.5634103634719363,True
long_mr_strong4,0.01,0.02,60,10,202.88954331100643,0.5872340425531914,16450,549.6020508596536,0.604158998895841,16302,235.30844767895076,0.5974868261045805,7401,987.8000418496107,40153,0.5959953179089981,True
long_mr_full6,0.01,0.02,60,10,355.3890666223148,0.5899260368879319,21362,717.0118327808125,0.6050480424494479,20919,353.4663447598132,0.599484004127967,9690,1425.8672441629406,51971,0.5977949240922822,True
long_mr_strong4,0.01,0.02,84,14,246.1725190205987,0.6137386018237082,16450,534.2589083776837,0.6259968102073366,16302,300.0197758354882,0.6235643831914606,7401,1080.4512032337707,40153,0.620526486190322,True
long_mr_full6,0.01,0.02,84,14,401.7448454716634,0.6141747027431889,21362,716.9403683968524,0.6262727663846264,20919,448.7642232096288,0.6271413828689371,9690,1567.4494370781447,51971,0.6214619691751169,True
long_mr_strong4,0.01,0.02,120,20,223.28232829334885,0.6338601823708206,16450,488.3734176945109,0.6414550361918783,16302,262.2934168776246,0.6332969134116362,7322,973.9491628654844,40074,0.6368468333582872,True
long_mr_full6,0.01,0.02,120,20,399.27812676583164,0.6367381331336017,21362,658.5674983429493,0.6422391127682968,20919,399.22974823521344,0.6383178545340707,9583,1457.0753733439944,51864,0.6392488045657875,True
long_mr_strong4,0.015,0.006,36,6,119.74048418634165,0.3729483282674772,16450,629.1910632619571,0.3838792786161207,16302,383.4554736860781,0.4035941089042021,7401,1132.387021134377,40153,0.38303489153986003,True
long_mr_full6,0.015,0.006,36,6,396.32794441230374,0.3763692538151858,21362,880.1971709245803,0.38505664706725945,20919,560.3675422883442,0.40608875128998967,9690,1836.8926576252284,51971,0.38540724634892537,True
long_mr_strong4,0.015,0.006,60,10,227.85094433549713,0.33683890577507597,16450,718.7250607290941,0.34897558581769106,16302,361.0123183465121,0.3650857992163221,7401,1307.5883234111034,40153,0.3469728289293453,True
long_mr_full6,0.015,0.006,60,10,528.6887089245612,0.3390132010111413,21362,948.158989813553,0.34910846598785794,20919,608.2524963515166,0.3690402476780186,9690,2085.1001950896307,51971,0.3486752227203633,True
long_mr_strong4,0.015,0.006,84,14,230.1109445327589,0.318419452887538,16450,528.4187588976815,0.3259722733406944,16302,339.2386430164461,0.33671125523577894,7401,1097.7683464468864,40153,0.32485742036709586,True
long_mr_full6,0.015,0.006,84,14,538.3289020466843,0.3213182286302781,21362,784.7151512889108,0.3265930493809456,20919,590.4583731899854,0.3410732714138287,9690,1913.5024265255804,51971,0.3271247426449366,True
long_mr_strong4,0.015,0.006,120,20,185.1723572344677,0.3017629179331307,16450,491.9146325028531,0.3101459943565207,16302,293.5943389403535,0.3148046981698989,7322,970.6813286776744,40074,0.3075560213604831,True
long_mr_full6,0.015,0.006,120,20,525.0717770070205,0.3057766126767157,21362,739.6409079706626,0.3120608059658683,20919,536.3994301079483,0.319628508817698,9583,1801.1121150856316,51864,0.3108707388554681,True
long_mr_strong4,0.015,0.008,36,6,50.60432127075141,0.4289969604863222,16450,620.5531204733905,0.44123420439209915,16302,361.1914932363437,0.4577759762194298,7401,1032.3489349804856,40153,0.43926979304161584,True
long_mr_full6,0.015,0.008,36,6,289.1189054030385,0.43277782979121804,21362,886.8668101300258,0.44318562072756823,20919,499.20088548846866,0.4587203302373581,9690,1675.1866010215329,51971,0.4418040830463143,True
long_mr_strong4,0.015,0.008,60,10,113.22723897962325,0.39896656534954406,16450,738.8526180356123,0.4144276775855723,16302,364.737232148255,0.43007701661937575,7401,1216.8170891634904,40153,0.4109780091151346,True
long_mr_full6,0.015,0.008,60,10,361.00392646593286,0.40089879224791686,21362,1013.7116680966544,0.41565084373057987,20919,572.623847198606,0.43168214654282766,9690,1947.3394417611933,51971,0.41257624444401686,True
long_mr_strong4,0.015,0.008,84,14,98.44981452219955,0.38085106382978723,16450,588.8366412716855,0.3933259722733407,16302,378.578912015355,0.4081880826915282,7401,1065.86536780924,40153,0.390954598660125,True
long_mr_full6,0.015,0.008,84,14,334.98110220513047,0.38367194082951034,21362,902.1156496138373,0.3953821884411301,20919,598.2037385238527,0.4118679050567595,9690,1835.3004903428205,51971,0.3936426083777491,True
long_mr_strong4,0.015,0.008,120,20,67.91207856102994,0.3643161094224924,16450,575.0351608753792,0.37786774628879893,16302,335.23863028651306,0.38268232723299644,7322,978.1858697229222,40074,0.3731846084743225,True
long_mr_full6,0.015,0.008,120,20,318.3139991583563,0.3678962643947196,21362,911.8714224689833,0.3809933553229122,20919,568.3803341381379,0.3880830637587394,9583,1798.5657557654774,51864,0.3769088385006941,True
long_mr_strong4,0.015,0.01,36,6,85.65087149062111,0.4656534954407295,16450,609.3488816406816,0.4784075573549258,16302,285.39186192927986,0.48655587082826646,7401,980.3916150605826,40153,0.47468433242846114,True
long_mr_full6,0.015,0.01,36,6,295.1015732557802,0.46933807695908625,21362,842.5801065090388,0.4800420670204121,20919,414.6450206936366,0.48833849329205364,9690,1552.3267004584554,51971,0.4771892016701622,True
long_mr_strong4,0.015,0.01,60,10,190.6157563228181,0.4464437689969605,16450,725.4833299834033,0.45933014354066987,16302,332.31583598249495,0.4712876638292123,7401,1248.4149222887163,40153,0.4562548252932533,True
long_mr_full6,0.015,0.01,60,10,434.25239897758394,0.4488811908997285,21362,982.5100624731117,0.46063387351211815,20919,525.0121150668432,0.47347781217750257,9690,1941.7745765175387,51971,0.45819784110369244,True
long_mr_strong4,0.015,0.01,84,14,142.89089238757003,0.43142857142857144,16450,632.1391572078736,0.4422156790577843,16302,375.8481055455387,0.4560194568301581,7401,1150.8781551409825,40153,0.44034069683460764,True
long_mr_full6,0.015,0.01,84,14,384.2086909146548,0.4347439378335362,21362,938.6131759475991,0.444141689373297,20919,589.218330338292,0.460061919504644,9690,1912.0401972005461,51971,0.44324719555136516,True
long_mr_strong4,0.015,0.01,120,20,196.14798394611043,0.41890577507598786,16450,574.4218350771715,0.42951785057048214,16302,354.5508880654262,0.43512701447691887,7322,1125.120707088708,40074,0.42618655487348406,True
long_mr_full6,0.015,0.01,120,20,471.60202550707766,0.4230409137721187,21362,899.2964028997314,0.4327644724891247,20919,577.5203953432218,0.4405718459772514,9583,1948.4188237500312,51864,0.4302020669443159,True
long_mr_strong4,0.015,0.015,36,6,59.660939611893326,0.5024924012158055,16450,609.1552605953816,0.5206723101459944,16302,210.39548628797775,0.5220916092419943,7401,879.2116864952527,40153,0.5134859163698852,True
long_mr_full6,0.015,0.015,36,6,227.0045909231725,0.5066005055706394,21362,815.8694137591913,0.5223959080261963,20919,311.069305579309,0.5238390092879257,9690,1353.9433102616727,51971,0.5161724808066037,True
long_mr_strong4,0.015,0.015,60,10,118.45254779924005,0.5054711246200608,16450,740.6441177311424,0.5229419703103914,16302,264.2965532371927,0.5245237130117552,7401,1123.393218767575,40153,0.5160760092645631,True
long_mr_full6,0.015,0.015,60,10,351.8608035328961,0.508941110382923,21362,982.0953423349064,0.5243080453176538,20919,444.7481736656707,0.5281733746130031,9690,1778.7043195334732,51971,0.5187123588154933,True
long_mr_strong4,0.015,0.015,84,14,36.09953627207845,0.5006079027355623,16450,667.2599461564214,0.5201202306465464,16302,368.22493978773707,0.5264153492771247,7401,1071.5844222162368,40153,0.5132866784549099,True
long_mr_full6,0.015,0.015,84,14,264.48012947359734,0.50454077333583,21362,968.2967103438052,0.5217744634064726,20919,581.662642935873,0.5319917440660474,9690,1814.4394827532756,51971,0.5165957938080853,True
long_mr_strong4,0.015,0.015,120,20,95.85038501018144,0.5010942249240121,16450,646.3259963846874,0.5166850693166483,16302,337.12133642923493,0.5133843212237094,7322,1079.2977178241038,40074,0.5096820881369466,True
long_mr_full6,0.015,0.015,120,20,349.8794550525941,0.5060855725119371,21362,957.0180407457657,0.5196711123858693,20919,561.7285458679498,0.5204007095898988,9583,1868.6260416663097,51864,0.514210242171834,True
long_mr_strong4,0.015,0.02,36,6,102.46792212269901,0.5159270516717325,16450,525.4041139277941,0.5323886639676113,16302,137.82873599916178,0.5306039724361573,7401,765.7007720496549,40153,0.5253156675715389,True
long_mr_full6,0.015,0.02,36,6,228.08339015896158,0.5190525231719877,21362,690.6729555183917,0.5336297146135093,20919,226.9191702376487,0.5330237358101135,9690,1145.675515915002,51971,0.5275249658463373,True
long_mr_strong4,0.015,0.02,60,10,150.91954983335077,0.5272340425531915,16450,661.1056770601444,0.5479082321187584,16302,206.87396187257704,0.5427644912849615,7401,1018.8991887660723,40153,0.5384902746992752,True
long_mr_full6,0.015,0.02,60,10,317.5228459276667,0.5297724932122461,21362,855.2385029611684,0.5490702232420288,20919,362.70596712455955,0.5471620227038184,9690,1535.4673160133946,51971,0.5407823593927382,True
long_mr_strong4,0.015,0.02,84,14,112.87313642043563,0.5345896656534954,16450,622.2532689832651,0.5547785547785548,16302,279.9308787415841,0.5549250101337657,7401,1015.0572841452849,40153,0.5465345055163998,True
long_mr_full6,0.015,0.02,84,14,283.67546928793195,0.5363729987828855,21362,842.4223842245055,0.5552368660069793,20919,466.26399913534567,0.5607843137254902,9690,1592.361852647783,51971,0.548517442419811,True
long_mr_strong4,0.015,0.02,120,20,135.07479368702712,0.5456534954407295,16450,617.2728116058493,0.5611581401055086,16302,251.9598160926118,0.5491668942911773,7322,1004.3074213854882,40074,0.5526026850326895,True
long_mr_full6,0.015,0.02,120,20,335.1978154697823,0.5489654526729707,21362,830.5253280357167,0.5621683636885129,20919,432.60572720877616,0.5564019618073672,9583,1598.3288707142754,51864,0.5556648156717569,True
long_mr_strong4,0.02,0.006,36,6,-1.425292605759502,0.36346504559270515,16450,762.2918981312235,0.37332842596000493,16302,295.89515561374566,0.3945412782056479,7401,1056.7617611392097,40153,0.37319751948795854,False
long_mr_full6,0.02,0.006,36,6,223.86227108383088,0.3671004587585432,21362,1076.3476753669743,0.37540035374539893,20919,460.85477045647326,0.3977296181630547,9690,1761.0647169072784,51971,0.3761520848165323,True
long_mr_strong4,0.02,0.006,60,10,-7.010925692213746,0.31519756838905777,16450,965.1813943445156,0.32903938167096064,16302,317.0640071988562,0.35035805972165923,7401,1275.234475851158,40153,0.3272980848255423,False
long_mr_full6,0.02,0.006,60,10,221.72011467419367,0.3173392004493961,21362,1306.4836567779344,0.3299392896409962,20919,543.8023057255356,0.3542827657378741,9690,2072.0060771776634,51971,0.32929903215254663,True
long_mr_strong4,0.02,0.006,84,14,-202.04585615465427,0.28595744680851065,16450,810.2820277341104,0.2987363513679303,16302,225.81692044862478,0.31198486690987703,7401,834.053092028081,40153,0.2959430179563171,False
long_mr_full6,0.02,0.006,84,14,28.165930721442066,0.28911150641325717,21362,1175.930113083738,0.2998709307328266,20919,415.522241619035,0.3158926728586171,9690,1619.618285424215,51971,0.2984356660445248,True
long_mr_strong4,0.02,0.006,120,20,-106.59296770318934,0.26054711246200607,16450,827.8534007395435,0.27653048705680283,16302,167.90804497806474,0.28189019393608306,7322,889.168478014419,40074,0.27094874482207915,False
long_mr_full6,0.02,0.006,120,20,198.68681970632002,0.2648628405580002,21362,1217.7976928849735,0.2787896170945074,20919,346.9396685679098,0.2855055828028801,9583,1763.4241811592033,51864,0.2742943081906525,True
long_mr_strong4,0.02,0.008,36,6,-72.86143472546419,0.4190273556231003,16450,701.0334536718906,0.4303766409029567,16302,278.57826122097,0.4479124442642886,7401,906.7502801673963,40153,0.4289592309416482,False
long_mr_full6,0.02,0.008,36,6,113.11218802807437,0.4229004774833817,21362,1000.3481269914694,0.4330034896505569,20919,400.5423039302343,0.44943240454076366,9690,1514.002618949778,51971,0.43191395201169885,True
long_mr_strong4,0.02,0.008,60,10,-63.08559373294284,0.3772036474164134,16450,921.5077842093938,0.393387314439946,16302,324.78049153564257,0.41386299148763683,7401,1183.2026820120936,40153,0.39053121809080266,False
long_mr_full6,0.02,0.008,60,10,105.223678049667,0.3789439191086977,21362,1267.7757838475013,0.39509536784741145,20919,513.9762280381949,0.4151702786377709,9690,1886.975689935363,51971,0.39219949587269826,True
long_mr_strong4,0.02,0.008,84,14,-258.01957542076224,0.3476595744680851,16450,807.208802434579,0.3638817323027849,16302,284.49942939744557,0.38102959059586544,7401,833.6886564112622,40153,0.36039648345080066,False
long_mr_full6,0.02,0.008,84,14,-102.6697350358653,0.3506226008800674,21362,1201.5705687067614,0.36631770161097565,20919,435.45537181186694,0.38379772961816305,9690,1534.356205482763,51971,0.3631255892709396,False
long_mr_strong4,0.02,0.008,120,20,-188.54560696753202,0.3201215805471125,16450,839.5516184776455,0.34093976199239356,16302,232.29418662794367,0.3474460529909861,7322,883.3001981380571,40074,0.3335828716873783,False
long_mr_full6,0.02,0.008,120,20,19.63220093357836,0.32398651811628126,21362,1293.3518669544042,0.3445671399206463,20919,387.3373108766514,0.3509339455285401,9583,1700.321378764634,51864,0.33726669751658184,True
long_mr_strong4,0.02,0.01,36,6,-31.003884791097175,0.45537993920972647,16450,674.0193532480398,0.4672432830327567,16302,241.44209826612138,0.4781786245102013,7401,884.457566723064,40153,0.4643986750678654,False
long_mr_full6,0.02,0.01,36,6,137.65691735577312,0.4592734762662672,21362,940.7674271058493,0.4697165256465414,20919,359.6568362900651,0.4802889576883385,9690,1438.0811807516875,51971,0.4673952781358835,True
long_mr_strong4,0.02,0.01,60,10,40.10000361962256,0.4244984802431611,16450,878.0894172678961,0.43804441172862224,16302,340.37059135477665,0.4571003918389407,7401,1258.5600122422954,40153,0.4360072721838966,True
long_mr_full6,0.02,0.01,60,10,220.82204167696537,0.42673906937552664,21362,1203.347090643766,0.4400305941966633,20919,519.1971239378271,0.4585139318885449,9690,1943.3662562585587,51971,0.4380135075330473,True
long_mr_strong4,0.02,0.01,84,14,-162.565897520539,0.39689969604863223,16450,801.0413851086664,0.4115445957551221,16302,360.1134571018903,0.4307526009998649,7401,998.5889446900177,40153,0.40908524892287,False
long_mr_full6,0.02,0.01,84,14,16.17517851353216,0.40061791967044286,21362,1177.6050075988533,0.4141689373297003,20919,523.5588004805252,0.43353973168214655,9690,1717.3389865929105,51971,0.4122106559427373,True
long_mr_strong4,0.02,0.01,120,20,-30.315873858446665,0.3727051671732523,16450,806.0248165875707,0.39148570727518095,16302,334.26630230375287,0.40221251024310295,7322,1109.975245032877,40074,0.38573638768278684,False
long_mr_full6,0.02,0.01,120,20,200.93759958605756,0.37711824735511656,21362,1227.1272617553345,0.3952387781442708,20919,498.5403869875533,0.40540540540540543,9583,1926.6052483289454,51864,0.38965370970229835,True
long_mr_strong4,0.02,0.015,36,6,-12.040186242344728,0.49227963525835866,16450,674.3363336083603,0.5101214574898786,16302,174.2138734358811,0.513849479800027,7401,836.5100208018966,40153,0.5034991158817523,False
long_mr_full6,0.02,0.015,36,6,132.01283252988242,0.49667634116655746,21362,909.4689369533496,0.5125962044074764,20919,264.56932780324405,0.515686274509804,9690,1306.051097286476,51971,0.5066286967732004,True
long_mr_strong4,0.02,0.015,60,10,1.9477011749863529,0.4833434650455927,16450,846.9325865871297,0.5011655011655012,16302,266.4842127532877,0.510066207269288,7401,1115.3645005154037,40153,0.4955046945433716,True
long_mr_full6,0.02,0.015,60,10,190.70729163931887,0.4866585525699841,21362,1139.9674698943518,0.5030833213824752,20919,436.78004132641496,0.5136222910216718,9690,1767.4548028600855,51971,0.49829712724403996,True
long_mr_strong4,0.02,0.015,84,14,-197.03413244785838,0.4657142857142857,16450,766.1743339342645,0.4881609618451724,16302,361.9627579306327,0.5011484934468315,7401,931.1029594170388,40153,0.481358802580131,False
long_mr_full6,0.02,0.015,84,14,-19.56687829119815,0.46989982211403425,21362,1113.959856506616,0.4906066255557149,20919,536.39252979103,0.5049535603715171,9690,1630.7855080064478,51971,0.4847703526966962,False
long_mr_strong4,0.02,0.015,120,20,-53.40133881081006,0.45537993920972647,16450,795.451937038757,0.4771807140228193,16302,343.4014287935496,0.4804698169898935,7322,1085.4520270214966,40074,0.46883265957977743,False
long_mr_full6,0.02,0.015,120,20,152.2692091843635,0.4603969665761633,21362,1173.452468414021,0.4803766910464171,20919,515.3538079488026,0.48450380882813315,9583,1841.075485547187,51864,0.4729099182477248,True
long_mr_strong4,0.02,0.02,36,6,52.05801091707202,0.5055927051671733,16450,567.2244946322852,0.5218991534781009,16302,107.49146567099109,0.5222267261180922,7401,726.7739712203484,40153,0.5152790576046622,True
long_mr_full6,0.02,0.02,36,6,160.02086373524068,0.5090347345754143,21362,755.7353550670471,0.5239256178593623,20919,186.6951995067033,0.5246646026831785,9690,1102.4514183089912,51971,0.5179426988127994,True
long_mr_strong4,0.02,0.02,60,10,70.87394944395231,0.5054103343465045,16450,732.7946841011785,0.5262544473070789,16302,201.71716195327235,0.5277665180381029,7401,1005.3857954984032,40153,0.5179936741961996,True
long_mr_full6,0.02,0.02,60,10,205.9572486195943,0.5077708079767812,21362,967.3084747066084,0.5279411061714231,20919,347.066204502835,0.5319917440660474,9690,1520.3319278290378,51971,0.5204056108214197,True
long_mr_strong4,0.02,0.02,84,14,-54.86345450050681,0.5,16450,703.7452484309676,0.5233100233100233,16302,274.8794443334873,0.529252803675179,7401,923.7612382639481,40153,0.5148556770353399,False
long_mr_full6,0.02,0.02,84,14,79.9997531183485,0.5022001685235464,21362,960.6804876542855,0.5244514556145131,20919,439.4412488112806,0.5342621259029928,9690,1480.1214895839144,51971,0.5171345558099709,True
long_mr_strong4,0.02,0.02,120,20,32.30901660293888,0.5004255319148936,16450,750.1383089547826,0.5215924426450742,16302,251.38825806388223,0.5155695165255395,7322,1033.8355836216037,40074,0.5118031641463293,True
long_mr_full6,0.02,0.02,120,20,188.11370683123616,0.5036513435071622,21362,1017.3251840794672,0.5227783354844878,20919,392.0341514331333,0.5198789523113847,9583,1597.4730423438366,51864,0.5143644917476476,True
