instrument,family,timeframe,entry_mode,n,mean_r,nw_lag,nw_se,ci_low,ci_high,matched_baseline_mean_r,raw_minus_avg_direction_baseline_r
BCO_USD,mr_under_limit,H4,limit,21904,0.15379796547904068,1,0.007603359172613399,0.13889538150071842,0.16870054945736293,0.15054851972615382,0.0032494457528868537
BCO_USD,mr_under_limit,H4,market,21904,-0.0896610820277906,1,0.007785124463855856,-0.10491992597694809,-0.07440223807863312,-0.08975926917674656,9.818714895595826e-05
BCO_USD,trend,D1,limit,6517,-0.03205946828771408,0,0.012398581899082184,-0.05636068880991516,-0.007758247765513003,-0.0476683840917455,0.015608915804031419
BCO_USD,trend,D1,market,6517,-0.23398479238335845,0,0.012192210308629083,-0.25788152458827146,-0.21008806017844545,-0.24672017739657243,0.012735385013213973
BCO_USD,trend,H4,limit,33261,0.14520333748884537,1,0.006422463356313771,0.1326153093104704,0.15779136566722035,0.15054851972615382,-0.0053451822373084545
BCO_USD,trend,H4,market,33261,-0.09344316914061256,1,0.006620999500759691,-0.10642032816210155,-0.08046601011912356,-0.08975926917674656,-0.0036838999638659914
NATGAS_USD,mr_under_limit,H4,limit,27213,-0.16992676703068965,0,0.00603794376807796,-0.18176113681612246,-0.15809239724525684,-0.13740790012044568,-0.03251886691024397
NATGAS_USD,mr_under_limit,H4,market,27213,-0.38547933224665204,0,0.0060375887130276595,-0.39731300612418624,-0.37364565836911784,-0.3564930579534751,-0.02898627429317696
NATGAS_USD,trend,D1,limit,6513,-0.4538422335706472,0,0.012112133829397992,-0.47758201587626725,-0.4301024512650271,-0.46051269265265066,0.006670459082003477
NATGAS_USD,trend,D1,market,6513,-0.5935754903747459,0,0.01158332930899977,-0.6162788158203855,-0.5708721649291063,-0.5951509332852369,0.001575442910491054
NATGAS_USD,trend,H4,limit,33230,-0.12669079713378908,0,0.005455498011507913,-0.1373835732363446,-0.11599802103123358,-0.13740790012044568,0.010717102986656596
NATGAS_USD,trend,H4,market,33230,-0.3450757577917896,0,0.005487981802004855,-0.35583220212371913,-0.3343193134598601,-0.3564930579534751,0.011417300161685462
WTICO_USD,mr_under_limit,H4,limit,22520,0.1121676171895813,1,0.007557575209766604,0.09735476977843877,0.12698046460072385,0.1378833112996169,-0.02571569411003559
WTICO_USD,mr_under_limit,H4,market,22520,-0.12267763311449391,1,0.007639381553988927,-0.1376508209603122,-0.1077044452686756,-0.10422159749692737,-0.018456035617566535
WTICO_USD,trend,D1,limit,6517,-0.08145808519348478,0,0.012394133365516518,-0.10575058658989717,-0.05716558379707241,-0.09509055352056155,0.013632468327076763
WTICO_USD,trend,D1,market,6517,-0.2760225100655534,0,0.012084664763197861,-0.2997084530014212,-0.2523365671296856,-0.28112938197781745,0.005106871912264055
WTICO_USD,trend,H4,limit,33177,0.14368502603896066,1,0.006386790770165548,0.13116691612943618,0.15620313594848514,0.1378833112996169,0.005801714739343766
WTICO_USD,trend,H4,market,33177,-0.09731453262710857,1,0.0065777321202507896,-0.11020688758280012,-0.08442217767141702,-0.10422159749692737,0.006907064869818805
XAG_USD,mr_under_limit,H4,limit,20444,0.0952122839901404,2,0.009115540802559281,0.0773458240171242,0.11307874396315659,0.11938935302638087,-0.02417706903624048
XAG_USD,mr_under_limit,H4,market,20444,-0.1472234575396354,2,0.009249812631929586,-0.16535309029821738,-0.1290938247810534,-0.1322132240673551,-0.015010233472280282
XAG_USD,trend,D1,limit,6461,0.015289368566743794,0,0.012362868914216452,-0.00894185450512045,0.039520591638608035,0.0005786742280809998,0.014710694338662794
XAG_USD,trend,D1,market,6461,-0.20322883141817374,0,0.01237405350348625,-0.2274819762850068,-0.1789756865513407,-0.2154661868586266,0.012237355440452846
XAG_USD,trend,H4,limit,33129,0.12807758022976423,2,0.007367688576855213,0.11363691061912802,0.14251824984040046,0.11938935302638087,0.008688227203383359
XAG_USD,trend,H4,market,33129,-0.12322451547953314,2,0.007682131932675588,-0.13828149406757728,-0.10816753689148899,-0.1322132240673551,0.00898870858782197
XAU_USD,mr_under_limit,H4,limit,16485,0.2679869161561459,5,0.012885245234270124,0.24273183549697644,0.2932419968153153,0.21295371498147253,0.05503320117467336
XAU_USD,mr_under_limit,H4,market,16485,0.03222244890577956,6,0.014031832414575809,0.004720057373210979,0.05972484043834815,-0.030032276256012423,0.062254725161791986
XAU_USD,trend,D1,limit,6503,0.2166266602087995,1,0.014344397691631696,0.18851164073320137,0.24474167968439764,0.19162323210722032,0.025003428101579184
XAU_USD,trend,D1,market,6503,-0.01432777459339097,1,0.014882372130021628,-0.043497223968233356,0.01484167478145142,-0.043689320560090256,0.029361545966699286
XAU_USD,trend,H4,limit,33210,0.2300345727969262,6,0.01090532862401896,0.20866012869384906,0.2514090169000034,0.21295371498147253,0.01708085781545368
XAU_USD,trend,H4,market,33210,-0.010614908396903395,7,0.012056192279195504,-0.03424504526412658,0.013015228470319794,-0.030032276256012423,0.01941736785910903
XCU_USD,mr_under_limit,H4,limit,19585,0.23101654359059337,2,0.009211501986276184,0.21296199969749205,0.2490710874836947,0.1834576360304788,0.04755890756011458
XCU_USD,mr_under_limit,H4,market,19585,-0.004033936241704516,2,0.009601270135740669,-0.022852425707756228,0.014784553224347196,-0.05643490042899575,0.05240096418729123
XCU_USD,trend,D1,limit,6458,0.0959909549254639,0,0.012313665604062869,0.07185617034150069,0.12012573950942712,0.09678866912416452,-0.0007977141987006164
XCU_USD,trend,D1,market,6458,-0.11923233996887772,0,0.012412706289059295,-0.14356124429543393,-0.09490343564232151,-0.11528434414888605,-0.003947995819991668
XCU_USD,trend,H4,limit,33078,0.1716315764597867,2,0.007593197891657203,0.15674890859213858,0.1865142443274348,0.1834576360304788,-0.011826059570692105
XCU_USD,trend,H4,market,33078,-0.07281264631587452,2,0.007896957636800228,-0.08829068328400297,-0.05733460934774607,-0.05643490042899575,-0.016377745886878764
