tr_n,tr_mean_r,tr_se_r,tr_ci_low_r,tr_ci_high_r,te_n,te_mean_r,te_se_r,te_ci_low_r,te_ci_high_r,pair,period,threshold,recovery,direction,total_n
847,0.035357055229460255,0.03283464027798419,-0.02899883971538876,0.09971295017430927,364,0.06702229580356148,0.04757583985583668,-0.02622635031387842,0.1602709419210014,EUR_CAD,21,15,1,long,1211
1122,0.0615372304608899,0.029313926019419952,0.004081935462826793,0.118992525458953,482,0.13195550101548514,0.04310296603616,0.047473687584611554,0.21643731444635872,CAD_CHF,5,15,1,short,1604
686,0.03734970424708976,0.037389835971157456,-0.035934374256378854,0.11063378275055838,295,0.0506788124695124,0.05570319417985144,-0.05849944812299642,0.1598570730620212,CAD_CHF,5,15,2,short,981
1360,0.04993683301671174,0.02663551506567777,-0.002268776512016686,0.10214244254544017,583,0.1229233938868037,0.0393000322925827,0.04589533059334161,0.1999514571802658,CAD_CHF,5,20,1,short,1943
808,0.028841015008783843,0.03447535160938899,-0.03873067414561858,0.09641270416318627,347,0.07744067879187799,0.05130985351216156,-0.023126634091958656,0.17800799167571463,CAD_CHF,5,20,2,short,1155
1534,0.03550936649671022,0.02507334999652239,-0.01363439949647366,0.0846531324898941,658,0.09481220691235753,0.037038976333395535,0.022215813298902293,0.16740860052581277,CAD_CHF,5,25,1,short,2192
891,0.021916266051158737,0.0328257414646118,-0.04242218721948039,0.08625471932179786,383,0.07538643139475862,0.04864497034587544,-0.01995771048315724,0.1707305732726745,CAD_CHF,5,25,2,short,1274
1696,0.024179290636494682,0.023860076430586106,-0.02258645916745408,0.07094504044044345,727,0.08750889299260158,0.0351533126689369,0.018608400161485253,0.15640938582371788,CAD_CHF,5,30,1,short,2423
970,0.019158328371991763,0.031449288008624586,-0.04248227612491243,0.08079893286889595,416,0.05940246144303956,0.04649065996479846,-0.03171923208796542,0.15052415497404453,CAD_CHF,5,30,2,short,1386
993,0.08043546202831076,0.031037817570738545,0.01960133958966321,0.1412695844669583,427,0.10687888027426767,0.0456883921582309,0.017329631644135104,0.19642812890440026,CAD_CHF,9,15,1,short,1420
592,0.042791437990983186,0.040295591471941145,-0.03618792129402146,0.12177079727598783,254,0.06168030958070336,0.05979974300321514,-0.05552718670559831,0.17888780586700503,CAD_CHF,9,15,2,short,846
1175,0.05624995687073948,0.02857496519221759,0.00024302509399300176,0.11225688864748595,504,0.10922273138704634,0.04211450619487238,0.026678299245096487,0.1917671635289962,CAD_CHF,9,20,1,short,1679
687,0.037803681220404645,0.037364271438042024,-0.035430290798157724,0.11103765323896701,295,0.05495380615603517,0.0555230495426617,-0.05387137094758176,0.1637789832596521,CAD_CHF,9,20,2,short,982
1341,0.04504053650371089,0.026798374084622364,-0.007484276702148941,0.09756534970957073,576,0.12498618632585906,0.039050708208699526,0.04844679823680799,0.20152557441491015,CAD_CHF,9,25,1,short,1917
771,0.043771176008981685,0.035279963252065526,-0.025377551965066747,0.11291990398303012,331,0.07758496332975018,0.05194042865163064,-0.024218276827445873,0.17938820348694623,CAD_CHF,9,25,2,short,1102
1500,0.028931416247863367,0.025347730432842865,-0.020750135400508646,0.07861296789623538,644,0.11630151524855113,0.037071544201822244,0.04364128861297953,0.18896174188412274,CAD_CHF,9,30,1,short,2144
852,0.02973881395294813,0.03351982811238607,-0.03596004914732856,0.09543767705322481,366,0.0887938074904998,0.049396616513081276,-0.008023560875139502,0.1856111758561391,CAD_CHF,9,30,2,short,1218
905,0.035457088588660854,0.03259133220562226,-0.02842192253435878,0.09933609971168049,389,0.1656068501310632,0.04812925877771119,0.07127350292674926,0.2599401973353771,CAD_CHF,14,15,1,short,1294
1087,0.045584182932900966,0.029740553471194434,-0.01270730187064012,0.10387566773644205,467,0.1604952765190446,0.043968003621174034,0.0743179894215435,0.24667256361654571,CAD_CHF,14,20,1,short,1554
1244,0.033080668982586846,0.027811119612226695,-0.021429125457377476,0.08759046342255117,534,0.18491449648381997,0.040689153202583754,0.10516375620675582,0.2646652367608841,CAD_CHF,14,25,1,short,1778
1378,0.02864111467741097,0.026435828742011416,-0.023173109656931402,0.08045533901175334,591,0.18645244576362843,0.03853284816995163,0.11092806335052324,0.2619768281767336,CAD_CHF,14,30,1,short,1969
835,0.04362755950207663,0.03401770909720826,-0.02304715032845156,0.11030226933260481,359,0.1545216701762893,0.050455120959911774,0.05562963309486221,0.2534137072577164,CAD_CHF,21,15,1,short,1194
1012,0.033016721678316305,0.030930465511581618,-0.02760699072438367,0.09364043408101627,434,0.17065995473089643,0.04556604623747546,0.08135050410544453,0.2599694053563483,CAD_CHF,21,20,1,short,1446
1157,0.024011530983658148,0.028934066770338173,-0.03269923988620467,0.08072230185352097,496,0.19633983075551895,0.042392318537695234,0.11325088642163629,0.2794287750894016,CAD_CHF,21,25,1,short,1653
1281,0.026072901555346927,0.0274786242483416,-0.02778520197140261,0.07993100508209647,550,0.2013724496543342,0.040115206384169336,0.12274664514136231,0.2799982541673061,CAD_CHF,21,30,1,short,1831
935,0.07039517491257975,0.03129202438741141,0.009062807113253392,0.13172754271190612,401,0.10837725653654001,0.049250643979836736,0.011845994336060012,0.20490851873702,USD_JPY,5,15,1,long,1336
1171,0.04439715903733227,0.027993224128688637,-0.01046956025489746,0.09926387832956199,502,0.06885546948269704,0.044081509983982504,-0.017544290085908673,0.15525522905130273,USD_JPY,5,20,1,long,1673
1365,0.03818545130824117,0.025955635121284744,-0.012687593529476925,0.08905849614595926,586,0.09553947830126726,0.04066749915424647,0.015831179958944175,0.17524777664359034,USD_JPY,5,25,1,long,1951
1517,0.0392617411170869,0.024598670196560084,-0.008951652468170868,0.08747513470234466,651,0.07449213758674865,0.038675627237447024,-0.0013120917986475106,0.15029636697214482,USD_JPY,5,30,1,long,2168
844,0.0690752796719014,0.03305492266763421,0.0042876312433383496,0.13386292810046446,363,0.14848461299752366,0.05143314782225051,0.04767564326591267,0.24929358272913466,USD_JPY,9,15,1,long,1207
1019,0.0631069421904975,0.030025465199597694,0.00425703039928603,0.12195685398170898,437,0.14445673790095376,0.04690916470158511,0.05251477508584694,0.23639870071606056,USD_JPY,9,20,1,long,1456
608,0.0777358866580395,0.038954016224388946,0.0013860148582371667,0.15408575845784184,261,0.13757671190084972,0.06106529605305471,0.017888731636862484,0.25726469216483694,USD_JPY,9,20,2,long,869
345,0.10000590341308258,0.05180308776913119,-0.001528148614414554,0.2015399554405797,148,0.27348445588883497,0.07880586678709589,0.11902495698612703,0.4279439547915429,USD_JPY,9,20,3,long,493
1180,0.06664479213239362,0.027861792091709497,0.012035679632643001,0.12125390463214424,506,0.12169822196220109,0.0437494928931916,0.035949215891545566,0.20744722803285662,USD_JPY,9,25,1,long,1686
696,0.06693076264487137,0.03640126359217458,-0.004415713995790813,0.13827723928553354,299,0.14488738144991462,0.056939924013085653,0.03328513038426674,0.2564896325155625,USD_JPY,9,25,2,long,995
1314,0.05651634811595724,0.026397359385496658,0.004777523720383793,0.10825517251153069,564,0.11910020787178714,0.04146451937273286,0.03782974990123074,0.20037066584234353,USD_JPY,9,30,1,long,1878
760,0.0609662748813752,0.03487025889657825,-0.007379432555918171,0.12931198231866858,326,0.1298200216365782,0.05467006432191164,0.022666695565631376,0.23697334770752498,USD_JPY,9,30,2,long,1086
770,0.0611872299777804,0.034643431445977396,-0.006713895656335296,0.1290883556118961,330,0.13153945312534546,0.05418586440997613,0.025335158881792247,0.23774374736889867,USD_JPY,14,15,1,long,1100
917,0.05561473465019452,0.0317620917156622,-0.006638965112503392,0.11786843441289244,394,0.14666684685579087,0.04938637390645801,0.049869553999133176,0.24346413971244857,USD_JPY,14,20,1,long,1311
1082,0.062882417844779,0.029255884997859055,0.0055408832489752605,0.12022395244058276,464,0.1485028635011407,0.04550832009812036,0.05930655610882479,0.2376991708934566,USD_JPY,14,25,1,long,1546
1201,0.060596499770887255,0.027674023083942748,0.006355414526359474,0.11483758501541504,516,0.1141576136909482,0.043395210520769445,0.029103001070240095,0.1992122263116563,USD_JPY,14,30,1,long,1717
697,0.0658297472311154,0.0366060238937871,-0.0059180596007073205,0.13757755406293812,299,0.113952386197735,0.05723865120085418,0.0017646298440607971,0.22614014255140918,USD_JPY,14,30,2,long,996
387,0.09075255235502641,0.048989585561366754,-0.005267035345252427,0.18677214005530524,166,0.19243387462022665,0.0757714089545167,0.04392191306937393,0.3409458361710794,USD_JPY,14,30,3,long,553
690,0.053989870782992666,0.03669836476302976,-0.017938924152545666,0.125918665718531,296,0.11139345928303698,0.05724320085508731,-0.0008032143929341401,0.2235901329590081,USD_JPY,21,15,1,long,986
832,0.053277772788342115,0.03345692302692894,-0.012297796344438602,0.11885334192112283,357,0.10927110921428064,0.05214231874599224,0.00707216447213585,0.21147005395642543,USD_JPY,21,20,1,long,1189
971,0.0614503665420344,0.03097822418930818,0.0007330471309903719,0.12216768595307843,417,0.10102728295646492,0.04829223843105404,0.006374495631599003,0.19568007028133083,USD_JPY,21,25,1,long,1388
305,0.11655186726353661,0.05541387545047936,0.007940671380597078,0.22516306314647616,132,0.17027045054202705,0.0854818634966203,0.0027259980886512603,0.33781490299540284,USD_JPY,21,25,3,long,437
1101,0.06729755818629082,0.0290432288523642,0.010372829635656992,0.12422228673692465,472,0.12103469701874126,0.04533466189089391,0.03217875971258918,0.20989063432489333,USD_JPY,21,30,1,long,1573
940,0.07194956717817089,0.031105118050006025,0.01098353580015908,0.13291559855618268,404,0.06380245848640645,0.040208245655416454,-0.015005702998209802,0.1426106199710227,EUR_GBP,14,15,1,long,1344
1261,0.06315832173697335,0.026738703219443737,0.010750463426863623,0.11556618004708308,541,0.06762351493452887,0.034836809047060796,-0.000656630797710292,0.135903660666768,EUR_GBP,14,25,1,long,1802
1421,0.0464068603736065,0.025194537250399836,-0.002974432637177178,0.09578815338439017,609,0.06153859161904409,0.03283663977935979,-0.002821222348501108,0.1258984055865893,EUR_GBP,14,30,1,long,2030
886,0.0836579588872937,0.03202818603543271,0.02088271425784559,0.14643320351674183,380,0.06067770212342193,0.041014388749535884,-0.019710499825668394,0.14106590407251227,EUR_GBP,21,15,1,long,1266
1212,0.09562401207453394,0.027215200429971304,0.04228221923179019,0.1489658049172777,520,0.050543502759864335,0.03529559981936952,-0.01863587288609992,0.1197228784058286,EUR_GBP,21,25,1,long,1732
1339,0.07944629915819147,0.02586145709440613,0.02875784325315546,0.13013475506322747,575,0.08151518241465536,0.03357477828029169,0.01570861698528364,0.14732174784402707,EUR_GBP,21,30,1,long,1914
1119,0.016490386033738615,0.02962051294053467,-0.04156581932970933,0.07454659139718657,480,0.12369393424847376,0.042722981829652146,0.03995688986235556,0.20743097863459198,GBP_NZD,5,15,1,long,1599
468,0.011463696998984753,0.045936719878717856,-0.07857227396330224,0.10149966796127174,201,0.09160704394232683,0.0667095220430187,-0.03914361926198984,0.2223577071466435,GBP_NZD,5,25,3,long,669
501,0.025955909549621247,0.04436499652127884,-0.06099948363208528,0.11291130273132778,216,0.08707887372427127,0.0644833321943115,-0.03930845737657927,0.2134662048251218,GBP_NZD,5,30,3,long,717
1004,0.07928216531406547,0.02992049554772732,0.02063799404051992,0.13792633658761103,431,0.14123278772770487,0.04644240342780022,0.05020567700921644,0.2322598984461933,CHF_JPY,5,15,1,long,1435
599,0.09051897275654051,0.038478873775323365,0.01510038015690672,0.16593756535617432,258,0.3039719812144609,0.05787418565738637,0.19053857732598362,0.4174053851029382,CHF_JPY,5,15,2,long,857
339,0.09489668797138093,0.05108054755233381,-0.0052211852311933316,0.1950145611739552,146,0.21196772920158502,0.07811341505276463,0.05886543569816635,0.36507002270500366,CHF_JPY,5,15,3,long,485
1234,0.06648067417126428,0.02706628616442362,0.013430753288993992,0.11953059505353458,529,0.13150590555570346,0.04197594901889289,0.049233045478673396,0.21377876563273351,CHF_JPY,5,20,1,long,1763
727,0.08041545198353638,0.03496762175538389,0.011878913342983952,0.14895199062408881,312,0.27219783485054344,0.05315138534980676,0.1680211195649222,0.3763745501361647,CHF_JPY,5,20,2,long,1039
403,0.08869090276112943,0.046873643769972245,-0.003181439028016167,0.180563244550275,174,0.2430282456408737,0.07115508713292973,0.10356427486033143,0.38249221642141595,CHF_JPY,5,20,3,long,577
1428,0.04298893977494859,0.025194706472778786,-0.006392684911697831,0.092370564461595,613,0.12746333387995898,0.03899138107025012,0.05104022698226875,0.20388644077764922,CHF_JPY,5,25,1,long,2041
830,0.06266251722345446,0.03282938349907225,-0.0016830744347271498,0.12700810888163608,357,0.25429139055273137,0.049855578436337186,0.15657445681751048,0.35200832428795226,CHF_JPY,5,25,2,long,1187
457,0.06704845254272215,0.044232891482631556,-0.01964801476323569,0.15374491984868,197,0.2508354639902049,0.06650735426931144,0.12048104962235448,0.3811898783580553,CHF_JPY,5,25,3,long,654
1608,0.018347154629613355,0.023764081328314875,-0.0282304447738838,0.06492475403311052,690,0.11113775812817896,0.0367834996187939,0.03904209887534291,0.183233417381015,CHF_JPY,5,30,1,long,2298
924,0.05360001774462292,0.031102336155606668,-0.007360561120366149,0.11456059660961199,397,0.22980793811540845,0.0475306191133688,0.1366479246532056,0.32296795157761127,CHF_JPY,5,30,2,long,1321
501,0.06775177884615047,0.04226833709136695,-0.01509416185292875,0.15059771954522969,216,0.2593706177548627,0.06326041713155017,0.13538020017702435,0.38336103533270105,CHF_JPY,5,30,3,long,717
903,0.07059519862408646,0.0315483082296981,0.008760514493878192,0.13242988275429474,388,0.1752616113244552,0.0489077012266722,0.07940251692017769,0.2711207057287327,CHF_JPY,9,15,1,long,1291
531,0.10389449133458968,0.040863878155206514,0.023801290150384916,0.18398769251879443,228,0.29104796376550374,0.06186683701970269,0.16978896320688647,0.412306964324121,CHF_JPY,9,15,2,long,759
304,0.12252829897417708,0.053950028126414695,0.016786243846404272,0.2282703541019499,131,0.1764220042257825,0.08325173872506185,0.013248596324661271,0.3395954121269037,CHF_JPY,9,15,3,long,435
1094,0.032649455983665567,0.02882180186989889,-0.02384127568133626,0.0891401876486674,469,0.156765392365028,0.04456455313381492,0.06941886822275077,0.24411191650730524,CHF_JPY,9,20,1,long,1563
639,0.06899362599505215,0.037512383423123755,-0.004530645514270404,0.1425178975043747,274,0.25096369411679503,0.05706293159027083,0.1391203481998642,0.3628070400337259,CHF_JPY,9,20,2,long,913
366,0.09395647361108073,0.0496262108008238,-0.0033108995585339196,0.19122384678069537,158,0.14616637665469323,0.0763849073456641,-0.0035480417428084,0.2958807950521949,CHF_JPY,9,20,3,long,524
1253,0.02093120614568116,0.026899599805829535,-0.031792009473744734,0.07365442176510704,537,0.15550895628190117,0.0415921943155931,0.0739882554233387,0.23702965714046365,CHF_JPY,9,25,1,long,1790
720,0.05028002041848582,0.03534297957538378,-0.018992219549266394,0.11955226038623804,309,0.23439533410716634,0.05387792157015251,0.12879460782966742,0.33999606038466523,CHF_JPY,9,25,2,long,1029
1390,0.015596189616714025,0.025536129444380988,-0.03445462409427271,0.06564700332770076,596,0.16236862964645404,0.03940672684539679,0.08513144502947634,0.23960581426343175,CHF_JPY,9,30,1,long,1986
788,0.057062518448133114,0.033754784471190555,-0.009096859115400376,0.12322189601166661,338,0.2507509660780134,0.051152752663853635,0.15049157085686027,0.3510103612991665,CHF_JPY,9,30,2,long,1126
436,0.08533395589662882,0.045346539934265934,-0.0035452623745324124,0.17421317416779003,188,0.14870141417873037,0.0694194248431991,0.012639341486060135,0.28476348687140063,CHF_JPY,9,30,3,long,624
831,0.05931342525664128,0.033068300677968246,-0.00550044407217648,0.12412729458545904,357,0.16477459575737347,0.05111174794847796,0.06459556977835666,0.26495362173639025,CHF_JPY,14,15,1,long,1188
480,0.0842269008159917,0.04323732371532344,-0.0005182536660422454,0.16897205529802564,206,0.2695194082664427,0.06548340395016179,0.1411719365241256,0.3978668800087598,CHF_JPY,14,15,2,long,686
259,0.17785569395365844,0.05801891064062561,0.06413862909803225,0.2915727588092846,111,0.2115185162218642,0.09047584897925666,0.03418585222252116,0.38885118022120724,CHF_JPY,14,15,3,long,370
982,0.04091970971701219,0.03041460238707643,-0.018692910961657608,0.10053233039568199,422,0.170498698802025,0.04699985244280518,0.07837898801412685,0.26261840958992316,CHF_JPY,14,20,1,long,1404
549,0.06725255669220825,0.04045556785097663,-0.012040356295705934,0.14654546968012244,236,0.281157242118304,0.0610081745531165,0.16158121999419567,0.40073326424241235,CHF_JPY,14,20,2,long,785
296,0.12592526176055285,0.0547283937876076,0.01865760993684197,0.23319291358426375,128,0.27261988267123605,0.0829092035754026,0.11011784366344696,0.43512192167902514,CHF_JPY,14,20,3,long,424
626,0.044415431414889586,0.038028896292503916,-0.030121205318418096,0.11895206814819727,269,0.27826820352498555,0.05717175383592592,0.16621156600657075,0.3903248410434004,CHF_JPY,14,25,2,long,895
331,0.1270064303851457,0.0517746300126279,0.02552815556039502,0.2284847052098964,143,0.23142206645751068,0.07928213341812965,0.07602908495797658,0.3868150479570448,CHF_JPY,14,25,3,long,474
695,0.048997016912462596,0.036074223123008724,-0.0217084604086345,0.11970249423355969,298,0.28603092970117505,0.05394478428734623,0.18029915249797646,0.39176270690437365,CHF_JPY,14,30,2,long,993
366,0.1125022673195064,0.04931738273227658,0.0158401971642443,0.20916433747476848,158,0.2331952412411195,0.07517923850943974,0.08584393376261762,0.3805465487196214,CHF_JPY,14,30,3,long,524
718,0.08155514627699523,0.0353719517394389,0.012226120867694992,0.15088417168629548,309,0.15545416059019213,0.05514313088458636,0.04737362405640286,0.26353469712398137,CHF_JPY,21,15,1,long,1027
404,0.10634365758555839,0.04686325867369338,0.014491670585119368,0.19819564458599742,174,0.3335407087801946,0.0696640822316468,0.19699910760616687,0.4700823099542223,CHF_JPY,21,15,2,long,578
225,0.2130984349833107,0.06154904380618342,0.0924623091231912,0.33373456084343023,97,0.18798624704914602,0.09687531503923788,-0.0018893704277602175,0.37786186452605225,CHF_JPY,21,15,3,long,322
876,0.026215768207982607,0.03213558227379048,-0.03676997304864674,0.08920150946461194,376,0.1657055749101617,0.049842510182200685,0.06801425495304834,0.263396894867275,CHF_JPY,21,20,1,long,1252
473,0.08256648607460908,0.04349791447450438,-0.002689426295419503,0.16782239844463764,203,0.31602299302846404,0.06498770522078773,0.1886470907957201,0.443398895261208,CHF_JPY,21,20,2,long,676
268,0.17337386307374475,0.056998835069720415,0.06165614633709274,0.2850915798103968,116,0.24510928004545665,0.08739502918279643,0.07381502284717564,0.4164035372437377,CHF_JPY,21,20,3,long,384
549,0.06427169073774293,0.04058420191676442,-0.015273345019115342,0.1438167264946012,236,0.3414301900826616,0.05945525718244122,0.22489788600507682,0.4579624941602464,CHF_JPY,21,25,2,long,785
309,0.10892769274553231,0.05380503898912476,0.0034698163268477855,0.21438556916421683,133,0.30368825159105817,0.08008391036751282,0.14672378727073304,0.4606527159113833,CHF_JPY,21,25,3,long,442
613,0.06869430261738335,0.038348068325158816,-0.006467911299927923,0.1438565165346946,264,0.3215679709103184,0.056587873946938996,0.21065573797431797,0.43248020384631886,CHF_JPY,21,30,2,long,877
343,0.11456088800737552,0.05113895059829402,0.014328544834719237,0.2147932311800318,148,0.2753897728071748,0.07663487609387472,0.12518541566318037,0.42559412995116924,CHF_JPY,21,30,3,long,491
1152,-0.025056813596488495,0.029216940628402775,-0.08232201722815793,0.032208390035180945,495,0.03954209058424075,0.04437538334100746,-0.04743366076413388,0.12651784193261537,NZD_CHF,5,15,1,short,1647
942,-0.0018636931368241402,0.03233599661490266,-0.06524224650203335,0.06151486022838507,405,0.05292976687293748,0.04920396876751227,-0.04351001191138656,0.14936954565726152,NZD_CHF,14,15,1,short,1347
503,-0.03534983027414029,0.04313023122229873,-0.1198850834698458,0.04918542292156522,216,0.03698600002032672,0.0675319702457779,-0.09537666166139795,0.16934866170205137,EUR_NOK,21,15,2,long,719
