pair,tf,fast,slow,direction,n,w,l,t,wr_decisive,ci_low,ci_high
EUR_USD,H4,10,50,long,216,102,98,16,0.51,0.44071739612283617,0.5792826038771639
EUR_USD,H4,10,50,short,216,103,93,20,0.5255102040816326,0.4556013713209637,0.5954190368423016
EUR_USD,H4,10,100,long,157,73,76,8,0.4899328859060403,0.4096644325431122,0.5702013392689683
EUR_USD,H4,10,100,short,156,68,75,13,0.4755244755244755,0.3936710039980654,0.5573779470508856
EUR_USD,H4,10,200,long,95,42,49,4,0.46153846153846156,0.3591109390650735,0.5639659840118496
EUR_USD,H4,10,200,short,95,47,41,7,0.5340909090909091,0.4298656651053624,0.6383161530764557
EUR_USD,H4,20,50,long,187,85,86,16,0.49707602339181284,0.42213483180059724,0.5720172149830285
EUR_USD,H4,20,50,short,187,82,87,18,0.48520710059171596,0.4098554852416819,0.56055871594175
EUR_USD,H4,20,100,long,115,47,62,6,0.43119266055045874,0.33821874998353935,0.5241665711173782
EUR_USD,H4,20,100,short,114,56,45,13,0.5544554455445545,0.457521859193163,0.651389031895946
EUR_USD,H4,20,200,long,70,31,32,7,0.49206349206349204,0.36861065262053105,0.615516331506453
EUR_USD,H4,20,200,short,70,35,24,11,0.5932203389830508,0.4678722558606608,0.7185684221054409
EUR_USD,H4,50,100,long,92,51,37,4,0.5795454545454546,0.4764076189601266,0.6826832901307825
EUR_USD,H4,50,100,short,92,44,40,8,0.5238095238095238,0.4170040585588757,0.630614989060172
EUR_USD,H4,50,200,long,49,26,21,2,0.5531914893617021,0.41105499305058923,0.6953279856728151
EUR_USD,H4,50,200,short,49,20,22,7,0.47619047619047616,0.32514473869744126,0.627236213683511
EUR_USD,H4,100,200,long,42,18,21,3,0.46153846153846156,0.3050778365447645,0.6179990865321586
EUR_USD,H4,100,200,short,43,23,16,4,0.5897435897435898,0.4353664215728127,0.7441207579143668
GBP_USD,H4,10,50,long,211,106,99,6,0.5170731707317073,0.4486669165645939,0.5854794248988208
GBP_USD,H4,10,50,short,210,110,93,7,0.541871921182266,0.47333101667528477,0.6104128256892473
GBP_USD,H4,10,100,long,151,82,64,5,0.5616438356164384,0.48115721356046914,0.6421304576724076
GBP_USD,H4,10,100,short,150,75,70,5,0.5172413793103449,0.43590520904027186,0.5985775495804179
GBP_USD,H4,10,200,long,90,42,47,1,0.47191011235955055,0.36819438066579907,0.575625844053302
GBP_USD,H4,10,200,short,89,42,44,3,0.4883720930232558,0.3827245557084087,0.5940196303381029
GBP_USD,H4,20,50,long,183,95,82,6,0.536723163841808,0.4632607996843171,0.6101855279992988
GBP_USD,H4,20,50,short,182,86,87,9,0.49710982658959535,0.4226030510617994,0.5716166021173913
GBP_USD,H4,20,100,long,118,62,54,2,0.5344827586206896,0.4437086877825435,0.6252568294588357
GBP_USD,H4,20,100,short,117,59,55,3,0.5175438596491229,0.4258149682287955,0.6092727510694502
GBP_USD,H4,20,200,long,72,36,35,1,0.5070422535211268,0.39074918745643583,0.6233353195858177
GBP_USD,H4,20,200,short,71,37,33,1,0.5285714285714286,0.4116304178010406,0.6455124393418166
GBP_USD,H4,50,100,long,89,46,43,0,0.5168539325842697,0.4130331722745488,0.6206746928939906
GBP_USD,H4,50,100,short,88,44,40,4,0.5238095238095238,0.4170040585588757,0.630614989060172
GBP_USD,H4,50,200,long,45,26,19,0,0.5777777777777777,0.4334663328356338,0.7220892227199216
GBP_USD,H4,50,200,short,46,28,15,3,0.6511627906976745,0.5087076804431742,0.7936179009521748
GBP_USD,H4,100,200,long,39,21,18,0,0.5384615384615384,0.3820009134678414,0.6949221634552355
GBP_USD,H4,100,200,short,39,19,18,2,0.5135135135135135,0.3524613592923218,0.6745656677347052
AUD_USD,H4,10,50,long,223,113,106,4,0.5159817351598174,0.4497933091537858,0.582170161165849
AUD_USD,H4,10,50,short,222,108,114,0,0.4864864864864865,0.42073721985016255,0.5522357531228105
AUD_USD,H4,10,100,long,152,78,72,2,0.52,0.44004737402686517,0.5999526259731349
AUD_USD,H4,10,100,short,151,74,76,1,0.49333333333333335,0.4133237813109978,0.5733428853556689
AUD_USD,H4,10,200,long,103,50,53,0,0.4854368932038835,0.3889155912741364,0.5819581951336307
AUD_USD,H4,10,200,short,103,50,53,0,0.4854368932038835,0.3889155912741364,0.5819581951336307
AUD_USD,H4,20,50,long,185,92,90,3,0.5054945054945055,0.43285645868477096,0.57813255230424
AUD_USD,H4,20,50,short,184,88,92,4,0.4888888888888889,0.4158620396257179,0.5619157381520599
AUD_USD,H4,20,100,long,113,57,55,1,0.5089285714285714,0.4163420409557213,0.6015151019014215
AUD_USD,H4,20,100,short,112,59,51,2,0.5363636363636364,0.4431717425322371,0.6295555301950356
AUD_USD,H4,20,200,long,73,36,36,1,0.5,0.38450589240619726,0.6154941075938027
AUD_USD,H4,20,200,short,73,44,28,1,0.6111111111111112,0.4985048132123052,0.7237174090099171
AUD_USD,H4,50,100,long,88,34,54,0,0.38636363636363635,0.2846291020250702,0.4880981707022025
AUD_USD,H4,50,100,short,87,43,41,3,0.5119047619047619,0.4050083080260113,0.6188012157835124
AUD_USD,H4,50,200,long,51,20,30,1,0.4,0.2642072166866001,0.5357927833134
AUD_USD,H4,50,200,short,52,29,22,1,0.5686274509803921,0.4326987562469371,0.7045561457138472
AUD_USD,H4,100,200,long,42,23,19,0,0.5476190476190477,0.3970891195008849,0.6981489757372105
AUD_USD,H4,100,200,short,43,25,18,0,0.5813953488372093,0.4339403008287866,0.7288503968456321
USD_CAD,H4,10,50,long,224,101,92,31,0.5233160621761658,0.45285085901337563,0.5937812653389559
USD_CAD,H4,10,50,short,225,89,107,29,0.45408163265306123,0.3843774472020587,0.5237858181040638
USD_CAD,H4,10,100,long,148,64,58,26,0.5245901639344263,0.43597249759562773,0.6132078302732248
USD_CAD,H4,10,100,short,148,66,65,17,0.5038167938931297,0.418196291073899,0.5894372967123604
USD_CAD,H4,10,200,long,100,42,40,18,0.5121951219512195,0.4040044212209989,0.6203858226814402
USD_CAD,H4,10,200,short,99,43,45,11,0.48863636363636365,0.3841949965696173,0.59307773070311
USD_CAD,H4,20,50,long,188,79,79,30,0.5,0.42203538615077846,0.5779646138492216
USD_CAD,H4,20,50,short,189,72,87,30,0.4528301886792453,0.37545775464511766,0.5302026227133729
USD_CAD,H4,20,100,long,110,52,43,15,0.5473684210526316,0.4472747626231752,0.647462079482088
USD_CAD,H4,20,100,short,110,47,50,13,0.4845360824742268,0.3850797589698413,0.5839924059786122
USD_CAD,H4,20,200,long,70,36,26,8,0.5806451612903226,0.4578145929122558,0.7034757296683894
USD_CAD,H4,20,200,short,69,32,28,9,0.5333333333333333,0.40709734034430534,0.6595693263223613
USD_CAD,H4,50,100,long,89,37,44,8,0.4567901234567901,0.34830860805599245,0.5652716388575878
USD_CAD,H4,50,100,short,89,34,44,11,0.4358974358974359,0.3258499908452623,0.5459448809496095
USD_CAD,H4,50,200,long,49,18,24,7,0.42857142857142855,0.27890513310047094,0.5782377240423862
USD_CAD,H4,50,200,short,48,23,20,5,0.5348837209302325,0.38579928591096435,0.6839681559495007
USD_CAD,H4,100,200,long,47,21,21,5,0.5,0.3487827170371499,0.6512172829628501
USD_CAD,H4,100,200,short,46,24,20,2,0.5454545454545454,0.398325751387659,0.6925833395214318
USD_CHF,H4,10,50,long,230,106,111,13,0.48847926267281105,0.42197018999334507,0.5549883353522771
USD_CHF,H4,10,50,short,231,114,101,16,0.5302325581395348,0.4635194009520686,0.5969457153270011
USD_CHF,H4,10,100,long,140,60,70,10,0.46153846153846156,0.3758414478680571,0.5472354752088661
USD_CHF,H4,10,100,short,141,74,55,12,0.5736434108527132,0.4883002526049026,0.6589865691005238
USD_CHF,H4,10,200,long,103,42,54,7,0.4375,0.33826365805562963,0.5367363419443704
USD_CHF,H4,10,200,short,102,48,44,10,0.5217391304347826,0.4196636841763569,0.6238145766932083
USD_CHF,H4,20,50,long,189,79,100,10,0.441340782122905,0.3685979726220173,0.5140835916237927
USD_CHF,H4,20,50,short,189,93,85,11,0.5224719101123596,0.4490920287911256,0.5958517914335937
USD_CHF,H4,20,100,long,108,49,51,8,0.49,0.3920196019603921,0.5879803980396079
USD_CHF,H4,20,100,short,109,57,46,6,0.5533980582524272,0.45738803431402053,0.6494080821908338
USD_CHF,H4,20,200,long,83,28,43,12,0.39436619718309857,0.28068679220447335,0.5080456021617238
USD_CHF,H4,20,200,short,82,40,36,6,0.5263157894736842,0.4140578855092929,0.6385736934380755
USD_CHF,H4,50,100,long,89,36,48,5,0.42857142857142855,0.3227413761288449,0.5344014810140122
USD_CHF,H4,50,100,short,89,42,41,6,0.5060240963855421,0.39846292917865644,0.6135852635924278
USD_CHF,H4,50,200,long,53,24,23,6,0.5106382978723404,0.367722965614364,0.6535536301303168
USD_CHF,H4,50,200,short,52,29,21,2,0.58,0.44319256160573717,0.7168074383942628
USD_CHF,H4,100,200,long,46,21,22,3,0.4883720930232558,0.33896391292128136,0.6377802731252302
USD_CHF,H4,100,200,short,45,28,16,1,0.6363636363636364,0.4942237173612516,0.7785035553660211
NZD_USD,H4,10,50,long,200,100,99,1,0.5025125628140703,0.433043081857627,0.5719820437705135
NZD_USD,H4,10,50,short,199,99,99,1,0.5,0.4303544326571672,0.5696455673428328
NZD_USD,H4,10,100,long,145,72,73,0,0.496551724137931,0.41516908932806706,0.577934358947795
NZD_USD,H4,10,100,short,144,70,74,0,0.4861111111111111,0.4044759577262146,0.5677462644960076
NZD_USD,H4,10,200,long,91,43,48,0,0.4725274725274725,0.3699507474659295,0.5751041975890155
NZD_USD,H4,10,200,short,92,48,44,0,0.5217391304347826,0.4196636841763569,0.6238145766932083
NZD_USD,H4,20,50,long,174,79,95,0,0.4540229885057471,0.38004414339612735,0.5280018336153669
NZD_USD,H4,20,50,short,173,89,84,0,0.5144508670520231,0.439973971924678,0.5889277621793683
NZD_USD,H4,20,100,long,117,56,61,0,0.47863247863247865,0.388114215991799,0.5691507412731582
NZD_USD,H4,20,100,short,116,55,61,0,0.47413793103448276,0.38326901451095696,0.5650068475580086
NZD_USD,H4,20,200,long,68,35,33,0,0.5147058823529411,0.3959148396528774,0.6334969250530049
NZD_USD,H4,20,200,short,69,34,35,0,0.4927536231884058,0.3747878778734156,0.610719368503396
NZD_USD,H4,50,100,long,83,43,39,1,0.524390243902439,0.41629618517518524,0.6324843026296928
NZD_USD,H4,50,100,short,83,43,39,1,0.524390243902439,0.41629618517518524,0.6324843026296928
NZD_USD,H4,50,200,long,49,25,24,0,0.5102040816326531,0.3702332391879001,0.6501749240774061
NZD_USD,H4,50,200,short,50,28,22,0,0.56,0.4224085584056916,0.6975914415943085
NZD_USD,H4,100,200,long,44,26,18,0,0.5909090909090909,0.4456310471705863,0.7361871346475956
NZD_USD,H4,100,200,short,45,28,17,0,0.6222222222222222,0.4805643294898079,0.7638801149546366
USD_SEK,H4,10,50,long,215,108,107,0,0.5023255813953489,0.43549085906728296,0.5691603037234149
USD_SEK,H4,10,50,short,216,110,106,0,0.5092592592592593,0.4425901396960931,0.5759283788224254
USD_SEK,H4,10,100,long,142,75,65,2,0.5357142857142857,0.4531007275049942,0.6183278439235772
USD_SEK,H4,10,100,short,143,75,67,1,0.528169014084507,0.4460598581245264,0.6102781700444876
USD_SEK,H4,10,200,long,95,48,45,2,0.5161290322580645,0.4145606526032969,0.6176974119128321
USD_SEK,H4,10,200,short,95,48,45,2,0.5161290322580645,0.4145606526032969,0.6176974119128321
USD_SEK,H4,20,50,long,181,99,81,1,0.55,0.47732125482646254,0.6226787451735375
USD_SEK,H4,20,50,short,181,87,93,1,0.48333333333333334,0.4103290378398911,0.5563376288267755
USD_SEK,H4,20,100,long,107,55,50,2,0.5238095238095238,0.4282798115419475,0.6193392360771002
USD_SEK,H4,20,100,short,108,46,62,0,0.42592592592592593,0.33266597153703514,0.5191858803148167
USD_SEK,H4,20,200,long,68,42,26,0,0.6176470588235294,0.5021411978986431,0.7331529197484158
USD_SEK,H4,20,200,short,68,36,32,0,0.5294117647058824,0.41077509639553506,0.6480484330162296
USD_SEK,H4,50,100,long,83,47,35,1,0.573170731707317,0.46611294911506845,0.6802285142995655
USD_SEK,H4,50,100,short,84,37,47,0,0.44047619047619047,0.3343098290602679,0.5466425518921131
USD_SEK,H4,50,200,long,47,28,19,0,0.5957446808510638,0.45544228068730375,0.7360470810148239
USD_SEK,H4,50,200,short,46,22,24,0,0.4782608695652174,0.33390438908126585,0.622617350049169
USD_SEK,H4,100,200,long,41,22,19,0,0.5365853658536586,0.38394534131975266,0.6892253903875645
USD_SEK,H4,100,200,short,40,19,20,1,0.48717948717948717,0.33030549125404296,0.6440534831049314
AUD_CHF,H4,10,50,long,219,104,111,4,0.48372093023255813,0.41692091822743993,0.5505209422376763
AUD_CHF,H4,10,50,short,218,106,102,10,0.5096153846153846,0.4416771766017642,0.577553592629005
AUD_CHF,H4,10,100,long,141,70,69,2,0.5035971223021583,0.42047675831382236,0.5867174862904941
AUD_CHF,H4,10,100,short,141,65,69,7,0.48507462686567165,0.4004532480347728,0.5696960056965705
AUD_CHF,H4,10,200,long,109,51,57,1,0.4722222222222222,0.3780673162472351,0.5663771281972093
AUD_CHF,H4,10,200,short,109,47,56,6,0.4563106796116505,0.3601177444311544,0.5525036147921466
AUD_CHF,H4,20,50,long,175,84,88,3,0.4883720930232558,0.4136680029722686,0.563076183074243
AUD_CHF,H4,20,50,short,174,87,79,8,0.5240963855421686,0.4481220148824485,0.6000707562018888
AUD_CHF,H4,20,100,long,106,54,49,3,0.5242718446601942,0.4278234165059773,0.620720272814411
AUD_CHF,H4,20,100,short,106,58,46,2,0.5576923076923077,0.4622372432808138,0.6531473721038017
AUD_CHF,H4,20,200,long,83,44,39,0,0.5301204819277109,0.42274686702951925,0.6374940968259025
AUD_CHF,H4,20,200,short,82,27,54,1,0.3333333333333333,0.2306719043610642,0.4359947623056024
AUD_CHF,H4,50,100,long,92,34,52,6,0.3953488372093023,0.29201334205471435,0.49868433236389026
AUD_CHF,H4,50,100,short,91,49,41,1,0.5444444444444444,0.4415522865356801,0.6473366023532087
AUD_CHF,H4,50,200,long,61,22,37,2,0.3728813559322034,0.2494884317449682,0.4962742801194386
AUD_CHF,H4,50,200,short,60,29,29,2,0.5,0.3713196957974719,0.6286803042025281
AUD_CHF,H4,100,200,long,47,21,26,0,0.44680851063829785,0.30467201432718494,0.5889450069494108
AUD_CHF,H4,100,200,short,48,26,22,0,0.5416666666666666,0.4007078550440012,0.6826254782893321
AUD_NZD,H4,10,50,long,215,74,97,44,0.4327485380116959,0.35848705245706664,0.5070100235663251
AUD_NZD,H4,10,50,short,216,80,70,66,0.5333333333333333,0.4534946812256583,0.6131719854410084
AUD_NZD,H4,10,100,long,135,52,56,27,0.48148148148148145,0.3872456377231525,0.5757173252398103
AUD_NZD,H4,10,100,short,135,48,45,42,0.5161290322580645,0.4145606526032969,0.6176974119128321
AUD_NZD,H4,10,200,long,92,38,32,22,0.5428571428571428,0.4261558146727558,0.6595584710415299
AUD_NZD,H4,10,200,short,92,37,34,21,0.5211267605633803,0.40492602723739457,0.6373274938893659
AUD_NZD,H4,20,50,long,176,65,79,32,0.4513888888888889,0.3701091018250014,0.5326686759527763
AUD_NZD,H4,20,50,short,177,72,58,47,0.5538461538461539,0.4683943395729312,0.6392979681193766
AUD_NZD,H4,20,100,long,100,38,43,19,0.4691358024691358,0.3604545664045016,0.57781703853377
AUD_NZD,H4,20,100,short,100,37,36,27,0.5068493150684932,0.3921597532206488,0.6215388769163376
AUD_NZD,H4,20,200,long,66,27,25,14,0.5192307692307693,0.3834297772537627,0.6550317612077758
AUD_NZD,H4,20,200,short,66,26,20,20,0.5652173913043478,0.4219586946646685,0.708476087944027
AUD_NZD,H4,50,100,long,87,32,35,20,0.47761194029850745,0.3580059644827897,0.5972179161142251
AUD_NZD,H4,50,100,short,87,34,30,23,0.53125,0.40898949192017275,0.6535105080798272
AUD_NZD,H4,50,200,long,48,23,12,13,0.6571428571428571,0.49988637873894526,0.814399335546769
AUD_NZD,H4,50,200,short,47,21,20,6,0.5121951219512195,0.3591903656558928,0.6651998782465463
AUD_NZD,H4,100,200,long,41,19,12,10,0.6129032258064516,0.44143606604916524,0.7843703855637381
AUD_NZD,H4,100,200,short,41,17,13,11,0.5666666666666667,0.389341520656837,0.7439918126764963
AUD_CAD,H4,10,50,long,213,97,101,15,0.4898989898989899,0.4202676359373955,0.5595303438605842
AUD_CAD,H4,10,50,short,213,100,106,7,0.4854368932038835,0.4171860260804051,0.5536877603273619
AUD_CAD,H4,10,100,long,143,63,69,11,0.4772727272727273,0.3920628392386331,0.5624826153068215
AUD_CAD,H4,10,100,short,142,58,74,10,0.4393939393939394,0.3547248222801633,0.5240630565077156
AUD_CAD,H4,10,200,long,90,46,31,13,0.5974025974025974,0.48786082934967945,0.7069443654555153
AUD_CAD,H4,10,200,short,89,43,41,5,0.5119047619047619,0.4050083080260113,0.6188012157835124
AUD_CAD,H4,20,50,long,179,86,83,10,0.5088757396449705,0.43350300260836877,0.5842484766815721
AUD_CAD,H4,20,50,short,178,84,84,10,0.5,0.42439135851857496,0.575608641481425
AUD_CAD,H4,20,100,long,105,50,49,6,0.5050505050505051,0.4065618239596305,0.6035391861413797
AUD_CAD,H4,20,100,short,104,50,49,5,0.5050505050505051,0.4065618239596305,0.6035391861413797
AUD_CAD,H4,20,200,long,67,30,28,9,0.5172413793103449,0.3886376022059932,0.6458451564146965
AUD_CAD,H4,20,200,short,66,34,29,3,0.5396825396825397,0.4166036117680886,0.6627614675969907
AUD_CAD,H4,50,100,long,87,39,40,8,0.4936708860759494,0.38342110554832587,0.6039206666035729
AUD_CAD,H4,50,100,short,87,41,40,6,0.5061728395061729,0.39729224912652816,0.6150534298858176
AUD_CAD,H4,50,200,long,49,20,23,6,0.46511627906976744,0.3160318440504992,0.6142007140890356
AUD_CAD,H4,50,200,short,48,25,18,5,0.5813953488372093,0.4339403008287866,0.7288503968456321
AUD_CAD,H4,100,200,long,42,13,22,7,0.37142857142857144,0.2113485914185777,0.5315085514385651
AUD_CAD,H4,100,200,short,42,23,15,4,0.6052631578947368,0.4498491272494405,0.7606771885400332
EUR_AUD,H4,10,50,long,220,107,97,16,0.5245098039215687,0.45597856609801357,0.5930410417451237
EUR_AUD,H4,10,50,short,221,105,104,12,0.5023923444976076,0.43460510298714733,0.5701795860080678
EUR_AUD,H4,10,100,long,149,62,73,14,0.45925925925925926,0.3751947477988325,0.543323770719686
EUR_AUD,H4,10,100,short,150,75,66,9,0.5319148936170213,0.44955230234295196,0.6142774848910906
EUR_AUD,H4,10,200,long,103,57,40,6,0.5876288659793815,0.48966500497057175,0.6855927269881912
EUR_AUD,H4,10,200,short,103,47,54,2,0.46534653465346537,0.36806737292309427,0.5626256963838364
EUR_AUD,H4,20,50,long,179,86,79,14,0.5212121212121212,0.4449879122055412,0.5974363302187012
EUR_AUD,H4,20,50,short,180,80,88,12,0.47619047619047616,0.4006676074439587,0.5517133449369936
EUR_AUD,H4,20,100,long,119,55,52,12,0.514018691588785,0.4193157603656663,0.6087216228119037
EUR_AUD,H4,20,100,short,119,54,56,9,0.4909090909090909,0.3974852029576149,0.5843329788605669
EUR_AUD,H4,20,200,long,71,39,26,6,0.6,0.4809018504309608,0.7190981495690392
EUR_AUD,H4,20,200,short,71,38,28,5,0.5757575757575758,0.45652059185637583,0.6949945596587758
EUR_AUD,H4,50,100,long,88,48,33,7,0.5925925925925926,0.4855870849531426,0.6995981002320425
EUR_AUD,H4,50,100,short,89,47,36,6,0.5662650602409639,0.4596449537042731,0.6728851667776548
EUR_AUD,H4,50,200,long,50,22,25,3,0.46808510638297873,0.3254289136532616,0.6107412991126959
EUR_AUD,H4,50,200,short,50,28,18,4,0.6086956521739131,0.4676581551269505,0.7497331492208756
EUR_AUD,H4,100,200,long,46,19,23,4,0.4523809523809524,0.3018510242627896,0.6029108804991152
EUR_AUD,H4,100,200,short,46,25,20,1,0.5555555555555556,0.4103703703703704,0.7007407407407408
EUR_CAD,H4,10,50,long,239,99,107,33,0.48058252427184467,0.4123541965337786,0.5488108520099108
EUR_CAD,H4,10,50,short,239,97,110,32,0.46859903381642515,0.40061878295572856,0.5365792846771217
EUR_CAD,H4,10,100,long,170,71,72,27,0.4965034965034965,0.41455378335474713,0.5784532096522459
EUR_CAD,H4,10,100,short,169,63,77,29,0.45,0.36759004914453597,0.532409950855464
EUR_CAD,H4,10,200,long,115,56,44,15,0.56,0.46270815861543174,0.6572918413845683
EUR_CAD,H4,10,200,short,114,38,47,29,0.4470588235294118,0.3413604243087909,0.5527572227500327
EUR_CAD,H4,20,50,long,191,90,82,19,0.5232558139534884,0.44861238496816946,0.5978992429388074
EUR_CAD,H4,20,50,short,191,80,85,26,0.48484848484848486,0.40859062524398576,0.561106344452984
EUR_CAD,H4,20,100,long,130,55,59,16,0.4824561403508772,0.39072724893054983,0.5741850317712045
EUR_CAD,H4,20,100,short,129,46,61,22,0.42990654205607476,0.3361019199612009,0.5237111641509486
EUR_CAD,H4,20,200,long,85,39,34,12,0.5342465753424658,0.41981561486505115,0.6486775358198804
EUR_CAD,H4,20,200,short,84,30,35,19,0.46153846153846156,0.34034458255090305,0.5827323405260201
EUR_CAD,H4,50,100,long,100,44,39,17,0.5301204819277109,0.42274686702951925,0.6374940968259025
EUR_CAD,H4,50,100,short,100,40,49,11,0.449438202247191,0.34609091126210384,0.5527854932322781
EUR_CAD,H4,50,200,long,54,23,21,10,0.5227272727272727,0.37513941734496625,0.6703151281095792
EUR_CAD,H4,50,200,short,54,22,25,7,0.46808510638297873,0.3254289136532616,0.6107412991126959
EUR_CAD,H4,100,200,long,54,21,27,6,0.4375,0.2971586193419774,0.5778413806580226
EUR_CAD,H4,100,200,short,53,18,23,12,0.43902439024390244,0.2871164563788486,0.5909323241089564
EUR_CHF,H4,10,50,long,227,76,62,89,0.5507246376811594,0.46773190157658123,0.6337173737857376
EUR_CHF,H4,10,50,short,227,69,70,88,0.49640287769784175,0.41328251370950586,0.5795232416861776
EUR_CHF,H4,10,100,long,139,45,41,53,0.5232558139534884,0.41769406434041734,0.6288175635665595
EUR_CHF,H4,10,100,short,139,43,42,54,0.5058823529411764,0.3995937849839204,0.6121709208984325
EUR_CHF,H4,10,200,long,105,33,34,38,0.4925373134328358,0.3728245941993393,0.6122500326663323
EUR_CHF,H4,10,200,short,105,32,33,40,0.49230769230769234,0.37076803835503674,0.613847346260348
EUR_CHF,H4,20,50,long,190,73,41,76,0.6403508771929824,0.5522556960768255,0.7284460583091394
EUR_CHF,H4,20,50,short,190,56,66,68,0.45901639344262296,0.37058991970269106,0.5474428671825549
EUR_CHF,H4,20,100,long,105,39,34,32,0.5342465753424658,0.41981561486505115,0.6486775358198804
EUR_CHF,H4,20,100,short,105,38,34,33,0.5277777777777778,0.41246203956855504,0.6430935159870006
EUR_CHF,H4,20,200,long,72,24,26,22,0.48,0.34151798961597934,0.6184820103840206
EUR_CHF,H4,20,200,short,72,22,28,22,0.44,0.3024085584056915,0.5775914415943085
EUR_CHF,H4,50,100,long,96,32,36,28,0.47058823529411764,0.35195156698377034,0.5892249036044649
EUR_CHF,H4,50,100,short,96,32,26,38,0.5517241379310345,0.42373422484289125,0.6797140510191777
EUR_CHF,H4,50,200,long,56,16,17,23,0.48484848484848486,0.3143307269541896,0.6553662427427801
EUR_CHF,H4,50,200,short,56,15,18,23,0.45454545454545453,0.28465575682533084,0.6244351522655782
EUR_CHF,H4,100,200,long,48,13,16,19,0.4482758620689655,0.26727079113275964,0.6292809330051714
EUR_CHF,H4,100,200,short,48,14,14,20,0.5,0.31479740822547864,0.6852025917745214
EUR_NZD,H4,10,50,long,215,95,112,8,0.45893719806763283,0.39105258183931946,0.5268218142959462
EUR_NZD,H4,10,50,short,216,101,104,11,0.4926829268292683,0.4242440873918044,0.5611217662667322
EUR_NZD,H4,10,100,long,137,67,68,2,0.4962962962962963,0.4119536396682642,0.5806389529243284
EUR_NZD,H4,10,100,short,137,60,66,11,0.47619047619047616,0.3889841789889269,0.5633967733920254
EUR_NZD,H4,10,200,long,97,57,36,4,0.6129032258064516,0.5139066149634017,0.7118998366495015
EUR_NZD,H4,10,200,short,97,48,47,2,0.5052631578947369,0.4047228499534867,0.6058034658359871
EUR_NZD,H4,20,50,long,191,78,103,10,0.430939226519337,0.3587945778620185,0.5030838751766555
EUR_NZD,H4,20,50,short,192,89,95,8,0.483695652173913,0.4114875147335964,0.5559037896142296
EUR_NZD,H4,20,100,long,104,54,41,9,0.5684210526315789,0.46882102206757226,0.6680210831955856
EUR_NZD,H4,20,100,short,105,49,49,7,0.5,0.40100505063388336,0.5989949493661166
EUR_NZD,H4,20,200,long,74,44,29,1,0.6027397260273972,0.49048694266074966,0.7149925093940448
EUR_NZD,H4,20,200,short,74,33,38,3,0.4647887323943662,0.3487728849982566,0.5808045797904757
EUR_NZD,H4,50,100,long,86,44,39,3,0.5301204819277109,0.42274686702951925,0.6374940968259025
EUR_NZD,H4,50,100,short,86,41,41,4,0.5,0.39177710444665037,0.6082228955533496
EUR_NZD,H4,50,200,long,52,26,24,2,0.52,0.3815179896159794,0.6584820103840207
EUR_NZD,H4,50,200,short,52,29,21,2,0.58,0.44319256160573717,0.7168074383942628
EUR_NZD,H4,100,200,long,47,28,17,2,0.6222222222222222,0.4805643294898079,0.7638801149546366
EUR_NZD,H4,100,200,short,47,27,18,2,0.6,0.45686183830531657,0.7431381616946834
EUR_CZK,H4,10,50,long,231,43,48,140,0.4725274725274725,0.3699507474659295,0.5751041975890155
EUR_CZK,H4,10,50,short,231,50,41,140,0.5494505494505495,0.44722230250146444,0.6516787963996346
EUR_CZK,H4,10,100,long,158,33,28,97,0.5409836065573771,0.415929688121537,0.6660375249932171
EUR_CZK,H4,10,100,short,158,30,30,98,0.5,0.373482544023891,0.626517455976109
EUR_CZK,H4,10,200,long,103,20,21,62,0.4878048780487805,0.33480012175345375,0.6408096343441072
EUR_CZK,H4,10,200,short,103,27,15,61,0.6428571428571429,0.4979433753952485,0.7877709103190373
EUR_CZK,H4,20,50,long,188,35,34,119,0.5072463768115942,0.3892806314966041,0.6252121221265844
EUR_CZK,H4,20,50,short,188,43,34,111,0.5584415584415584,0.4475256935894878,0.669357423293629
EUR_CZK,H4,20,100,long,121,25,20,76,0.5555555555555556,0.4103703703703704,0.7007407407407408
EUR_CZK,H4,20,100,short,122,21,21,80,0.5,0.3487827170371499,0.6512172829628501
EUR_CZK,H4,20,200,long,79,19,14,46,0.5757575757575758,0.40713101598803636,0.7443841355271152
EUR_CZK,H4,20,200,short,80,15,17,48,0.46875,0.29584753133088293,0.6416524686691171
EUR_CZK,H4,50,100,long,93,20,13,60,0.6060606060606061,0.439346696736511,0.7727745153847012
EUR_CZK,H4,50,100,short,94,18,19,57,0.4864864864864865,0.32543433226529483,0.6475386407076782
EUR_CZK,H4,50,200,long,55,12,11,32,0.5217391304347826,0.3175882379179313,0.7258900229516339
EUR_CZK,H4,50,200,short,55,11,5,39,0.6875,0.4603789213326953,0.9146210786673047
EUR_CZK,H4,100,200,long,48,12,11,25,0.5217391304347826,0.3175882379179313,0.7258900229516339
EUR_CZK,H4,100,200,short,48,11,6,31,0.6470588235294118,0.41988689910096416,0.8742307479578595
CAD_JPY,H4,10,50,long,213,107,104,2,0.5071090047393365,0.43964984196815293,0.5745681675105201
CAD_JPY,H4,10,50,short,212,110,101,1,0.5213270142180095,0.45392243251972064,0.5887315959162984
CAD_JPY,H4,10,100,long,145,75,69,1,0.5208333333333334,0.43923758866586005,0.6024290780008067
CAD_JPY,H4,10,100,short,145,78,66,1,0.5416666666666666,0.460284058831671,0.6230492745016623
CAD_JPY,H4,10,200,long,101,46,53,2,0.46464646464646464,0.3663992763941029,0.5628936528988263
CAD_JPY,H4,10,200,short,101,57,41,3,0.5816326530612245,0.48396599800329754,0.6792993081191514
CAD_JPY,H4,20,50,long,176,88,87,1,0.5028571428571429,0.4287773156435215,0.5769369700707643
CAD_JPY,H4,20,50,short,175,97,75,3,0.563953488372093,0.48984296166593344,0.6380640150782526
CAD_JPY,H4,20,100,long,114,54,58,2,0.48214285714285715,0.38960063704845915,0.5746850772372551
CAD_JPY,H4,20,100,short,114,63,50,1,0.5575221238938053,0.4659435907338508,0.6491006570537597
CAD_JPY,H4,20,200,long,76,36,36,4,0.5,0.38450589240619726,0.6154941075938027
CAD_JPY,H4,20,200,short,76,36,38,2,0.4864864864864865,0.37260541611198017,0.6003675568609929
CAD_JPY,H4,50,100,long,92,44,46,2,0.4888888888888889,0.3856133282435368,0.592164449534241
CAD_JPY,H4,50,100,short,92,52,40,0,0.5652173913043478,0.4639181954464841,0.6665165871622114
CAD_JPY,H4,50,200,long,53,29,24,0,0.5471698113207547,0.4131568244683743,0.6811827981731351
CAD_JPY,H4,50,200,short,53,21,30,2,0.4117647058823529,0.2766909170808409,0.5468384946838649
CAD_JPY,H4,100,200,long,44,21,22,1,0.4883720930232558,0.33896391292128136,0.6377802731252302
CAD_JPY,H4,100,200,short,45,25,19,1,0.5681818181818182,0.4218213259410647,0.7145423104225718
CAD_CHF,H4,10,50,long,220,98,102,20,0.49,0.42071739612283615,0.5592826038771639
CAD_CHF,H4,10,50,short,220,108,90,22,0.5454545454545454,0.47609736679288245,0.6148117241162083
CAD_CHF,H4,10,100,long,149,56,80,13,0.4117647058823529,0.3290492408353117,0.49448017092939417
CAD_CHF,H4,10,100,short,150,80,58,12,0.5797101449275363,0.49735391981662225,0.6620663700384503
CAD_CHF,H4,10,200,long,101,42,56,3,0.42857142857142855,0.33059183886010146,0.5265510182827556
CAD_CHF,H4,10,200,short,102,59,42,1,0.5841584158415841,0.48803600346951054,0.6802808282136577
CAD_CHF,H4,20,50,long,183,77,88,18,0.4666666666666667,0.39054349870620475,0.5427898346271286
CAD_CHF,H4,20,50,short,183,91,73,19,0.5548780487804879,0.4788152282849057,0.6309408692760701
CAD_CHF,H4,20,100,long,115,52,57,6,0.47706422018348627,0.38329605368250547,0.5708323866844671
CAD_CHF,H4,20,100,short,116,64,43,9,0.5981308411214953,0.5052332142924236,0.6910284679505669
CAD_CHF,H4,20,200,long,78,34,42,2,0.4473684210526316,0.3355792368972559,0.5591576052080073
CAD_CHF,H4,20,200,short,79,45,29,5,0.6081081081081081,0.49688020558661516,0.7193360106296011
CAD_CHF,H4,50,100,long,87,38,43,6,0.4691358024691358,0.3604545664045016,0.57781703853377
CAD_CHF,H4,50,100,short,87,50,27,10,0.6493506493506493,0.5427679125231881,0.7559333861781106
CAD_CHF,H4,50,200,long,57,24,32,1,0.42857142857142855,0.2989566146032714,0.5581862425395857
CAD_CHF,H4,50,200,short,57,34,22,1,0.6071428571428571,0.4792268690881968,0.7350588451975174
CAD_CHF,H4,100,200,long,50,17,30,3,0.3617021276595745,0.22433134503551602,0.499072910283633
CAD_CHF,H4,100,200,short,50,27,22,1,0.5510204081632653,0.4117511783695059,0.6902896379570246
USD_JPY,H4,10,50,long,217,101,96,20,0.5126903553299492,0.4428907389843295,0.5824899716755689
USD_JPY,H4,10,50,short,216,96,102,18,0.48484848484848486,0.4152349016944079,0.5544620680025618
USD_JPY,H4,10,100,long,139,63,57,19,0.525,0.43565054560882877,0.6143494543911713
USD_JPY,H4,10,100,short,139,58,67,14,0.464,0.37657362931471994,0.5514263706852801
USD_JPY,H4,10,200,long,104,52,39,13,0.5714285714285714,0.4697503459402126,0.6731067969169302
USD_JPY,H4,10,200,short,103,40,51,12,0.43956043956043955,0.33758183461267866,0.5415390445082005
USD_JPY,H4,20,50,long,181,82,77,22,0.5157232704402516,0.4380426521461524,0.5934038887343507
USD_JPY,H4,20,50,short,181,79,89,13,0.47023809523809523,0.39476351649109565,0.5457126739850948
USD_JPY,H4,20,100,long,105,39,46,20,0.4588235294117647,0.35288866815239106,0.5647583906711383
USD_JPY,H4,20,100,short,106,45,49,12,0.4787234042553192,0.37773567946151887,0.5797111290491195
USD_JPY,H4,20,200,long,83,38,35,10,0.5205479452054794,0.40594451897763245,0.6351513714333263
USD_JPY,H4,20,200,short,82,34,43,5,0.44155844155844154,0.3306425767063709,0.5524743064105122
USD_JPY,H4,50,100,long,87,37,36,14,0.5068493150684932,0.3921597532206488,0.6215388769163376
USD_JPY,H4,50,100,short,86,46,32,8,0.5897435897435898,0.4805824472696572,0.6989047322175223
USD_JPY,H4,50,200,long,49,24,15,10,0.6153846153846154,0.4626946800396934,0.7680745507295375
USD_JPY,H4,50,200,short,48,22,22,4,0.5,0.35225944115689584,0.6477405588431042
USD_JPY,H4,100,200,long,44,25,16,3,0.6097560975609756,0.4604387447308937,0.7590734503910574
USD_JPY,H4,100,200,short,43,20,20,3,0.5,0.3450483946517494,0.6549516053482506
EUR_GBP,H4,10,50,long,227,94,93,40,0.5026737967914439,0.4310101239232863,0.5743374696596014
EUR_GBP,H4,10,50,short,228,87,98,43,0.4702702702702703,0.39834671567262714,0.5421938248679135
EUR_GBP,H4,10,100,long,151,55,69,27,0.4435483870967742,0.3561045042492939,0.5309922699442544
EUR_GBP,H4,10,100,short,151,62,66,23,0.484375,0.3977967248410885,0.5709532751589115
EUR_GBP,H4,10,200,long,113,44,43,26,0.5057471264367817,0.40068703886684154,0.6108072140067218
EUR_GBP,H4,10,200,short,113,45,48,20,0.4838709677419355,0.3823025880871679,0.5854393473967031
EUR_GBP,H4,20,50,long,190,75,78,37,0.49019607843137253,0.41098300607152605,0.569409150791219
EUR_GBP,H4,20,50,short,191,74,93,24,0.4431137724550898,0.367771502840001,0.5184560420701786
EUR_GBP,H4,20,100,long,115,40,50,25,0.4444444444444444,0.3417830154721753,0.5471058734167136
EUR_GBP,H4,20,100,short,115,45,48,22,0.4838709677419355,0.3823025880871679,0.5854393473967031
EUR_GBP,H4,20,200,long,81,28,31,22,0.4745762711864407,0.34715617855107106,0.6019963638218103
EUR_GBP,H4,20,200,short,81,28,38,15,0.42424242424242425,0.30500544034122423,0.5434794081436243
EUR_GBP,H4,50,100,long,98,41,36,21,0.5324675324675324,0.4210218720017065,0.6439131929333584
EUR_GBP,H4,50,100,short,98,37,40,21,0.4805194805194805,0.3689229118457773,0.5921160491931837
EUR_GBP,H4,50,200,long,56,17,31,8,0.3541666666666667,0.21886612885396098,0.4894672044793724
EUR_GBP,H4,50,200,short,56,19,23,14,0.4523809523809524,0.3018510242627896,0.6029108804991152
EUR_GBP,H4,100,200,long,45,16,19,10,0.45714285714285713,0.2921022560775435,0.6221834582081708
EUR_GBP,H4,100,200,short,45,14,21,10,0.4,0.23769658044267833,0.5623034195573218
EUR_JPY,H4,10,50,long,212,105,89,18,0.5412371134020618,0.47111691611766593,0.6113573106864577
EUR_JPY,H4,10,50,short,211,94,105,12,0.4723618090452261,0.40299766473915016,0.541725953351302
EUR_JPY,H4,10,100,long,148,73,65,10,0.5289855072463768,0.44570266271076475,0.6122683517819889
EUR_JPY,H4,10,100,short,148,69,68,11,0.5036496350364964,0.41992481507110885,0.5873744550018839
EUR_JPY,H4,10,200,long,107,58,39,10,0.5979381443298969,0.5003617490227079,0.6955145396370859
EUR_JPY,H4,10,200,short,106,41,60,5,0.40594059405940597,0.3101679308605268,0.5017132572582852
EUR_JPY,H4,20,50,long,190,91,83,16,0.5229885057471264,0.44877346311187577,0.5972035483823771
EUR_JPY,H4,20,50,short,189,74,99,16,0.4277456647398844,0.35401971534407,0.5014716141356989
EUR_JPY,H4,20,100,long,114,54,54,6,0.5,0.4056994560323611,0.5943005439676389
EUR_JPY,H4,20,100,short,113,51,60,2,0.4594594594594595,0.36674823511288135,0.5521706838060376
EUR_JPY,H4,20,200,long,72,37,30,5,0.5522388059701493,0.4331679826187065,0.6713096293215921
EUR_JPY,H4,20,200,short,71,31,35,5,0.4696969696969697,0.3492890544253833,0.5901048849685562
EUR_JPY,H4,50,100,long,92,47,43,2,0.5222222222222223,0.41902322817134086,0.6254212162731037
EUR_JPY,H4,50,100,short,91,43,45,3,0.48863636363636365,0.3841949965696173,0.59307773070311
EUR_JPY,H4,50,200,long,50,25,19,6,0.5681818181818182,0.4218213259410647,0.7145423104225718
EUR_JPY,H4,50,200,short,49,18,27,4,0.4,0.2568618383053166,0.5431381616946834
EUR_JPY,H4,100,200,long,44,22,18,4,0.55,0.3958250993189878,0.7041749006810123
EUR_JPY,H4,100,200,short,44,20,21,3,0.4878048780487805,0.33480012175345375,0.6408096343441072
GBP_JPY,H4,10,50,long,212,109,97,6,0.529126213592233,0.46096232516561425,0.5972901020188517
GBP_JPY,H4,10,50,short,211,102,105,4,0.4927536231884058,0.4246460683756414,0.5608611780011702
GBP_JPY,H4,10,100,long,131,74,51,6,0.592,0.5058427160316668,0.6781572839683332
GBP_JPY,H4,10,100,short,130,73,57,0,0.5615384615384615,0.4762402548211732,0.6468366682557499
GBP_JPY,H4,10,200,long,96,52,42,2,0.5531914893617021,0.4526858089660175,0.6536971697573868
GBP_JPY,H4,10,200,short,95,42,53,0,0.4421052631578947,0.3422356785676487,0.5419748477481408
GBP_JPY,H4,20,50,long,174,100,70,4,0.5882352941176471,0.5142523330633703,0.6622182551719239
GBP_JPY,H4,20,50,short,173,89,81,3,0.5235294117647059,0.44845011397466505,0.5986087095547468
GBP_JPY,H4,20,100,long,105,55,48,2,0.5339805825242718,0.43764156839070445,0.6303195966578392
GBP_JPY,H4,20,100,short,104,55,49,0,0.5288461538461539,0.4329093055087598,0.6247830021835479
GBP_JPY,H4,20,200,long,75,41,32,2,0.5616438356164384,0.44781856311528917,0.6754691081175876
GBP_JPY,H4,20,200,short,74,35,39,0,0.47297297297297297,0.3592168407275511,0.5867291052183948
GBP_JPY,H4,50,100,long,84,44,38,2,0.5365853658536586,0.4286525694252527,0.6445181622820645
GBP_JPY,H4,50,100,short,83,39,44,0,0.46987951807228917,0.36250590317409753,0.5772531329704809
GBP_JPY,H4,50,200,long,56,29,26,1,0.5272727272727272,0.3953262772829166,0.6592191772625379
GBP_JPY,H4,50,200,short,55,26,28,1,0.48148148148148145,0.3482118731767807,0.6147510897861822
GBP_JPY,H4,100,200,long,48,21,26,1,0.44680851063829785,0.30467201432718494,0.5889450069494108
GBP_JPY,H4,100,200,short,47,20,27,0,0.425531914893617,0.284178545733946,0.5668852840532881
GBP_AUD,H4,10,50,long,232,113,109,10,0.509009009009009,0.4432463930808016,0.5747716249372165
GBP_AUD,H4,10,50,short,232,110,113,9,0.49327354260089684,0.4276538274072339,0.5588932577945598
GBP_AUD,H4,10,100,long,125,65,55,5,0.5416666666666666,0.4525164864670191,0.6308168468663142
GBP_AUD,H4,10,100,short,125,64,51,10,0.5565217391304348,0.46572204493392877,0.6473214333269408
GBP_AUD,H4,10,200,long,85,45,34,6,0.569620253164557,0.46043571288933105,0.678804793439783
GBP_AUD,H4,10,200,short,84,44,33,7,0.5714285714285714,0.46089268667533023,0.6819644561818126
GBP_AUD,H4,20,50,long,181,92,82,7,0.5287356321839081,0.45456481929027537,0.6029064450775408
GBP_AUD,H4,20,50,short,182,84,92,6,0.4772727272727273,0.40347879958157407,0.5510666549638805
GBP_AUD,H4,20,100,long,97,55,39,3,0.5851063829787234,0.48550211702832663,0.6847106489291201
GBP_AUD,H4,20,100,short,97,49,42,6,0.5384615384615384,0.4360340159881504,0.6408890609349265
GBP_AUD,H4,20,200,long,64,35,26,3,0.5737704918032787,0.4496675675372991,0.6978734160692582
GBP_AUD,H4,20,200,short,64,31,28,5,0.5254237288135594,0.3980036361781897,0.652843821448929
GBP_AUD,H4,50,100,long,82,46,33,3,0.5822784810126582,0.47352295827196356,0.6910340037533529
GBP_AUD,H4,50,100,short,82,42,36,4,0.5384615384615384,0.4278271695398098,0.6490959073832671
GBP_AUD,H4,50,200,long,45,21,21,3,0.5,0.3487827170371499,0.6512172829628501
GBP_AUD,H4,50,200,short,44,20,19,5,0.5128205128205128,0.3559465168950686,0.6696945087459569
GBP_AUD,H4,100,200,long,41,22,18,1,0.55,0.3958250993189878,0.7041749006810123
GBP_AUD,H4,100,200,short,40,17,21,2,0.4473684210526316,0.28927464069347575,0.6054622014117874
GBP_CAD,H4,10,50,long,220,110,100,10,0.5238095238095238,0.4562598164603209,0.5913592311587268
GBP_CAD,H4,10,50,short,220,103,103,14,0.5,0.4317201645994215,0.5682798354005785
GBP_CAD,H4,10,100,long,133,70,52,11,0.5737704918032787,0.4860164724897239,0.6615245111168334
GBP_CAD,H4,10,100,short,132,59,64,9,0.4796747967479675,0.3913842112168868,0.5679653822790481
GBP_CAD,H4,10,200,long,116,60,47,9,0.5607476635514018,0.46670932251277975,0.6547860045900239
GBP_CAD,H4,10,200,short,115,41,61,13,0.4019607843137255,0.3068099370948478,0.49711163153260324
GBP_CAD,H4,20,50,long,177,93,70,14,0.5705521472392638,0.4945606224136382,0.6465436720648895
GBP_CAD,H4,20,50,short,177,80,86,11,0.4819277108433735,0.40591466091320205,0.5579407607735449
GBP_CAD,H4,20,100,long,102,52,41,9,0.5591397849462365,0.45823186622772033,0.6600477036647527
GBP_CAD,H4,20,100,short,101,46,45,10,0.5054945054945055,0.4027687945518872,0.6082202164371238
GBP_CAD,H4,20,200,long,84,40,33,11,0.547945205479452,0.43377343210828667,0.6621169788506174
GBP_CAD,H4,20,200,short,83,32,44,7,0.42105263157894735,0.3100490452395808,0.5320562179183138
GBP_CAD,H4,50,100,long,90,49,33,8,0.5975609756097561,0.4914182335836168,0.7037037176358953
GBP_CAD,H4,50,100,short,89,44,39,6,0.5301204819277109,0.42274686702951925,0.6374940968259025
GBP_CAD,H4,50,200,long,53,24,23,6,0.5106382978723404,0.367722965614364,0.6535536301303168
GBP_CAD,H4,50,200,short,52,27,22,3,0.5510204081632653,0.4117511783695059,0.6902896379570246
GBP_CAD,H4,100,200,long,48,23,23,2,0.5,0.3555068829682008,0.6444931170317991
GBP_CAD,H4,100,200,short,47,21,22,4,0.4883720930232558,0.33896391292128136,0.6377802731252302
GBP_CHF,H4,10,50,long,210,101,96,13,0.5126903553299492,0.4428907389843295,0.5824899716755689
GBP_CHF,H4,10,50,short,209,105,87,17,0.546875,0.47646108297867207,0.6172889170213279
GBP_CHF,H4,10,100,long,143,72,61,10,0.5413533834586466,0.4566677431407859,0.6260390237765072
GBP_CHF,H4,10,100,short,142,71,61,10,0.5378787878787878,0.4528258603980123,0.6229317153595634
GBP_CHF,H4,10,200,long,95,46,44,5,0.5111111111111111,0.407835550465759,0.6143866717564631
GBP_CHF,H4,10,200,short,94,47,40,7,0.5402298850574713,0.43550349897924556,0.644956271135697
GBP_CHF,H4,20,50,long,176,88,79,9,0.5269461077844312,0.4512216370883105,0.6026705784805519
GBP_CHF,H4,20,50,short,175,87,74,14,0.5403726708074534,0.4633900409085211,0.6173553007063858
GBP_CHF,H4,20,100,long,109,58,42,9,0.58,0.4832625325946559,0.676737467405344
GBP_CHF,H4,20,100,short,108,48,48,12,0.5,0.39997916883635354,0.6000208311636465
GBP_CHF,H4,20,200,long,70,30,32,8,0.4838709677419355,0.35947561566420505,0.608266319819666
GBP_CHF,H4,20,200,short,69,34,25,10,0.576271186440678,0.4501791912494828,0.7023631816318732
GBP_CHF,H4,50,100,long,95,45,42,8,0.5172413793103449,0.4122368350102504,0.6222459236104394
GBP_CHF,H4,50,100,short,94,48,39,7,0.5517241379310345,0.4472208115013287,0.6562274643607403
GBP_CHF,H4,50,200,long,50,19,27,4,0.41304347826086957,0.2707522899183108,0.5553346666034283
GBP_CHF,H4,50,200,short,49,29,18,2,0.6170212765957447,0.4780437635212768,0.7559987896702125
GBP_CHF,H4,100,200,long,46,23,19,4,0.5476190476190477,0.3970891195008849,0.6981489757372105
GBP_CHF,H4,100,200,short,45,20,22,3,0.47619047619047616,0.32514473869744126,0.627236213683511
GBP_NZD,H4,10,50,long,236,111,117,8,0.4868421052631579,0.4219624966803708,0.551721713845945
GBP_NZD,H4,10,50,short,237,97,128,12,0.4311111111111111,0.3664008509077787,0.49582137131444354
GBP_NZD,H4,10,100,long,150,80,64,6,0.5555555555555556,0.4743945697055632,0.6367165414055479
GBP_NZD,H4,10,100,short,150,55,87,8,0.3873239436619718,0.30719959246950007,0.46744829485444356
GBP_NZD,H4,10,200,long,95,48,41,6,0.5393258426966292,0.4357678536518779,0.6428838317413805
GBP_NZD,H4,10,200,short,94,36,54,4,0.4,0.29878603521911284,0.5012139647808872
GBP_NZD,H4,20,50,long,176,88,82,6,0.5176470588235295,0.44253131856110517,0.5927627990859538
GBP_NZD,H4,20,50,short,177,68,102,7,0.4,0.3263560233683864,0.4736439766316136
GBP_NZD,H4,20,100,long,110,61,46,3,0.5700934579439252,0.47628883584905135,0.663898080038799
GBP_NZD,H4,20,100,short,110,38,68,4,0.3584905660377358,0.26719629439373416,0.4497848376817375
GBP_NZD,H4,20,200,long,72,31,38,3,0.4492753623188406,0.3319059093412949,0.5666448152963863
GBP_NZD,H4,20,200,short,71,28,40,3,0.4117647058823529,0.2947873733948295,0.5287420383698763
GBP_NZD,H4,50,100,long,89,51,33,5,0.6071428571428571,0.5026998902502351,0.7115858240354791
GBP_NZD,H4,50,100,short,89,38,44,7,0.4634146341463415,0.3554818377179356,0.5713474305747474
GBP_NZD,H4,50,200,long,47,26,19,2,0.5777777777777777,0.4334663328356338,0.7220892227199216
GBP_NZD,H4,50,200,short,46,20,22,4,0.47619047619047616,0.32514473869744126,0.627236213683511
GBP_NZD,H4,100,200,long,48,21,26,1,0.44680851063829785,0.30467201432718494,0.5889450069494108
GBP_NZD,H4,100,200,short,47,24,20,3,0.5454545454545454,0.398325751387659,0.6925833395214318
CHF_JPY,H4,10,50,long,215,104,87,24,0.5445026178010471,0.4738737382924876,0.6151314973096067
CHF_JPY,H4,10,50,short,214,84,102,28,0.45161290322580644,0.3800930879722202,0.5231327184793927
CHF_JPY,H4,10,100,long,142,76,50,16,0.6031746031746031,0.5177482135844491,0.6886009927647572
CHF_JPY,H4,10,100,short,141,58,69,14,0.4566929133858268,0.3700587806718475,0.5433270460998061
CHF_JPY,H4,10,200,long,103,54,43,6,0.5567010309278351,0.45783898868458206,0.6555630731710881
CHF_JPY,H4,10,200,short,102,43,53,6,0.4479166666666667,0.34843996330856697,0.5473933700247664
CHF_JPY,H4,20,50,long,175,82,73,20,0.5290322580645161,0.45044957003863456,0.6076149460903977
CHF_JPY,H4,20,50,short,174,71,84,19,0.45806451612903226,0.3796263662354218,0.5365026660226427
CHF_JPY,H4,20,100,long,109,55,41,13,0.5729166666666666,0.47396514095053166,0.6718681923828016
CHF_JPY,H4,20,100,short,108,41,56,11,0.422680412371134,0.32437341945006437,0.5209874052922037
CHF_JPY,H4,20,200,long,75,38,34,3,0.5277777777777778,0.41246203956855504,0.6430935159870006
CHF_JPY,H4,20,200,short,75,32,37,6,0.463768115942029,0.34610013907497855,0.5814360928090794
CHF_JPY,H4,50,100,long,86,44,35,7,0.5569620253164557,0.4474212539470488,0.6665027966858625
CHF_JPY,H4,50,100,short,86,33,44,9,0.42857142857142855,0.3180355438181874,0.5391073133246698
CHF_JPY,H4,50,200,long,48,26,17,5,0.6046511627906976,0.45851270406854006,0.7507896215128552
CHF_JPY,H4,50,200,short,48,21,23,4,0.4772727272727273,0.32968487189042084,0.6248605826550337
CHF_JPY,H4,100,200,long,39,22,13,4,0.6285714285714286,0.4684914485614348,0.7886514085814222
CHF_JPY,H4,100,200,short,39,18,20,1,0.47368421052631576,0.31492756025629715,0.6324408607963343
NZD_JPY,H4,10,50,long,222,119,102,1,0.5384615384615384,0.4727349293275637,0.6041881475955131
NZD_JPY,H4,10,50,short,221,107,114,0,0.4841628959276018,0.4182740386841748,0.5500517531710288
NZD_JPY,H4,10,100,long,141,81,59,1,0.5785714285714286,0.49677534064541595,0.6603675164974413
NZD_JPY,H4,10,100,short,140,72,66,2,0.5217391304347826,0.4383948775681062,0.6050833833014589
NZD_JPY,H4,10,200,long,110,50,58,2,0.46296296296296297,0.36892148691330207,0.5570044390126239
NZD_JPY,H4,10,200,short,109,52,57,0,0.47706422018348627,0.38329605368250547,0.5708323866844671
NZD_JPY,H4,20,50,long,196,103,90,3,0.533678756476684,0.4632970204443347,0.6040604925090332
NZD_JPY,H4,20,50,short,195,98,95,2,0.5077720207253886,0.43723859974116164,0.5783054417096156
NZD_JPY,H4,20,100,long,107,57,50,0,0.5327102803738317,0.4381730586936273,0.6272475020540361
NZD_JPY,H4,20,100,short,106,55,50,1,0.5238095238095238,0.4282798115419475,0.6193392360771002
NZD_JPY,H4,20,200,long,77,39,37,1,0.5131578947368421,0.40078311629627306,0.6255326731774112
NZD_JPY,H4,20,200,short,76,43,33,0,0.5657894736842105,0.4543531231837611,0.6772258241846599
NZD_JPY,H4,50,100,long,85,44,41,0,0.5176470588235295,0.41141736019671427,0.6238767574503447
NZD_JPY,H4,50,100,short,85,35,50,0,0.4117647058823529,0.3071369989748742,0.5163924127898317
NZD_JPY,H4,50,200,long,56,29,27,0,0.5178571428571429,0.38698268010752934,0.6487316056067565
NZD_JPY,H4,50,200,short,56,30,25,1,0.5454545454545454,0.41385855146209516,0.6770505394469957
NZD_JPY,H4,100,200,long,48,15,33,0,0.3125,0.18137158409279347,0.44362841590720653
NZD_JPY,H4,100,200,short,48,21,27,0,0.4375,0.2971586193419774,0.5778413806580226
AUD_JPY,H4,10,50,long,225,114,108,3,0.5135135135135135,0.4477642468771895,0.5792627801498375
AUD_JPY,H4,10,50,short,224,109,110,5,0.4977168949771689,0.43149532227378906,0.5639384676805488
AUD_JPY,H4,10,100,long,128,71,56,1,0.5590551181102362,0.4727028641876083,0.6454073720328641
AUD_JPY,H4,10,100,short,128,75,52,1,0.5905511811023622,0.50502820735959,0.6760741548451343
AUD_JPY,H4,10,200,long,100,54,44,2,0.5510204081632653,0.45254219136547047,0.64949862496106
AUD_JPY,H4,10,200,short,99,45,54,0,0.45454545454545453,0.35645959183419695,0.5526313172567121
AUD_JPY,H4,20,50,long,190,100,90,0,0.5263157894736842,0.4553176570968998,0.5973139218504686
AUD_JPY,H4,20,50,short,189,97,90,2,0.5187165775401069,0.4471021073367735,0.5903310477434403
AUD_JPY,H4,20,100,long,102,52,49,1,0.5148514851485149,0.41738086650840117,0.6123221037886286
AUD_JPY,H4,20,100,short,101,56,44,1,0.56,0.46270815861543174,0.6572918413845683
AUD_JPY,H4,20,200,long,74,40,32,2,0.5555555555555556,0.4407765886309255,0.6703345224801857
AUD_JPY,H4,20,200,short,73,35,38,0,0.4794520547945205,0.36484862856667355,0.5940554810223675
AUD_JPY,H4,50,100,long,81,45,35,1,0.5625,0.4537920339855446,0.6712079660144554
AUD_JPY,H4,50,100,short,80,42,36,2,0.5384615384615384,0.4278271695398098,0.6490959073832671
AUD_JPY,H4,50,200,long,51,17,33,1,0.34,0.2086946276803573,0.47130537231964276
AUD_JPY,H4,50,200,short,51,24,27,0,0.47058823529411764,0.33359841052463896,0.6075780600635963
AUD_JPY,H4,100,200,long,43,19,22,2,0.4634146341463415,0.3107746096124355,0.6160546586802474
AUD_JPY,H4,100,200,short,44,21,23,0,0.4772727272727273,0.32968487189042084,0.6248605826550337
USD_SGD,H4,10,50,long,213,63,72,78,0.4666666666666667,0.3825093380073147,0.5508239953260187
USD_SGD,H4,10,50,short,214,82,57,75,0.5899280575539568,0.5081610272307365,0.6716950878771771
USD_SGD,H4,10,100,long,149,45,51,53,0.46875,0.36892471317033443,0.5685752868296655
USD_SGD,H4,10,100,short,149,51,48,50,0.5151515151515151,0.41670304172963235,0.6135999885733979
USD_SGD,H4,10,200,long,90,28,31,31,0.4745762711864407,0.34715617855107106,0.6019963638218103
USD_SGD,H4,10,200,short,90,27,28,35,0.4909090909090909,0.3587877615184891,0.6230304202996927
USD_SGD,H4,20,50,long,182,57,62,63,0.4789915966386555,0.3892344781376933,0.5687487151396177
USD_SGD,H4,20,50,short,183,59,58,66,0.5042735042735043,0.41367578154790474,0.5948712269991038
USD_SGD,H4,20,100,long,107,32,38,37,0.45714285714285713,0.34044152895847013,0.5738441853272441
USD_SGD,H4,20,100,short,107,35,30,42,0.5384615384615384,0.4172676594739799,0.659655417449097
USD_SGD,H4,20,200,long,60,20,16,24,0.5555555555555556,0.39323358385557083,0.7178775272555403
USD_SGD,H4,20,200,short,60,21,15,24,0.5833333333333334,0.42228449479339936,0.7443821718732674
USD_SGD,H4,50,100,long,86,24,29,33,0.4528301886792453,0.3188172018268649,0.5868431755316257
USD_SGD,H4,50,100,short,87,23,25,39,0.4791666666666667,0.3378386912211856,0.6204946421121478
USD_SGD,H4,50,200,long,47,14,13,20,0.5185185185185185,0.3300468310018606,0.7069902060351764
USD_SGD,H4,50,200,short,46,12,12,22,0.5,0.29995833767270713,0.7000416623272929
USD_SGD,H4,100,200,long,42,14,14,14,0.5,0.31479740822547864,0.6852025917745214
USD_SGD,H4,100,200,short,41,12,12,17,0.5,0.29995833767270713,0.7000416623272929
USD_PLN,H4,10,50,long,215,116,99,0,0.5395348837209303,0.47290869457615614,0.6061610728657044
USD_PLN,H4,10,50,short,216,121,94,1,0.5627906976744186,0.49648436726206213,0.629097028086775
USD_PLN,H4,10,100,long,127,65,61,1,0.5158730158730159,0.4286116815582559,0.603134350187776
USD_PLN,H4,10,100,short,128,74,54,0,0.578125,0.492568333180256,0.663681666819744
USD_PLN,H4,10,200,long,90,43,45,2,0.48863636363636365,0.3841949965696173,0.59307773070311
USD_PLN,H4,10,200,short,90,46,44,0,0.5111111111111111,0.407835550465759,0.6143866717564631
USD_PLN,H4,20,50,long,184,90,93,1,0.4918032786885246,0.4193693292266758,0.5642372281503734
USD_PLN,H4,20,50,short,185,98,82,5,0.5444444444444444,0.4716887018562401,0.6172001870326487
USD_PLN,H4,20,100,long,104,52,52,0,0.5,0.40390309378228983,0.5960969062177102
USD_PLN,H4,20,100,short,105,56,46,3,0.5490196078431373,0.4524526070742416,0.645586608612033
USD_PLN,H4,20,200,long,67,38,28,1,0.5757575757575758,0.45652059185637583,0.6949945596587758
USD_PLN,H4,20,200,short,67,41,24,2,0.6307692307692307,0.5134461156709358,0.7480923458675257
USD_PLN,H4,50,100,long,84,39,43,2,0.47560975609756095,0.36751569737030715,0.5837038148248147
USD_PLN,H4,50,100,short,85,47,38,0,0.5529411764705883,0.44724277724996736,0.6586395756912091
USD_PLN,H4,50,200,long,48,21,26,1,0.44680851063829785,0.30467201432718494,0.5889450069494108
USD_PLN,H4,50,200,short,48,28,20,0,0.5833333333333334,0.4438609479077722,0.7228057187588945
USD_PLN,H4,100,200,long,44,16,28,0,0.36363636363636365,0.22149644463397886,0.5057762826387484
USD_PLN,H4,100,200,short,43,21,22,0,0.4883720930232558,0.33896391292128136,0.6377802731252302
USD_CZK,H4,10,50,long,207,104,98,5,0.5148514851485149,0.44592934974164256,0.5837736205553872
USD_CZK,H4,10,50,short,207,102,101,4,0.5024630541871922,0.43368137292754627,0.5712447354468381
USD_CZK,H4,10,100,long,153,65,83,5,0.4391891891891892,0.35923168623764556,0.5191466921407328
USD_CZK,H4,10,100,short,154,73,79,2,0.48026315789473684,0.40083661404777476,0.559689701741699
USD_CZK,H4,10,200,long,98,47,49,2,0.4895833333333333,0.38958421043498076,0.5895824562316858
USD_CZK,H4,10,200,short,98,52,44,2,0.5416666666666666,0.4419937351002828,0.6413395982330505
USD_CZK,H4,20,50,long,175,84,89,2,0.48554913294797686,0.41107223782063174,0.560026028075322
USD_CZK,H4,20,50,short,175,88,83,4,0.5146198830409356,0.439709453382298,0.5895303126995732
USD_CZK,H4,20,100,long,115,57,52,6,0.5229357798165137,0.42916761331553294,0.6167039463174946
USD_CZK,H4,20,100,short,116,47,67,2,0.41228070175438597,0.32191884948339383,0.502642554025378
USD_CZK,H4,20,200,long,68,34,33,1,0.5074626865671642,0.3877499673336677,0.6271754058006607
USD_CZK,H4,20,200,short,68,36,31,1,0.5373134328358209,0.41792123015937205,0.6567056355122697
USD_CZK,H4,50,100,long,96,42,52,2,0.44680851063829785,0.3463028302426132,0.5473141910339825
USD_CZK,H4,50,100,short,96,39,53,4,0.42391304347826086,0.3229309037842003,0.5248951831723214
USD_CZK,H4,50,200,long,49,22,25,2,0.46808510638297873,0.3254289136532616,0.6107412991126959
USD_CZK,H4,50,200,short,49,20,29,0,0.40816326530612246,0.27054504154849623,0.5457814890637487
USD_CZK,H4,100,200,long,42,19,18,5,0.5135135135135135,0.3524613592923218,0.6745656677347052
USD_CZK,H4,100,200,short,41,22,17,2,0.5641025641025641,0.40847197480527225,0.7197331533998559
USD_HUF,H4,10,50,long,212,111,99,2,0.5285714285714286,0.46105550452383814,0.596087352619019
USD_HUF,H4,10,50,short,213,105,107,1,0.49528301886792453,0.4279793377348277,0.5625867000010213
USD_HUF,H4,10,100,long,147,73,74,0,0.4965986394557823,0.41577147205413545,0.5774258068574292
USD_HUF,H4,10,100,short,147,71,76,0,0.48299319727891155,0.40221092970522815,0.563775464852595
USD_HUF,H4,10,200,long,96,56,39,1,0.5894736842105263,0.49055075211862975,0.6883966163024228
USD_HUF,H4,10,200,short,96,53,42,1,0.5578947368421052,0.45802515225185914,0.6577643214323513
USD_HUF,H4,20,50,long,175,84,91,0,0.48,0.4059782518444748,0.5540217481555252
USD_HUF,H4,20,50,short,176,92,81,3,0.5317919075144508,0.4574346540629529,0.6061491609659487
USD_HUF,H4,20,100,long,110,59,51,0,0.5363636363636364,0.4431717425322371,0.6295555301950356
USD_HUF,H4,20,100,short,110,51,58,1,0.46788990825688076,0.3742166968855733,0.5615631196281882
USD_HUF,H4,20,200,long,73,36,37,0,0.4931506849315068,0.3784611230836624,0.6078402467793512
USD_HUF,H4,20,200,short,73,37,35,1,0.5138888888888888,0.3984393478055603,0.6293384299722173
USD_HUF,H4,50,100,long,92,47,44,1,0.5164835164835165,0.41380744348095166,0.6191595894860814
USD_HUF,H4,50,100,short,92,43,48,1,0.4725274725274725,0.3699507474659295,0.5751041975890155
USD_HUF,H4,50,200,long,50,22,28,0,0.44,0.3024085584056915,0.5775914415943085
USD_HUF,H4,50,200,short,50,22,26,2,0.4583333333333333,0.3173745217106679,0.5992921449559987
USD_HUF,H4,100,200,long,45,26,18,1,0.5909090909090909,0.4456310471705863,0.7361871346475956
USD_HUF,H4,100,200,short,45,25,20,0,0.5555555555555556,0.4103703703703704,0.7007407407407408
EUR_HUF,H4,10,50,long,201,90,71,40,0.5590062111801242,0.4823110991107324,0.635701323249516
EUR_HUF,H4,10,50,short,202,84,82,36,0.5060240963855421,0.4299668656612131,0.5820813271098711
EUR_HUF,H4,10,100,long,138,68,52,18,0.5666666666666667,0.47800409366175184,0.6553292396715815
EUR_HUF,H4,10,100,short,138,51,57,30,0.4722222222222222,0.3780673162472351,0.5663771281972093
EUR_HUF,H4,10,200,long,93,48,27,18,0.64,0.53136577334928,0.74863422665072
EUR_HUF,H4,10,200,short,93,33,38,22,0.4647887323943662,0.3487728849982566,0.5808045797904757
EUR_HUF,H4,20,50,long,169,78,63,28,0.5531914893617021,0.4711289449548109,0.6352540337685935
EUR_HUF,H4,20,50,short,170,66,71,33,0.48175182481751827,0.3980805544706345,0.565423095164402
EUR_HUF,H4,20,100,long,94,41,38,15,0.5189873417721519,0.40880825684687805,0.6291664266974257
EUR_HUF,H4,20,100,short,94,40,32,22,0.5555555555555556,0.4407765886309255,0.6703345224801857
EUR_HUF,H4,20,200,long,77,38,30,9,0.5588235294117647,0.4408063779640903,0.6768406808594392
EUR_HUF,H4,20,200,short,77,29,31,17,0.48333333333333334,0.35688618436791986,0.6097804822987468
EUR_HUF,H4,50,100,long,83,39,32,12,0.5492957746478874,0.4335578099200237,0.665033739375751
EUR_HUF,H4,50,100,short,83,37,29,17,0.5606060606060606,0.44086584686960245,0.6803462743425186
EUR_HUF,H4,50,200,long,57,35,14,8,0.7142857142857143,0.5877946078789791,0.8407768206924495
EUR_HUF,H4,50,200,short,57,17,29,11,0.3695652173913043,0.23007531079264418,0.5090551239899644
EUR_HUF,H4,100,200,long,45,19,14,12,0.5757575757575758,0.40713101598803636,0.7443841355271152
EUR_HUF,H4,100,200,short,45,17,18,10,0.4857142857142857,0.3201316779319464,0.651296893496625
EUR_PLN,H4,10,50,long,244,80,81,83,0.4968944099378882,0.4196610799525574,0.574127739923219
EUR_PLN,H4,10,50,short,245,81,85,79,0.4879518072289157,0.41191114129422546,0.5639924731636059
EUR_PLN,H4,10,100,long,155,48,56,51,0.46153846153846156,0.365726287520585,0.5573506355563381
EUR_PLN,H4,10,100,short,156,57,55,44,0.5089285714285714,0.4163420409557213,0.6015151019014215
EUR_PLN,H4,10,200,long,105,36,29,40,0.5538461538461539,0.43299903917157556,0.6746932685207322
EUR_PLN,H4,10,200,short,105,35,35,35,0.5,0.38286759628522943,0.6171324037147705
EUR_PLN,H4,20,50,long,195,70,59,66,0.5426356589147286,0.45666573710670855,0.6286055807227487
EUR_PLN,H4,20,50,short,196,65,63,68,0.5078125,0.42120249375145474,0.5944225062485452
EUR_PLN,H4,20,100,long,112,39,37,36,0.5131578947368421,0.40078311629627306,0.6255326731774112
EUR_PLN,H4,20,100,short,113,51,27,35,0.6538461538461539,0.5482662803141275,0.7594260273781802
EUR_PLN,H4,20,200,long,75,28,21,26,0.5714285714285714,0.4328645068230612,0.7099926360340816
EUR_PLN,H4,20,200,short,75,23,25,27,0.4791666666666667,0.3378386912211856,0.6204946421121478
EUR_PLN,H4,50,100,long,85,28,27,30,0.509090909090909,0.37696957970030726,0.6412122384815109
EUR_PLN,H4,50,100,short,86,30,27,29,0.5263157894736842,0.39669152732867524,0.6559400516186931
EUR_PLN,H4,50,200,long,55,17,20,18,0.4594594594594595,0.2988789084592695,0.6200400104596495
EUR_PLN,H4,50,200,short,56,17,16,23,0.5151515151515151,0.3446337572572199,0.6856692730458104
EUR_PLN,H4,100,200,long,48,21,17,10,0.5526315789473685,0.3945377985882126,0.7107253593065244
EUR_PLN,H4,100,200,short,48,13,18,17,0.41935483870967744,0.24564618303541952,0.5930634943839354
EUR_SEK,H4,10,50,long,218,97,90,31,0.5187165775401069,0.4471021073367735,0.5903310477434403
EUR_SEK,H4,10,50,short,219,79,94,46,0.45664739884393063,0.3824199748239336,0.5308748228639277
EUR_SEK,H4,10,100,long,152,63,71,18,0.4701492537313433,0.38564115658286546,0.5546573508798212
EUR_SEK,H4,10,100,short,152,59,63,30,0.48360655737704916,0.3949292278884643,0.572283886865634
EUR_SEK,H4,10,200,long,97,46,36,15,0.5609756097560976,0.45356047960408047,0.6683907399081148
EUR_SEK,H4,10,200,short,97,37,41,19,0.47435897435897434,0.36354182921991646,0.5851761194980322
EUR_SEK,H4,20,50,long,177,80,68,29,0.5405405405405406,0.4602502650404456,0.6208308160406355
EUR_SEK,H4,20,50,short,178,62,76,40,0.4492753623188406,0.3662826262142624,0.5322680984234187
EUR_SEK,H4,20,100,long,109,50,45,14,0.5263157894736842,0.42590926776327537,0.6267223111840929
EUR_SEK,H4,20,100,short,110,48,42,20,0.5333333333333333,0.4302620766677756,0.636404589998891
EUR_SEK,H4,20,200,long,65,33,21,11,0.6111111111111112,0.4810845583024656,0.7411376639197567
EUR_SEK,H4,20,200,short,65,22,30,13,0.4230769230769231,0.2887933082441275,0.5573605379097186
EUR_SEK,H4,50,100,long,84,45,29,10,0.6081081081081081,0.49688020558661516,0.7193360106296011
EUR_SEK,H4,50,100,short,84,33,37,14,0.4714285714285714,0.35448756065818343,0.5883695821989594
EUR_SEK,H4,50,200,long,43,24,14,5,0.631578947368421,0.4782054520333626,0.7849524427034794
EUR_SEK,H4,50,200,short,43,23,11,9,0.6764705882352942,0.5192179441984305,0.8337232322721578
EUR_SEK,H4,100,200,long,43,21,19,3,0.525,0.3702422053659332,0.6797577946340668
EUR_SEK,H4,100,200,short,43,15,14,14,0.5172413793103449,0.33536817355696424,0.6991145850637255
NZD_CAD,H4,10,50,long,214,101,107,6,0.4855769230769231,0.41765442586248913,0.553499420291357
NZD_CAD,H4,10,50,short,213,107,98,8,0.5219512195121951,0.45357104474144205,0.5903313942829482
NZD_CAD,H4,10,100,long,140,61,73,6,0.4552238805970149,0.3709049244581568,0.539542836735873
NZD_CAD,H4,10,100,short,139,74,58,7,0.5606060606060606,0.47593694349228444,0.6452751777198367
NZD_CAD,H4,10,200,long,108,51,53,4,0.49038461538461536,0.39430548020842887,0.5864637505608018
NZD_CAD,H4,10,200,short,107,49,50,8,0.494949494949495,0.3964608138586204,0.5934381760403695
NZD_CAD,H4,20,50,long,170,83,82,5,0.503030303030303,0.42673880767046496,0.5793217983901412
NZD_CAD,H4,20,50,short,169,84,77,8,0.5217391304347826,0.4445773459302875,0.5989009149392777
NZD_CAD,H4,20,100,long,103,48,49,6,0.4948453608247423,0.39534672448138475,0.5943439971680998
NZD_CAD,H4,20,100,short,102,46,50,6,0.4791666666666667,0.3792326968578011,0.5791006364755322
NZD_CAD,H4,20,200,long,80,33,44,3,0.42857142857142855,0.3180355438181874,0.5391073133246698
NZD_CAD,H4,20,200,short,79,39,33,7,0.5416666666666666,0.4265742789251249,0.6567590544082084
NZD_CAD,H4,50,100,long,86,36,46,4,0.43902439024390244,0.3316092600918853,0.5464395203959196
NZD_CAD,H4,50,100,short,85,45,33,7,0.5769230769230769,0.46728096453748363,0.68656518930867
NZD_CAD,H4,50,200,long,49,24,24,1,0.5,0.3585491840485417,0.6414508159514583
NZD_CAD,H4,50,200,short,49,24,24,1,0.5,0.3585491840485417,0.6414508159514583
NZD_CAD,H4,100,200,long,47,23,24,0,0.48936170212765956,0.34644636986968314,0.632277034385636
NZD_CAD,H4,100,200,short,47,32,15,0,0.6808510638297872,0.5475818293279622,0.8141202983316123
NZD_CHF,H4,10,50,long,227,97,120,10,0.4470046082949309,0.3808526110642704,0.5131566055255914
NZD_CHF,H4,10,50,short,226,110,108,8,0.5045871559633027,0.43821597407953006,0.5709583378470754
NZD_CHF,H4,10,100,long,143,58,80,5,0.42028985507246375,0.33793362996154974,0.5026460801833778
NZD_CHF,H4,10,100,short,142,74,64,4,0.5362318840579711,0.4530280596867779,0.6194357084291642
NZD_CHF,H4,10,200,long,104,46,56,2,0.45098039215686275,0.354413391387967,0.5475473929257585
NZD_CHF,H4,10,200,short,103,51,50,2,0.504950495049505,0.40744163013809787,0.602459359960912
NZD_CHF,H4,20,50,long,190,90,97,3,0.48128342245989303,0.40966895225655964,0.5528978926632264
NZD_CHF,H4,20,50,short,189,93,92,4,0.5027027027027027,0.430652722353423,0.5747526830519823
NZD_CHF,H4,20,100,long,112,49,62,1,0.44144144144144143,0.34906409392587023,0.5338187889570126
NZD_CHF,H4,20,100,short,111,58,49,4,0.5420560747663551,0.44765163014841775,0.6364605193842924
NZD_CHF,H4,20,200,long,80,38,39,3,0.4935064935064935,0.38183454720266685,0.6051784398103202
NZD_CHF,H4,20,200,short,79,34,43,2,0.44155844155844154,0.3306425767063709,0.5524743064105122
NZD_CHF,H4,50,100,long,88,45,42,1,0.5172413793103449,0.4122368350102504,0.6222459236104394
NZD_CHF,H4,50,100,short,88,39,46,3,0.4588235294117647,0.35288866815239106,0.5647583906711383
NZD_CHF,H4,50,200,long,51,24,27,0,0.47058823529411764,0.33359841052463896,0.6075780600635963
NZD_CHF,H4,50,200,short,51,23,26,2,0.46938775510204084,0.32965039212332675,0.6091251180807549
NZD_CHF,H4,100,200,long,45,21,24,0,0.4666666666666667,0.32090189759939663,0.6124314357339367
NZD_CHF,H4,100,200,short,46,20,23,3,0.46511627906976744,0.3160318440504992,0.6142007140890356
EUR_NOK,H4,10,50,long,220,108,102,10,0.5142857142857142,0.4466868977280259,0.5818845308434026
EUR_NOK,H4,10,50,short,220,96,112,12,0.46153846153846156,0.3937890235701955,0.5292878995067276
EUR_NOK,H4,10,100,long,137,71,59,7,0.5461538461538461,0.46056912833850194,0.6317385639691903
EUR_NOK,H4,10,100,short,137,60,71,6,0.4580152671755725,0.37269466196015305,0.543335872390992
EUR_NOK,H4,10,200,long,96,53,38,5,0.5824175824175825,0.4810909250741505,0.6837442397610144
EUR_NOK,H4,10,200,short,96,43,48,5,0.4725274725274725,0.3699507474659295,0.5751041975890155
EUR_NOK,H4,20,50,long,187,88,88,11,0.5,0.4261297205784479,0.5738702794215521
EUR_NOK,H4,20,50,short,188,83,98,7,0.4585635359116022,0.3859712799780518,0.5311557918451526
EUR_NOK,H4,20,100,long,107,54,46,7,0.54,0.4423141033720835,0.6376858966279166
EUR_NOK,H4,20,100,short,107,48,54,5,0.47058823529411764,0.37372180124606236,0.5674546693421729
EUR_NOK,H4,20,200,long,77,32,37,8,0.463768115942029,0.34610013907497855,0.5814360928090794
EUR_NOK,H4,20,200,short,78,35,38,5,0.4794520547945205,0.36484862856667355,0.5940554810223675
EUR_NOK,H4,50,100,long,92,51,38,3,0.5730337078651685,0.4702680639655376,0.6757993517647993
EUR_NOK,H4,50,100,short,92,37,46,9,0.4457831325301205,0.33884841891678497,0.552717846143456
EUR_NOK,H4,50,200,long,48,21,23,4,0.4772727272727273,0.32968487189042084,0.6248605826550337
EUR_NOK,H4,50,200,short,48,27,21,0,0.5625,0.4221586193419774,0.7028413806580226
EUR_NOK,H4,100,200,long,42,24,15,3,0.6153846153846154,0.4626946800396934,0.7680745507295375
EUR_NOK,H4,100,200,short,41,19,18,4,0.5135135135135135,0.3524613592923218,0.6745656677347052
USD_ZAR,H4,10,50,long,208,121,87,0,0.5817307692307693,0.5146939529769873,0.6487675854845513
USD_ZAR,H4,10,50,short,209,113,96,0,0.5406698564593302,0.4731064589552805,0.6082332539633799
USD_ZAR,H4,10,100,long,125,72,53,0,0.576,0.4893646299298029,0.662635370070197
USD_ZAR,H4,10,100,short,126,71,55,0,0.5634920634920635,0.4768934830825455,0.6500906439015814
USD_ZAR,H4,10,200,long,107,47,60,0,0.4392523364485981,0.34521399540997605,0.5332906774872201
USD_ZAR,H4,10,200,short,107,61,46,0,0.5700934579439252,0.47628883584905135,0.663898080038799
USD_ZAR,H4,20,50,long,172,91,81,0,0.5290697674418605,0.45447186662728256,0.6036676682564385
USD_ZAR,H4,20,50,short,173,101,72,0,0.5838150289017341,0.5103612993255182,0.65726875847795
USD_ZAR,H4,20,100,long,98,53,45,0,0.5408163265306123,0.44215177424585794,0.6394808788153666
USD_ZAR,H4,20,100,short,99,58,41,0,0.5858585858585859,0.48882787689554663,0.6828892948216251
USD_ZAR,H4,20,200,long,77,36,41,0,0.4675324675324675,0.35608680706664153,0.5789781279982935
USD_ZAR,H4,20,200,short,77,48,29,0,0.6233766233766234,0.5151486312859634,0.7316046154672833
USD_ZAR,H4,50,100,long,85,43,42,0,0.5058823529411764,0.3995937849839204,0.6121709208984325
USD_ZAR,H4,50,100,short,86,45,41,0,0.5232558139534884,0.41769406434041734,0.6288175635665595
USD_ZAR,H4,50,200,long,53,26,27,0,0.49056603773584906,0.35597664827997205,0.6251554271917261
USD_ZAR,H4,50,200,short,52,23,29,0,0.4423076923076923,0.3073138456197602,0.5773015389956244
USD_ZAR,H4,100,200,long,43,18,25,0,0.4186046511627907,0.271149603154368,0.5660596991712135
USD_ZAR,H4,100,200,short,42,19,23,0,0.4523809523809524,0.3018510242627896,0.6029108804991152
USD_NOK,H4,10,50,long,226,126,98,2,0.5625,0.497534564478486,0.627465435521514
USD_NOK,H4,10,50,short,226,107,116,3,0.4798206278026906,0.41424844208584793,0.5453928135195332
USD_NOK,H4,10,100,long,159,88,71,0,0.5534591194968553,0.47618556401307266,0.630732674980638
USD_NOK,H4,10,100,short,159,68,91,0,0.4276729559748428,0.3507713273517797,0.5045745845979058
USD_NOK,H4,10,200,long,96,43,52,1,0.45263157894736844,0.3525379205179121,0.5527252373768248
USD_NOK,H4,10,200,short,96,54,41,1,0.5684210526315789,0.46882102206757226,0.6680210831955856
USD_NOK,H4,20,50,long,178,99,79,0,0.5561797752808989,0.48319080935037,0.6291687412114279
USD_NOK,H4,20,50,short,178,77,100,1,0.4350282485875706,0.361991482654276,0.5080650145208652
USD_NOK,H4,20,100,long,116,56,59,1,0.48695652173913045,0.3956021510690884,0.5783108924091726
USD_NOK,H4,20,100,short,116,50,66,0,0.43103448275862066,0.3409134712705537,0.5211554942466876
USD_NOK,H4,20,200,long,71,32,39,0,0.4507042253521127,0.334966260624249,0.5664421900799763
USD_NOK,H4,20,200,short,71,39,32,0,0.5492957746478874,0.4335578099200237,0.665033739375751
USD_NOK,H4,50,100,long,86,48,38,0,0.5581395348837209,0.45318026246752335,0.6630988072999184
USD_NOK,H4,50,100,short,86,36,49,1,0.4235294117647059,0.3184840277198131,0.5285747958095987
USD_NOK,H4,50,200,long,49,24,25,0,0.4897959183673469,0.34982507592259393,0.6297667608120999
USD_NOK,H4,50,200,short,49,25,23,1,0.5208333333333334,0.3795053578878522,0.6621613087788145
USD_NOK,H4,100,200,long,45,22,21,2,0.5116279069767442,0.3622197268747698,0.6610360870787186
USD_NOK,H4,100,200,short,44,25,19,0,0.5681818181818182,0.4218213259410647,0.7145423104225718
