tr_n,tr_mean_r,tr_se_r,tr_ci_low_r,tr_ci_high_r,te_n,te_mean_r,te_se_r,te_ci_low_r,te_ci_high_r,pair,level,reject,direction,total_n
812,0.042265552642005516,0.03369813737126888,-0.023782796605681486,0.10831390188969252,349,-0.03452685298418856,0.05232069549808602,-0.13707541616043717,0.06802171019206003,EUR_USD,s1,False,long,1161
406,0.05842440414379655,0.04762556707869336,-0.03492170733044243,0.15177051561803553,174,-0.16117951707756759,0.0732944359388746,-0.30483661151776176,-0.017522422637373386,EUR_USD,s1,True,long,580
357,-0.008032000680571147,0.05080015133095375,-0.1076002972892405,0.0915362959280982,153,0.037947839290645116,0.07894043533083002,-0.11677541395778172,0.19267109253907194,EUR_USD,s2,False,long,510
186,-0.045723895646686157,0.07005384793870452,-0.18302943760654702,0.0915816463131747,80,0.04305532764490512,0.10877921458039355,-0.17015193293266623,0.2562625882224765,EUR_USD,s2,True,long,266
135,0.01109385334558884,0.08251703745693216,-0.1506395400699982,0.1728272467611759,58,0.13708439235199757,0.12954620212305407,-0.1168261638091884,0.3909949485131835,EUR_USD,s3,False,long,193
74,0.1093886143617103,0.11147081273797263,-0.10909417860471604,0.32787140732813663,32,0.04717666986449176,0.17731341341066806,-0.30035762042041764,0.39471096014940116,EUR_USD,s3,True,long,106
840,-0.01881698392907589,0.033537359159309096,-0.08455020788132173,0.046916240023169936,360,-0.03147075531773229,0.05115051459936781,-0.1317257639324932,0.06878425329702863,EUR_USD,r1,False,short,1200
436,-0.049125848934132015,0.046692322788504104,-0.14064280159960005,0.042391103731336026,188,-0.03956182227013588,0.07125676979113738,-0.17922509106076515,0.10010144652049338,EUR_USD,r1,True,short,624
354,0.03447942047657942,0.051156984323155304,-0.06578826879680497,0.13474710974996382,153,-0.020328135045369157,0.07813074889940516,-0.17346440288820325,0.13280813279746495,EUR_USD,r2,False,short,507
182,0.01276467278813343,0.07201724911969369,-0.12838913548646622,0.15391848106273306,78,0.02664337851920032,0.1098670521439063,-0.18869604368285603,0.24198280072125666,EUR_USD,r2,True,short,260
137,0.012163292073841621,0.08328206930206915,-0.1510695637582139,0.17539614790589714,60,-0.036596529878561095,0.1255150863879907,-0.28260609919902285,0.20941303944190065,EUR_USD,r3,False,short,197
72,-0.10365100684747902,0.11340993666670347,-0.3259344827142178,0.11863246901925978,31,-0.00498303694212385,0.17806388984441443,-0.3539882610371762,0.3440221871529284,EUR_USD,r3,True,short,103
809,-0.052005879181614374,0.034811504101676584,-0.12023642722090047,0.01622466885767173,347,0.005630957674833686,0.05236522336870204,-0.09700488012782231,0.10826679547748967,GBP_USD,s1,False,long,1156
409,-0.019837191173114947,0.04896084866282292,-0.11580045455224787,0.07612607220601798,176,0.008146333394856719,0.0742942082442426,-0.1374703147638588,0.1537629815535722,GBP_USD,s1,True,long,585
347,-0.0322176622459637,0.053342121748945065,-0.136768220873896,0.07233289638196862,150,-0.013617229718755237,0.07997071552918407,-0.17035983215595601,0.14312537271844555,GBP_USD,s2,False,long,497
167,0.031861349139862015,0.07645601193588056,-0.11799243425446387,0.18171513253418792,72,-0.03726905600097986,0.11504650332234305,-0.2627602025127722,0.1882220905108125,GBP_USD,s2,True,long,239
149,-0.03705746493015273,0.08112119910386037,-0.19605501517371904,0.12194008531341359,65,-0.1022719387796701,0.12378215735325503,-0.34488496719205,0.14034108963270975,GBP_USD,s3,False,long,214
81,-0.09285879351349081,0.10874043339243333,-0.30599004296266014,0.12027245593567852,35,-0.13279074344795874,0.16853874170903932,-0.46312667719767575,0.1975451903017583,GBP_USD,s3,True,long,116
825,-0.012859506748892392,0.03439227610336292,-0.08026836791148373,0.05454935441369894,354,-0.016295017723436514,0.051326369771422804,-0.1168947024754252,0.08430466702855217,GBP_USD,r1,False,short,1179
411,-0.04406477426670322,0.04851963316462601,-0.1391632552693702,0.05103370673596375,177,-0.019379299567388146,0.07328347218926423,-0.16301490505834604,0.12425630592356973,GBP_USD,r1,True,short,588
343,-0.015582841363288455,0.05348417504281585,-0.12041182444720752,0.08924614172063061,147,0.0025774478961784696,0.08020410943903013,-0.15462260660432056,0.1597775023966775,GBP_USD,r2,False,short,490
187,0.020086184273965864,0.07238702602410609,-0.12179238673328208,0.1619647552812138,81,-0.10691857841175502,0.10724703747338521,-0.31712277185959004,0.10328561503607998,GBP_USD,r2,True,short,268
112,0.012868696437377758,0.09414563246130142,-0.17165674318677301,0.19739413606152853,48,-0.1003231663105737,0.14147425011639517,-0.3776126965387082,0.17696636391756082,GBP_USD,r3,False,short,160
60,-0.05735005308371648,0.1290963181061069,-0.31037883657168597,0.195678730404253,26,-0.14403460577902155,0.1937208300201709,-0.5237274326185566,0.23565822106051343,GBP_USD,r3,True,short,86
870,0.019492541347059928,0.03375041580652315,-0.04665827363372545,0.0856433563278453,373,-0.06666591088956424,0.051484034553894734,-0.1675746186151979,0.03424279683606944,AUD_USD,s1,False,long,1243
428,-0.011460905805116103,0.04821735568396796,-0.1059669229456933,0.0830451113354611,184,-0.019119130674608208,0.07356544535373208,-0.1633074035679231,0.12506914221870666,AUD_USD,s1,True,long,612
373,0.027634520804123104,0.05151247504424446,-0.07332993028259602,0.12859897189084224,160,0.021592983408576055,0.07887392172888912,-0.13299990318004662,0.1761858699971987,AUD_USD,s2,False,long,533
184,0.04274188970323243,0.07380376288594875,-0.10191348555322713,0.18739726495969197,79,-0.08330813685481601,0.11235700281662701,-0.30352786237540497,0.1369115886657729,AUD_USD,s2,True,long,263
140,0.024513426991227074,0.08454654847867141,-0.14119780802696888,0.19022466200942303,61,0.21311475409836064,0.12613366597817277,-0.034107231218857975,0.4603367394155793,AUD_USD,s3,False,long,201
66,-0.008607882139821343,0.12326334859784532,-0.2502040453915982,0.2329882811119555,29,0.10344827586206896,0.18796831555013707,-0.2649696226161997,0.4718661743403376,AUD_USD,s3,True,long,95
870,0.07629672907610156,0.0337010215705503,0.010242726797822982,0.14235073135438014,373,-0.0010606727152133251,0.051722988500011016,-0.10243773017523493,0.10031638474480827,AUD_USD,r1,False,short,1243
435,0.052278278423441946,0.04774810581675041,-0.04130800897738886,0.14586456582427276,187,-0.012810860549596632,0.07296570287902382,-0.15582363819248332,0.13020191709329007,AUD_USD,r1,True,short,622
359,0.040756363156756986,0.05246614786328364,-0.06207728665527894,0.14359001296879292,155,0.0018242435225516486,0.08034264600855127,-0.15564734265420885,0.15929582969931214,AUD_USD,r2,False,short,514
189,0.04389740863573027,0.07230594888820298,-0.09782225118514756,0.1856170684566081,81,-0.012345679012345678,0.1117948782486101,-0.23146364037962147,0.20677228235493011,AUD_USD,r2,True,short,270
119,0.058823529411764705,0.0918980548099933,-0.12129665801582216,0.23894371683935156,52,-0.23076923076923078,0.13624844392924543,-0.4978161808705518,0.03627771933209023,AUD_USD,r3,False,short,171
60,0.2,0.12755856082865613,-0.05001477922416603,0.45001477922416605,26,-0.38461538461538464,0.18461538461538463,-0.7464615384615385,-0.022769230769230764,AUD_USD,r3,True,short,86
830,0.012654174400426394,0.03354772679185212,-0.05309937011160376,0.07840771891245654,356,0.07609562256392717,0.048649195678914806,-0.01925680096674584,0.17144804609460018,USD_CAD,s1,False,long,1186
412,0.012007307094167793,0.04801863801757811,-0.0821092234202853,0.10612383760862089,177,0.056402423076984946,0.06911582038497002,-0.0790645848775563,0.1918694310315262,USD_CAD,s1,True,long,589
334,0.04862863797100117,0.052639155992795644,-0.054544107774878295,0.15180138371688062,144,0.2480060089037438,0.07351240156749979,0.10392170183144422,0.3920903159760434,USD_CAD,s2,False,long,478
177,0.0897368565394251,0.0722012524250351,-0.05177759821364368,0.23125131129249388,76,0.2371758915780135,0.10357272323642062,0.034173354034629067,0.44017842912139793,USD_CAD,s2,True,long,253
118,-0.11366386658050291,0.08768399560000698,-0.2855244979565166,0.058196764795510766,51,0.3202670846045865,0.11483675673320289,0.09518704140750889,0.5453471278016642,USD_CAD,s3,False,long,169
56,-0.20466195990317365,0.1268097296795426,-0.4532090300750772,0.04388511026872985,24,0.5850043945909508,0.1332505405351067,0.32383333514214163,0.8461754540397599,USD_CAD,s3,True,long,80
868,-0.028432816068107675,0.0326501702144872,-0.09242714968850257,0.03556151755228723,372,-0.06342090466436957,0.046296140513833475,-0.1541613400714832,0.02731953074274404,USD_CAD,r1,False,short,1240
458,-0.015096636879405666,0.04487529159266341,-0.10305220840102595,0.07285893464221462,197,-0.04747634004912982,0.06454376567248137,-0.1739821207671933,0.07902944066893366,USD_CAD,r1,True,short,655
351,0.04812046431592224,0.05127236262447843,-0.05237336642805548,0.14861429505989995,151,-0.02323369253448422,0.0722852913280127,-0.1649128635373891,0.11844547846842067,USD_CAD,r2,False,short,502
173,0.10791111369644084,0.07259251734870277,-0.0343702203070166,0.2501924476998983,75,-0.0763968720129095,0.10260366408680105,-0.27750005362303953,0.12470630959722055,USD_CAD,r2,True,short,248
130,-0.024344058367773463,0.08392755415667556,-0.18884206451485755,0.14015394777931064,56,0.052095948226220344,0.1163857399396061,-0.1760201020554076,0.2802119985078483,USD_CAD,r3,False,short,186
62,-0.06187428640514938,0.12259613047640747,-0.302162702138908,0.17841412932860926,28,-0.000703795698984655,0.1661294617497568,-0.32631754072850794,0.3249099493305386,USD_CAD,r3,True,short,90
823,-0.049815523646227475,0.03390948319813188,-0.11627811071456597,0.016647063422111016,353,-0.06792425564623848,0.05237987632207741,-0.1705888132375102,0.03474030194503325,USD_CHF,s1,False,long,1176
402,-0.03462807023668589,0.04893662365888012,-0.13054385260809093,0.06128771213471915,173,0.0010783479334175502,0.07500415772714714,-0.14592980121179083,0.14808649707862592,USD_CHF,s1,True,long,575
373,-0.002498862629732042,0.04977124838561347,-0.10005050946553443,0.09505278420607036,161,-0.14642511979775436,0.07680144348131401,-0.2969559490211298,0.004105709425621107,USD_CHF,s2,False,long,534
198,0.026323178222052553,0.06799708573132227,-0.1069511098113391,0.1595974662554442,86,-0.09681020853041124,0.10674856416988154,-0.30603739430337906,0.11241697724255657,USD_CHF,s2,True,long,284
129,-0.14750476711813454,0.08243927788743498,-0.3090857517775071,0.014076217541238029,56,-0.24570055032454358,0.12823930648990348,-0.4970495910447544,0.005648490395667227,USD_CHF,s3,False,long,185
71,-0.09671228831829257,0.11281187285177735,-0.31782355910777615,0.12439898247119105,31,-0.2983086050977792,0.16859277137995599,-0.6287504370024929,0.032133226806934534,USD_CHF,s3,True,long,102
844,0.0816222118880478,0.03341074219653683,0.01613715718283562,0.14710726659325998,363,-0.017346010044507528,0.05148702812360126,-0.11826058516676599,0.08356856507775093,USD_CHF,r1,False,short,1207
429,0.06037391973842528,0.04720544567127746,-0.03214875377727855,0.1528965932541291,185,-0.0050277879550084306,0.07225923654002607,-0.14665589157345954,0.13660031566344266,USD_CHF,r1,True,short,614
343,0.060385383397968256,0.05211593995016011,-0.041761858904345556,0.16253262570028207,147,0.040277824277700484,0.0809645835725672,-0.1184127595245312,0.19896840807993219,USD_CHF,r2,False,short,490
174,0.08854921309745048,0.07298131949849058,-0.054494173119591066,0.23159259931449203,75,-0.002905011651209814,0.11399885647653916,-0.22634277034522657,0.22053274704280693,USD_CHF,r2,True,short,249
128,0.039580019900914386,0.08634634515810294,-0.12965881660896736,0.20881885641079614,55,0.12273456983215005,0.13096685383874793,-0.13396046369179587,0.37942960335609593,USD_CHF,r3,False,short,183
65,-0.11289942502869642,0.12248421995579645,-0.35296849614205744,0.12716964608466463,28,0.19653218458122637,0.18312217403895986,-0.16238727653513493,0.5554516456975876,USD_CHF,r3,True,short,93
884,-0.00986981840983095,0.033633440790811146,-0.0757913623598208,0.0560517255401589,379,-0.02309216086571101,0.051391227989682396,-0.1238189677254885,0.0776346459940665,NZD_USD,s1,False,long,1263
461,0.030965467517807897,0.04655609249028763,-0.060284473763155856,0.12221540879877166,199,-0.054029793809570216,0.07088534089232029,-0.19296506195851798,0.08490547433937756,NZD_USD,s1,True,long,660
371,0.008086253369272238,0.051985824796257254,-0.09380596323139198,0.10997846996993646,160,-0.05,0.07920596508887684,-0.20524369157419858,0.10524369157419859,NZD_USD,s2,False,long,531
182,0.01098901098901099,0.07432492654002067,-0.13468784502942951,0.15666586700745147,79,0.012658227848101266,0.11321863177214128,-0.20925029042529564,0.2345667461214982,NZD_USD,s2,True,long,261
128,0.0,0.08873565094161137,-0.1739218758455583,0.1739218758455583,55,-0.05454545454545454,0.13588017552161807,-0.32087059856782596,0.21177968947691686,NZD_USD,s3,False,long,183
52,-0.038461538461538464,0.1399243990594229,-0.31271336061800736,0.2357902836949304,23,-0.30434782608695654,0.20308668108561473,-0.7023977210147614,0.09370206884084831,NZD_USD,s3,True,long,75
862,0.011912194652031234,0.0340683040583462,-0.05486168130232731,0.07868607060638978,370,0.08108108108108109,0.05188652038899739,-0.020616498881353792,0.18277866104351598,NZD_USD,r1,False,short,1232
463,-0.0021598272138228943,0.04652410200548167,-0.09334706714456696,0.08902741271692118,199,0.04522613065326633,0.07099418802169134,-0.0939224778692487,0.18437473917578137,NZD_USD,r1,True,short,662
367,0.008174386920980926,0.05226909093535992,-0.09427303131232452,0.11062180515428637,158,0.0,0.07980868844676221,-0.15642502935565394,0.15642502935565394,NZD_USD,r2,False,short,525
203,-0.014778325123152709,0.07035207080722025,-0.1526683839053044,0.12311173365899898,88,-0.045454545454545456,0.10710044078906901,-0.2553714094011207,0.1644623184920298,NZD_USD,r2,True,short,291
125,-0.088,0.08945425935152018,-0.26333034832897956,0.08733034832897957,54,0.18518518518518517,0.1349847264027912,-0.07938487856428555,0.4497552489346559,NZD_USD,r3,False,short,179
65,-0.015384615384615385,0.12498520622516864,-0.2603556195859459,0.22958638881671514,28,0.14285714285714285,0.1904761904761905,-0.2304761904761905,0.5161904761904762,NZD_USD,r3,True,short,93
821,0.06934820225090883,0.03467791363214583,0.0013794915319030043,0.13731691296991466,352,-0.011363636363636364,0.053372604872796665,-0.11597394191431783,0.09324666918704509,USD_SEK,s1,False,long,1173
461,0.08118425788367241,0.046305870576166655,-0.009575248445614234,0.17194376421295904,199,-0.005025125628140704,0.07106600815945201,-0.14431450162066664,0.13426425036438525,USD_SEK,s1,True,long,660
329,0.05756849630594944,0.054896734571346355,-0.050029103453889404,0.1651660960657883,141,0.05613801325513248,0.08408358991711158,-0.10866582298240621,0.22094184949267118,USD_SEK,s2,False,long,470
177,0.10307176944746033,0.0745916122882419,-0.04312779063749381,0.24927132953241446,77,0.024876102194463363,0.11393020631144377,-0.1984271021759664,0.24817930656489315,USD_SEK,s2,True,long,254
103,-0.08737864077669882,0.09863603988440836,-0.2807052789501392,0.10594799739674157,45,0.15555555555555556,0.1489205454059161,-0.13632871344004,0.4474398245511511,USD_SEK,s3,False,long,148
59,0.05084745762711901,0.13113657897680173,-0.20618023716741235,0.30787515242165037,26,0.07692307692307693,0.19940740610485724,-0.3139154390424433,0.46776159288859714,USD_SEK,s3,True,long,85
849,-0.03488478313947454,0.034181693386219014,-0.10188090217646381,0.03211133589751473,364,0.01978880535292607,0.05235678871644253,-0.0828305005313013,0.12240811123715344,USD_SEK,r1,False,short,1213
435,-0.07215230037453585,0.047735451423530986,-0.16571378516465657,0.021409184415584884,187,0.0481283422459893,0.07323858723057396,-0.09541928872593564,0.19167597321791424,USD_SEK,r1,True,short,622
352,-0.01854959992039988,0.05323302574747783,-0.12288633038545643,0.08578713054465667,151,0.019867549668874173,0.08163354214496862,-0.14013419293526433,0.17986929227301265,USD_SEK,r2,False,short,503
191,0.025620937816190147,0.07248552288322993,-0.11645068703494052,0.16769256266732083,82,0.024390243902439025,0.11107805708357286,-0.19332274798136379,0.24210323578624182,USD_SEK,r2,True,short,273
118,-0.09251678977106033,0.09166198007392638,-0.272174270715956,0.08714069117383537,52,0.23076923076923078,0.13624844392924546,-0.036277719332090286,0.49781618087055185,USD_SEK,r3,False,short,170
61,0.01639344262295082,0.1290820962952756,-0.23660746611578934,0.269394351361691,27,0.25925925925925924,0.18941048590991066,-0.11198529312416566,0.6305038116426842,USD_SEK,r3,True,short,88
882,0.002174086231836127,0.0330888716980095,-0.0626801022962625,0.06702827475993475,379,0.011625981950952605,0.05092432863025179,-0.0881857021643409,0.11143766606624611,AUD_CHF,s1,False,long,1261
480,0.08760153340093539,0.04459431322823866,0.00019667947358761873,0.17500638732828316,207,0.07999852787124159,0.06852391851586728,-0.05430835241985829,0.21430540816234148,AUD_CHF,s1,True,long,687
360,-0.06043268061737509,0.051967107606136875,-0.16228821152540338,0.041422850290653186,155,-0.002237160695939736,0.07965577745907958,-0.1583624845157357,0.15388816312385623,AUD_CHF,s2,False,long,515
199,-0.07837120652760458,0.06961241583412371,-0.21481154156248705,0.0580691285072779,86,0.017763277154429147,0.10682204445564666,-0.1916079299786383,0.2271344842874966,AUD_CHF,s2,True,long,285
131,0.03130687159010096,0.08675439662585414,-0.13873174579657316,0.20134548897677507,57,-0.20461911870319532,0.12916202250733916,-0.45777668281758005,0.0485384454111894,AUD_CHF,s3,False,long,188
66,0.22788012415192235,0.11980390922791831,-0.0069355379347975366,0.46269578623864227,29,-0.10344827586206896,0.18796831555013707,-0.4718661743403376,0.2649696226161997,AUD_CHF,s3,True,long,95
858,0.05214302790113076,0.03374948152359592,-0.014005955885117244,0.11829201168737877,369,-0.043045808841117444,0.051659583915097985,-0.1442985933147095,0.05820697563247461,AUD_CHF,r1,False,short,1227
448,0.02214389274143495,0.04677491704065152,-0.06953494465824203,0.11382273014111194,193,-0.03549312859838425,0.07128243920047268,-0.1752067094313107,0.10422045223454221,AUD_CHF,r1,True,short,641
352,0.07642351155777766,0.052805830468312914,-0.02707591616011565,0.17992293927567096,152,0.04228575912943394,0.08112576064481465,-0.11672073173440278,0.20129224999327067,AUD_CHF,r2,False,short,504
203,0.05982372995281168,0.06966432835562986,-0.07671835362422283,0.1963658135298462,88,-0.045454545454545456,0.10710044078906904,-0.25537140940112074,0.16446231849202986,AUD_CHF,r2,True,short,291
105,0.2816940679092598,0.09368634600340792,0.09806882974258033,0.4653193060759393,46,-0.029009999267158193,0.1475617463265468,-0.31823102206718995,0.26021102353287356,AUD_CHF,r3,False,short,151
62,0.23512705049148847,0.12357119361013506,-0.007072488984376263,0.4773265899673532,27,0.06168666791521197,0.19248384641622282,-0.3155816710605847,0.4389550068910087,AUD_CHF,r3,True,short,89
921,-0.05945219398167348,0.030187027106455627,-0.11861876711032651,-0.0002856208530204532,396,0.09961462649246794,0.042692891065413886,0.015936560004256722,0.18329269298067916,AUD_NZD,s1,False,long,1317
550,-0.05310254132943465,0.0391129537197207,-0.12976393062008723,0.02355884796121792,236,0.1355606147978929,0.05387932322401638,0.02995714127882078,0.241164088316965,AUD_NZD,s1,True,long,786
355,0.025432872466500184,0.048567770045591305,-0.06975995682285878,0.12062570175585914,153,0.11532736882937769,0.07049207562447742,-0.02283709939459805,0.25349183705335343,AUD_NZD,s2,False,long,508
207,0.052417020601894,0.06445054484388445,-0.07390604729211951,0.1787400884959075,90,0.027273887992851294,0.09241389562271594,-0.15385734742767196,0.20840512341337455,AUD_NZD,s2,True,long,297
122,0.08541378692992757,0.08279156003865953,-0.07685767074584512,0.24768524460570027,53,0.0308386728129114,0.12036228548028939,-0.2050714067284558,0.2667487523542786,AUD_NZD,s3,False,long,175
76,0.10337177230800909,0.10510734717544111,-0.10263862815585548,0.30938217277187363,33,0.008137327694430587,0.16340192241957838,-0.312130440247943,0.3284050956368042,AUD_NZD,s3,True,long,109
910,0.05734163123275607,0.030843992660079547,-0.003112594380999846,0.11779585684651198,391,-0.14429473911046553,0.0414798291566331,-0.2255952042574664,-0.06299427396346466,AUD_NZD,r1,False,short,1301
498,0.029255342093574707,0.041171847538283596,-0.05144147908146114,0.10995216326861056,214,-0.14022253723520658,0.05573512703837916,-0.24946338623042974,-0.03098168823998343,AUD_NZD,r1,True,short,712
377,0.12985596115658904,0.047604381367963404,0.03655137367538076,0.22316054863779733,162,-0.15351474597620599,0.06661191384308078,-0.2840740971086443,-0.022955394843767657,AUD_NZD,r2,False,short,539
213,0.1362742896537204,0.06355792351687026,0.011700759560654708,0.2608478197467861,92,-0.16780077160308324,0.0886861513963178,-0.3416256283398661,0.006024085133699647,AUD_NZD,r2,True,short,305
141,0.0945572442122371,0.07876290331290736,-0.05981804628106133,0.24893253470553553,61,-0.20985617878382193,0.10844413241614116,-0.4224066783194586,0.0026943207518147494,AUD_NZD,r3,False,short,202
76,0.0390754868596769,0.10961314258923188,-0.17576627261521757,0.25391724633457136,33,-0.004508047582424233,0.15847867736261623,-0.315126255213152,0.30611016004830355,AUD_NZD,r3,True,short,109
901,-0.05241802030435925,0.032491823731121625,-0.11610199481735764,0.011265954208639135,387,0.15365132322507727,0.04838590561581419,0.05881494821808146,0.24848769823207306,AUD_CAD,s1,False,long,1288
506,-0.044423123747632645,0.043375401097599776,-0.1294389098989282,0.04059266240366291,217,0.23542851289968328,0.06437393818983707,0.10925559404760263,0.36160143175176396,AUD_CAD,s1,True,long,723
350,-0.0031301605274695024,0.0519204857806908,-0.10489431265762347,0.09863399160268446,150,0.00902505860685075,0.07782392112050059,-0.1435098267893304,0.1615599440030319,AUD_CAD,s2,False,long,500
186,-0.004457373906516468,0.07152949250833443,-0.14465517922285195,0.13574043140981903,80,-0.06519189415522586,0.10735499355781278,-0.2756076815285389,0.14522389321808718,AUD_CAD,s2,True,long,266
129,0.007181204104127839,0.0849605013425464,-0.1593413785272631,0.17370378673551878,56,0.15318367877038228,0.13078181629813093,-0.10314868117395434,0.40951603871471887,AUD_CAD,s3,False,long,185
78,0.028744638814667513,0.10979880262562872,-0.18646101433156476,0.2439502919608998,34,0.22879004086626495,0.16842274248477113,-0.10131853440388647,0.5588986161364163,AUD_CAD,s3,True,long,112
900,0.06289979901544376,0.032545764911011604,-0.0008899002101389747,0.1266894982410265,387,0.006352065307685538,0.04820640620038722,-0.08813249084507342,0.10083662146044449,AUD_CAD,r1,False,short,1287
485,0.08914789045560388,0.04424297589074027,0.0024316577097529546,0.1758641232014548,208,-0.06592627320081217,0.06652369233675369,-0.1963127101808494,0.06446016377922507,AUD_CAD,r1,True,short,693
335,0.043436938248703275,0.05331097322446646,-0.06105256927125098,0.14792644576865754,144,-0.06490834847512689,0.07829844102807043,-0.21837329289014493,0.08855659593989115,AUD_CAD,r2,False,short,479
194,-0.00186173357826768,0.0702311250146035,-0.13951473860689056,0.1357912714503552,84,-0.08466253495854474,0.10272935935381372,-0.2860120792920196,0.11668700937493014,AUD_CAD,r2,True,short,278
104,0.053291889968686515,0.09513722038042415,-0.1331770619769448,0.23976084191431785,45,-0.023020151589609395,0.14394401161274661,-0.30515041435059276,0.25911011117137395,AUD_CAD,r3,False,short,149
62,-0.030927400936125567,0.12372011168614003,-0.27341881984096,0.21156401796870888,27,-0.2807192538286085,0.18116920106465126,-0.635810887915325,0.07437238025810794,AUD_CAD,r3,True,short,89
916,0.05771495207432255,0.032262393179084185,-0.005519338556682449,0.12094924270532754,394,0.00927000835118221,0.04886299818850944,-0.0865014680982963,0.10504148480066071,EUR_AUD,s1,False,long,1310
501,0.01974526868277285,0.04366184509620216,-0.06583194770578339,0.10532248507132909,216,-0.0010944089142839832,0.066164186513695,-0.13077621448112617,0.12858739665255822,EUR_AUD,s1,True,long,717
352,0.04560434366303407,0.05228981183517045,-0.05688368753390002,0.14809237485996815,152,-0.019393686273176988,0.07756027968728102,-0.17141183446024777,0.13262446191389382,EUR_AUD,s2,False,long,504
199,0.11641726135015537,0.0691297652673045,-0.019077078573761425,0.2519116012740722,86,-0.05414385847984376,0.10317189365833497,-0.25636077005018026,0.14807305309049276,EUR_AUD,s2,True,long,285
107,0.06174118184174821,0.09579428595643016,-0.1260156186328549,0.2494979823163513,47,0.06503198110702796,0.1439317552478715,-0.2170742591788002,0.3471382213928561,EUR_AUD,s3,False,long,154
64,0.07054115107027054,0.1249177437889566,-0.1742976267560844,0.31537992889662547,28,0.04523018330510215,0.18903021602464534,-0.32526904010320273,0.415729406713407,EUR_AUD,s3,True,long,92
856,-0.011816043140870008,0.033378076949118984,-0.07723707396114321,0.05360498767940319,367,0.0983660324011144,0.04999578885968986,0.00037428623612227596,0.19635777856610653,EUR_AUD,r1,False,short,1223
473,-0.00018224649884509674,0.044712592588267354,-0.08781892797184912,0.08745443497415892,203,0.2003397226559186,0.06614112425689972,0.07070311911239516,0.32997632619944206,EUR_AUD,r1,True,short,676
370,0.014405680654535548,0.05074994183238394,-0.08506420533693698,0.11387556664600806,159,-0.09649108181281475,0.07533729845821746,-0.244152186790921,0.05117002316529147,EUR_AUD,r2,False,short,529
198,-0.007756922090135857,0.06961852081003611,-0.14420922287780666,0.12869537869753492,86,-0.07018224764963499,0.10200557889089762,-0.2701131822757943,0.12974868697652434,EUR_AUD,r2,True,short,284
124,-0.03475366957631306,0.0885196693703617,-0.20825222154222198,0.13874488238959584,54,0.040174269504895825,0.1358646876452379,-0.22612051827977048,0.30646905728956214,EUR_AUD,r3,False,short,178
63,0.029179175732771935,0.12530705312628987,-0.21642264839475622,0.2747809998603001,28,0.277023927803612,0.18338298848565923,-0.08240672962828005,0.6364545852355041,EUR_AUD,r3,True,short,91
831,0.05481559689755944,0.033140797737607364,-0.01014036666815099,0.11977156046326987,357,0.10786647210449779,0.04733175479621047,0.015096232703925266,0.20063671150507031,EUR_CAD,s1,False,long,1188
452,0.07818976203246923,0.044728177434470315,-0.009477465739092583,0.16585698980403105,195,0.1528704004681188,0.0629830551540294,0.029423612366221194,0.2763171885700164,EUR_CAD,s1,True,long,647
306,0.06553301649173356,0.054756512105212346,-0.041789747234482644,0.17285578021794976,132,0.19221563703258765,0.07772188906250278,0.039880734470082196,0.3445505395950931,EUR_CAD,s2,False,long,438
170,0.06105841831477729,0.07366999749657659,-0.08333477677851281,0.2054516134080674,74,0.19037641326680851,0.10623341306039649,-0.017841076331568617,0.39859390286518565,EUR_CAD,s2,True,long,244
114,0.07605552719271658,0.08933301154804602,-0.0990371754414536,0.2511482298268868,50,0.2019620454518064,0.12650141699564132,-0.0459807318596506,0.4499048227632634,EUR_CAD,s3,False,long,164
62,-0.05731591683635226,0.11841727574987818,-0.2894137773061135,0.17478194363340896,27,0.15620479571584558,0.17764952057743405,-0.19198826461592514,0.5043978560476163,EUR_CAD,s3,True,long,89
850,-0.012603664711630635,0.03298820706317744,-0.07726055055545841,0.052053221132197146,365,-0.06345005559132799,0.046717022381211844,-0.15501541945850322,0.028115308275847226,EUR_CAD,r1,False,short,1215
428,-0.06794202329139738,0.04641622499224752,-0.15891782427620252,0.023033777693407753,184,-0.10530056043576297,0.06517900854979791,-0.23305141719336686,0.022450296321840923,EUR_CAD,r1,True,short,612
346,0.00590972864847359,0.05226077697358266,-0.09652139421974842,0.10834085151669559,149,-0.09777048771046248,0.07374996021585038,-0.24232040973352922,0.04677943431260426,EUR_CAD,r2,False,short,495
175,-0.08706836085123142,0.07372178321046412,-0.2315630559437411,0.05742633424127826,76,0.027548136805756858,0.10332866806934939,-0.17497605261016794,0.23007232622168164,EUR_CAD,r2,True,short,251
117,0.07245820175306493,0.08909698614653817,-0.10217189109414988,0.24708829460027976,51,-0.21382781181047633,0.12285869030116348,-0.4546308448007568,0.026975221179804082,EUR_CAD,r3,False,short,168
56,0.03199597265386172,0.12812002315869328,-0.21911927273717707,0.2831112180449005,25,-0.047095824478277676,0.17037129578936122,-0.3810235642254257,0.2868319152688703,EUR_CAD,r3,True,short,81
847,-0.004267533161870869,0.02803865118844176,-0.05922328949121672,0.05068822316747498,363,-0.06599368268902493,0.04381477924417591,-0.15187065000760971,0.01988328462955985,EUR_CHF,s1,False,long,1210
454,0.014597268423935997,0.038003178681691216,-0.059888961792178785,0.08908349864005077,195,-0.11079982338529443,0.06076103729813939,-0.22989145648964765,0.008291809719058782,EUR_CHF,s1,True,long,649
318,-0.06396407880737975,0.04587795895735345,-0.1538848783637925,0.025956720749033005,137,-0.0906801504116924,0.0712295537295273,-0.2302900757215659,0.04892977489818111,EUR_CHF,s2,False,long,455
163,-0.01856041844459443,0.06299449675139909,-0.14202963207733665,0.10490879518814779,70,-0.13537342798607727,0.10018568254700631,-0.33173736577820967,0.06099050980605511,EUR_CHF,s2,True,long,233
109,-0.08733673388092444,0.07928717432197088,-0.24273959555198737,0.06806612779013849,48,0.02796040807409046,0.1342322283785204,-0.2351347595478095,0.2910555756959904,EUR_CHF,s3,False,long,157
61,-0.04003297568302334,0.11055412172801239,-0.25671905426992764,0.17665310290388095,27,0.08068050141301049,0.1694480631014301,-0.2514377022657925,0.41279870509181343,EUR_CHF,s3,True,long,88
811,0.01192266506361171,0.028988311158155526,-0.044894424806373116,0.06873975493359653,348,0.06938394262123751,0.04559761621743401,-0.019987385164933147,0.15875527040740817,EUR_CHF,r1,False,short,1159
438,-0.0019347354366139476,0.038914460574941655,-0.07820707816349959,0.0743376072902717,189,0.059343869739419366,0.060653363254198824,-0.05953672223881032,0.17822446171764905,EUR_CHF,r1,True,short,627
319,0.0442699820239419,0.04663448916008137,-0.047133616729817585,0.1356735807777014,138,0.09103060451562231,0.07340113512731355,-0.05283562033391226,0.23489682936515688,EUR_CHF,r2,False,short,457
179,0.09893240929972763,0.06094876681006649,-0.02052717364800269,0.21839199224745795,77,0.10463347443700693,0.09599822290921411,-0.08352304246505274,0.2927899913390666,EUR_CHF,r2,True,short,256
120,-0.048723326521961756,0.07778986712375564,-0.20119146608452282,0.10374481304059929,52,0.009044978576085527,0.12398501204961784,-0.23396564504116546,0.2520556021933365,EUR_CHF,r3,False,short,172
72,-0.07626512775476035,0.09898403120637551,-0.27027382891925633,0.11774357340973565,32,-0.007527280579446342,0.1571558543890336,-0.3155527551819522,0.3004981940230595,EUR_CHF,r3,True,short,104
861,-0.029379196557025745,0.0335459588827702,-0.09512927596725533,0.03637088285320385,369,0.0785946631484917,0.05013659862674852,-0.0196730701599354,0.1768623964569188,EUR_NZD,s1,False,long,1230
468,-0.011663074661595779,0.04548866377419499,-0.10082085565901795,0.0774947063358264,202,0.04285325458380642,0.06804048967545663,-0.09050610518008856,0.1762126143477014,EUR_NZD,s1,True,long,670
345,-0.052732270242598564,0.053065215586965954,-0.15674009279305184,0.0512755523078547,148,0.10737048519463363,0.07937070963916873,-0.048196105698137065,0.26293707608740435,EUR_NZD,s2,False,long,493
190,-0.18720342311091437,0.07058010029262854,-0.32554041968446634,-0.04886642653736242,82,0.02879020279880483,0.10683687312209243,-0.18061006852049633,0.238190474118106,EUR_NZD,s2,True,long,272
126,0.04249236004654845,0.08803920780489655,-0.1300644872510488,0.21504920734414568,55,-0.001105622922592127,0.1313008362259832,-0.2584552619255192,0.2562440160803349,EUR_NZD,s3,False,long,181
77,0.09090909090909091,0.1142328840795533,-0.13298736188683355,0.31480554370501534,33,-0.11026901847543774,0.1696333437405649,-0.44275037220694496,0.22221233525606948,EUR_NZD,s3,True,long,110
855,0.014765567791734761,0.03354898455870518,-0.05099044194332739,0.08052157752679692,367,0.029049906084641773,0.05018307686262618,-0.06930892456610555,0.12740873673538908,EUR_NZD,r1,False,short,1222
460,0.0511444331291449,0.04568696276699039,-0.03840201389415627,0.14069088015244607,198,0.0734614005107935,0.06820059403834584,-0.060211763804364354,0.20713456482595136,EUR_NZD,r1,True,short,658
384,0.05720434482182132,0.0505128977692315,-0.041800934805872415,0.15620962444951506,165,0.03160453497514167,0.07542518721819515,-0.11622883197252082,0.17943790192280418,EUR_NZD,r2,False,short,549
193,0.07770696292089839,0.07107583453921992,-0.06160167277597266,0.21701559861776942,84,0.1872237214783097,0.1046198278732903,-0.01783114115333928,0.3922785841099587,EUR_NZD,r2,True,short,277
136,0.048967479444726715,0.08460277566939864,-0.11685396086729463,0.21478891975674805,59,-0.15365094097176557,0.12826840211756593,-0.4050570091221948,0.09775512717866364,EUR_NZD,r3,False,short,195
73,0.08946735520211282,0.11630358889538307,-0.13848767903283798,0.31742238943706363,32,-0.06454392241669277,0.1755206025904842,-0.40856430349404177,0.27947645866065624,EUR_NZD,r3,True,short,105
895,-0.11280942642329275,0.022620404321414427,-0.15714541889326503,-0.06847343395332048,384,0.07022794729828023,0.0342539621207339,0.0030901815416417844,0.13736571305491868,EUR_CZK,s1,False,long,1279
605,-0.09012397884050885,0.02691588188324573,-0.14287910733167047,-0.03736885034934722,260,0.04410187049234986,0.04374003715981446,-0.041628602340886486,0.12983234332558619,EUR_CZK,s1,True,long,865
307,-0.07068179652067383,0.041946163170896236,-0.15289627633563047,0.011532683294282794,132,-0.07935956749734269,0.05508848874386398,-0.18733300543531609,0.028613870440630712,EUR_CZK,s2,False,long,439
217,-0.09936509419976486,0.047161154684149956,-0.19180095738069877,-0.006929231018830945,94,-0.06519051969133816,0.061671073435779426,-0.1860658236254658,0.05568478424278951,EUR_CZK,s2,True,long,311
107,-0.09964293188895276,0.07514232036308358,-0.24692187980059657,0.04763601602269105,47,-0.2722419617686773,0.09097451920105092,-0.45055201940273715,-0.09393190413461752,EUR_CZK,s3,False,long,154
77,-0.07575652996051109,0.08468323524210979,-0.24173567103504628,0.09022261111402409,33,-0.33630533275382674,0.11602947423865406,-0.5637231022615887,-0.10888756324606477,EUR_CZK,s3,True,long,110
902,0.06698010791056482,0.022716104300941013,0.02245654348072043,0.1115036723404092,388,-0.055988909567881696,0.03549648259103855,-0.12556201544631726,0.01358419631055386,EUR_CZK,r1,False,short,1290
623,0.058446059584859586,0.02626956467152929,0.006957712828662178,0.109934406341057,267,-0.07002664570020074,0.043871368176669985,-0.15601452732647392,0.01596123592607243,EUR_CZK,r1,True,short,890
324,0.03044201775852893,0.038959659224542385,-0.04591891432157414,0.106802949838632,140,0.059184033944253034,0.06019738171462867,-0.05880283421641916,0.17717090210492523,EUR_CZK,r2,False,short,464
232,0.0012226581720634123,0.043865514329745135,-0.08475374991423705,0.08719906625836386,100,0.06629863282436849,0.06906638459275936,-0.06907148097743987,0.20166874662617684,EUR_CZK,r2,True,short,332
108,0.10443935858625508,0.0699493845870865,-0.03266143520443443,0.2415401523769446,47,-0.003675911468121496,0.10702717239192458,-0.21344916935629366,0.20609734642005068,EUR_CZK,r3,False,short,155
82,0.13050296229165864,0.07541917058346789,-0.017318612051938437,0.2783245366352557,36,-0.07669661902199063,0.12250609978903317,-0.31680857460849565,0.16341533656451437,EUR_CZK,r3,True,short,118
818,-0.08884977171575432,0.03467769435738461,-0.15681805265622817,-0.020881490775280495,351,0.05544197585413998,0.052928543406641194,-0.04829796922287676,0.1591819209311567,CAD_JPY,s1,False,long,1169
424,-0.09996104561402959,0.048071903694672104,-0.1941819768555869,-0.005740114372472266,183,0.06621794559030296,0.07300641117300377,-0.07687462030878443,0.20931051148939034,CAD_JPY,s1,True,long,607
377,-0.030376878871471134,0.05133211788533122,-0.13098782992672034,0.07023407218377806,162,0.09454173693832134,0.0776913370163148,-0.057733283613655664,0.24681675749029836,CAD_JPY,s2,False,long,539
197,-0.015626024325102177,0.07095969703638533,-0.15470703051641743,0.12345498186621306,85,0.09330207924282191,0.10765162106775902,-0.11769509804998576,0.3042992565356296,CAD_JPY,s2,True,long,282
159,-0.1320754716981132,0.0788587934372444,-0.2866387068351122,0.02248776343888581,69,0.06654797457770001,0.12042538245692862,-0.16948577503788007,0.3025817241932801,CAD_JPY,s3,False,long,228
80,-0.15,0.11123586526619454,-0.3680222959217413,0.0680222959217413,35,0.02857142857142857,0.17142857142857143,-0.30742857142857144,0.3645714285714286,CAD_JPY,s3,True,long,115
851,-0.049254461230672675,0.03399722333878337,-0.11588901897468808,0.017380096513342727,365,-0.09244973002440149,0.05143392963346981,-0.1932602321060023,0.008360772057199331,CAD_JPY,r1,False,short,1216
424,-0.05089141707790476,0.04826155859718306,-0.14548407192838356,0.043701237772574036,182,-0.21487455966583904,0.07137668398193028,-0.35477286027042243,-0.07497625906125568,CAD_JPY,r1,True,short,606
352,-0.08882271824526983,0.052758849663564186,-0.19223006358585565,0.01458462709531598,151,-0.12937878302509206,0.07992761971194727,-0.2860369176605087,0.027279351610324576,CAD_JPY,r2,False,short,503
170,-0.15833088778412047,0.0751499762482247,-0.3056248412306409,-0.011036934337600057,74,-0.23972294197015093,0.11131096370719223,-0.4578924308362477,-0.021553453104054154,CAD_JPY,r2,True,short,244
127,-0.17625937869911287,0.08635914928891825,-0.3455233113053926,-0.006995446092833119,55,0.11775676661122535,0.13416972843272365,-0.14521590111691302,0.38072943433936374,CAD_JPY,r3,False,short,182
65,-0.35777977984149695,0.11388020148081943,-0.580984974743903,-0.13457458493909089,29,-0.034482758620689655,0.18886984741557453,-0.4046676595552157,0.3357021423138364,CAD_JPY,r3,True,short,94
844,-0.03333746933553755,0.03354433744620555,-0.09908437073010043,0.03240943205902533,363,-0.11797652000403477,0.048811175640590516,-0.21364642425959218,-0.022306615748477365,CAD_CHF,s1,False,long,1207
425,-0.010482495938492905,0.047255134820162074,-0.10310256018601056,0.08213756830902476,183,-0.09846126120397408,0.06899909238247219,-0.23369948227361959,0.03677695986567142,CAD_CHF,s1,True,long,608
354,-0.09535081983231662,0.05208274788524685,-0.19743300568740044,0.006731366022767193,152,-0.0375050102173669,0.07650613756429532,-0.18745703984338574,0.11244701940865193,CAD_CHF,s2,False,long,506
201,0.0021764212506687154,0.06949504877931126,-0.13403387435678135,0.1383867168581188,87,-0.058881272560038535,0.09827307914342882,-0.25149650768115905,0.13373396256108197,CAD_CHF,s2,True,long,288
126,-0.04121258036219579,0.08785460729100135,-0.21340761065255845,0.13098244992816685,55,-0.19019715009989868,0.12738790715669804,-0.43987744812702684,0.059483147927229474,CAD_CHF,s3,False,long,181
69,-0.08975050906719811,0.11699518975624237,-0.3190610809894332,0.13956006285503694,30,0.028711689730287777,0.17651886532235364,-0.3172652863015254,0.3746886657621009,CAD_CHF,s3,True,long,99
834,0.07547302097417562,0.03381646678020883,0.009192746084966313,0.14175329586338492,358,0.13059301583474214,0.050059459405225756,0.032476475400499666,0.22870955626898462,CAD_CHF,r1,False,short,1192
452,0.06125805354727455,0.04612779358116213,-0.029152421871803225,0.15166852896635233,194,0.057799341513581674,0.06813166364186836,-0.0757387192244803,0.19133740225164367,CAD_CHF,r1,True,short,646
308,0.016731506097832236,0.0560976206668624,-0.09321983040921807,0.12668284260488255,133,0.2822633854595869,0.07948434478965496,0.12647406967186317,0.43805270124731066,CAD_CHF,r2,False,short,441
177,0.08084144497396568,0.07330394945061708,-0.06283429594924379,0.22451718589717518,76,0.29679660151219966,0.10730402265161436,0.08648071711503552,0.5071124859093639,CAD_CHF,r2,True,short,253
95,-0.06149025566331079,0.10083376869968441,-0.2591244423146922,0.13614393098807065,42,0.22313958337832518,0.14714283750148893,-0.06526037812459312,0.5115395448812434,CAD_CHF,r3,False,short,137
54,-0.14951900038638916,0.1343246000030854,-0.41279521639243655,0.11375721561965824,24,0.5017518473271777,0.17143566138933203,0.16573795100408695,0.8377657436502685,CAD_CHF,r3,True,short,78
800,0.04391441579384032,0.03405431590821921,-0.022832043386269325,0.11066087497394997,343,0.1255319855349815,0.05312068038426332,0.021415451981825387,0.2296485190881376,USD_JPY,s1,False,long,1143
413,0.029015030624723694,0.047424770619610465,-0.06393751978971282,0.1219675810391602,178,0.14952765008473878,0.07386925144916164,0.004743917244381973,0.2943113829250956,USD_JPY,s1,True,long,591
380,-0.019785573866361518,0.049738467301483215,-0.11727296977726862,0.0777018220445456,163,-0.0709107403471464,0.07728022309852209,-0.2223799776202497,0.0805584969259569,USD_JPY,s2,False,long,543
201,0.09702341319992872,0.068084779385529,-0.03642275439570811,0.23046958079556554,87,-0.1644599629778415,0.10579429235248054,-0.37181677598870333,0.04289685003302038,USD_JPY,s2,True,long,288
160,-0.028151779338068256,0.07741242506485536,-0.17988013246518478,0.12357657378904827,69,0.038003226710458415,0.11719218096182654,-0.1916934479747216,0.26769990139563843,USD_JPY,s3,False,long,229
81,-0.046575418402105176,0.10936501047800275,-0.26093083893899055,0.16778000213478023,35,-0.06437509316450855,0.16400018533658361,-0.38581545642421244,0.2570652700951953,USD_JPY,s3,True,long,116
843,-0.0517514912253695,0.03294968951052022,-0.11633288266598912,0.012829900215250128,362,-0.11639615361356524,0.05167094437298504,-0.21767120458461592,-0.015121102642514567,USD_JPY,r1,False,short,1205
398,-0.02478665029801983,0.048224053568207643,-0.11930579529170682,0.06973249469566714,171,-0.031903401727580064,0.07585482574829355,-0.1805788601942354,0.1167720567390753,USD_JPY,r1,True,short,569
387,-0.0584298679598343,0.047975043824970545,-0.15246095385677658,0.03560121793710797,166,-0.11261928247493753,0.0759774128319949,-0.2615350116256475,0.03629644667577246,USD_JPY,r2,False,short,553
172,-0.08280483540856187,0.07225683479775706,-0.2244282316121657,0.05881856079504197,75,-0.20353704715044274,0.11235202595658236,-0.4237470180253442,0.016672923724458694,USD_JPY,r2,True,short,247
145,0.07269427245739868,0.07838711763282814,-0.08094447810294447,0.22633302301774183,63,-0.045275331260349626,0.12421265935086562,-0.2887321435880462,0.19818148106734698,USD_JPY,r3,False,short,208
65,0.05944972330707472,0.11756332221644832,-0.170974388237164,0.2898738348513134,28,-0.06615520962150094,0.18283276461342393,-0.4245074282638119,0.29219700902081,USD_JPY,r3,True,short,93
826,0.07848630120048886,0.03312069040234121,0.013569748011900085,0.14340285438907763,354,0.023328682881621293,0.04412141308435615,-0.06314928676371677,0.10980665252695936,EUR_GBP,s1,False,long,1180
432,0.03214571988604115,0.045698192442854085,-0.057422737301952846,0.12171417707403515,186,-0.012581797469112872,0.06143996333564969,-0.13300412560698627,0.10784053066876051,EUR_GBP,s1,True,long,618
317,0.09296115002668076,0.053344113742671576,-0.01159331290895553,0.19751561296231707,137,0.06185041125641434,0.06898192647861882,-0.07335416464167856,0.19705498715450726,EUR_GBP,s2,False,long,454
175,0.0892821526584828,0.0716685872152006,-0.05118827828331038,0.22975258360027598,75,0.04867921157287045,0.09597209146934689,-0.13942608770704945,0.23678451085279034,EUR_GBP,s2,True,long,250
111,-0.06855534550921877,0.0920362067840818,-0.2489463108060191,0.11183561978758155,48,0.20575974661927113,0.11559494983904976,-0.020806355065266402,0.43232584830380866,EUR_GBP,s3,False,long,159
62,-0.0906334400566026,0.12426455469127758,-0.3341919672515066,0.15292508713830144,28,0.13394909995000462,0.1561380709467322,-0.17208151910559052,0.43997971900559973,EUR_GBP,s3,True,long,90
802,-0.010426236456901827,0.034035564725588836,-0.07713594331905595,0.05628347040525229,344,0.0723804346933256,0.04292904153250273,-0.011760486710379756,0.15652135609703094,EUR_GBP,r1,False,short,1146
431,-0.06025559122511485,0.0461258174408931,-0.15066219340926532,0.030151010959035628,186,0.10704564831317483,0.05689577933890843,-0.004470079191085691,0.21856137581743534,EUR_GBP,r1,True,short,617
371,0.0018156059310635954,0.05057730100273552,-0.09731590403429802,0.10094711589642522,160,0.08692412821506308,0.06460826171446786,-0.03970806474529391,0.21355632117542006,EUR_GBP,r2,False,short,531
196,-0.01895289138723258,0.06904569133484575,-0.15428244640353025,0.1163766636290651,84,0.18450942880299964,0.09064840014692435,0.006838564515027928,0.36218029309097133,EUR_GBP,r2,True,short,280
135,0.14798035867671364,0.08152314791914397,-0.011805011244808539,0.3077657285982358,58,-0.014287038853103352,0.11079412300429121,-0.2314435199415141,0.20286944223530742,EUR_GBP,r3,False,short,193
72,0.07653692419130796,0.10978800002428364,-0.13864755585628796,0.2917214042389039,32,-0.07308772458695359,0.13758391141726198,-0.34275219096478704,0.1965767417908799,EUR_GBP,r3,True,short,104
830,-0.023118336887561226,0.03404953751022466,-0.08985543040760155,0.043618756632479105,356,0.16934946166830564,0.051437573816973864,0.06853181698703686,0.2701671063495744,EUR_JPY,s1,False,long,1186
435,-0.0038443364901301607,0.04704874461684563,-0.09605987593914758,0.08837120295888726,187,0.2051862720587321,0.07014023456968489,0.06771141230214972,0.3426611318153145,EUR_JPY,s1,True,long,622
376,-0.00016259198925968514,0.05073682041070041,-0.0996067599942325,0.09928157601571312,162,0.24885888611756823,0.07523971844540302,0.10138903796457832,0.39632873427055815,EUR_JPY,s2,False,long,538
188,0.051610706996920074,0.07146338206802316,-0.08845752185640532,0.19167893585024548,81,0.3338392172259314,0.10398377265766018,0.13003102281691745,0.5376474116349453,EUR_JPY,s2,True,long,269
147,-0.09774473659663711,0.08113215521131227,-0.25676376081080915,0.06127428761753494,63,0.259964322877541,0.11980790105994914,0.0251408368000407,0.4947878089550413,EUR_JPY,s3,False,long,210
79,-0.028091908263356863,0.11111727958546369,-0.24588177625086569,0.18969795972415196,34,0.39346330415544367,0.15240332422109565,0.09475278868209619,0.6921738196287912,EUR_JPY,s3,True,long,113
834,0.0019511048505320401,0.03367602677010335,-0.06405390761887052,0.0679561173199346,358,-0.19765076472082485,0.05024946636582105,-0.2961397187978341,-0.0991618106438156,EUR_JPY,r1,False,short,1192
426,0.030194020361989378,0.046941875734142796,-0.0618120560769305,0.12220009680090926,183,-0.18676692392098218,0.07098027862224418,-0.32588827002058074,-0.047645577821383595,EUR_JPY,r1,True,short,609
375,-0.03559791609944314,0.05047663910065828,-0.13453212873673337,0.06333629653784709,162,-0.16456503314505858,0.0755456884386112,-0.3126345824847365,-0.01649548380538063,EUR_JPY,r2,False,short,537
185,0.010690867433076016,0.07180557586423675,-0.13004806126082802,0.15142979612698004,80,-0.22652334645516098,0.10648747736729677,-0.43523880209506266,-0.017807890815259297,EUR_JPY,r2,True,short,265
126,-0.1597349104097497,0.08640398398382718,-0.329086719018051,0.009616898198551577,55,0.06575297082106926,0.13256969776309296,-0.19408363679459292,0.3255895784367314,EUR_JPY,r3,False,short,181
60,-0.1902114785871352,0.12483247231244557,-0.43488312431952847,0.054460167145258115,26,-0.25777319148838196,0.18957896735335908,-0.6293479675009657,0.1138015845242018,EUR_JPY,r3,True,short,86
811,-0.058117668543347815,0.03493381302663189,-0.12658794207554633,0.01035260498885069,348,0.15854207543674842,0.052307746500830324,0.056018892295120984,0.26106525857837587,GBP_JPY,s1,False,long,1159
441,0.003959841570597629,0.047369041137479986,-0.08888347905886314,0.0968031622000584,190,0.1549956559327731,0.07122419467659613,0.015396234366644668,0.2945950774989015,GBP_JPY,s1,True,long,631
357,-0.09709945810708653,0.05270778737516199,-0.20040672136240403,0.006207805148230966,153,0.12150984634668419,0.07963649049694854,-0.03457767502733494,0.2775973677207033,GBP_JPY,s2,False,long,510
177,-0.062146892655367235,0.07523213181596987,-0.20960187101466818,0.0853080857039337,76,0.07143690859082369,0.11455204237678761,-0.15308509446768,0.2959589116493274,GBP_JPY,s2,True,long,253
149,-0.17070344446668528,0.08057039697731835,-0.32862142254222926,-0.012785466391141309,65,0.27312224004724095,0.1193051916350686,0.03928406444250651,0.5069604156519754,GBP_JPY,s3,False,long,214
81,0.012345679012345678,0.1117948782486101,-0.20677228235493011,0.23146364037962147,36,0.2222222222222222,0.16480441082434807,-0.1007944229935,0.5452388674379445,GBP_JPY,s3,True,long,117
836,-0.008161291867623977,0.03439126881396427,-0.07556817874299393,0.05924559500774598,359,-0.11049593862438509,0.05153785812462741,-0.2115101405486548,-0.009481736700115359,GBP_JPY,r1,False,short,1195
412,-0.06348990534169183,0.04891331494965873,-0.15936000264302294,0.03238019195963929,177,-0.15432172246694253,0.0734086915252092,-0.29820275785635253,-0.010440687077532512,GBP_JPY,r1,True,short,589
351,-0.10646890757134844,0.0526418605020418,-0.20964695415535037,-0.0032908609873465167,151,-0.13272904039791997,0.07955772484562765,-0.28866218109535013,0.023204100299510227,GBP_JPY,r2,False,short,502
175,-0.04856980592640972,0.07491392495507308,-0.19540109883835297,0.09826148698553352,76,-0.1823618031636461,0.11039086124004813,-0.3987278911941404,0.0340042848668482,GBP_JPY,r2,True,short,251
144,-0.1948638387028775,0.08143532944270288,-0.3544770844105751,-0.03525059299517985,63,0.14447376352772218,0.12090804925289275,-0.09250601300794761,0.38145354006339194,GBP_JPY,r3,False,short,207
70,-0.21307691135614512,0.11674416472881553,-0.44189547422462355,0.01574165151233331,31,0.08522745715709823,0.17634378089698008,-0.2604063534009827,0.4308612677151792,GBP_JPY,r3,True,short,101
855,-0.025199676989982333,0.03386653465905056,-0.09157808492172144,0.041178730941756767,367,0.08577888247232099,0.04992393900125962,-0.012072037970147859,0.18362980291478984,GBP_AUD,s1,False,long,1222
473,-0.05956040754086369,0.04544658823848883,-0.1486357204883018,0.029514905406574414,204,0.026004457284711357,0.06736145914942207,-0.10602400264815588,0.1580329172175786,GBP_AUD,s1,True,long,677
358,-0.042390671476555716,0.052531937716930786,-0.14535326940174004,0.06057192644862862,154,0.052791639268388146,0.07796548422801929,-0.10002070981852965,0.20560398835530594,GBP_AUD,s2,False,long,512
202,-0.11116089653810338,0.06997390679758708,-0.24830975386137405,0.025987960785167297,87,0.07147333277995012,0.10313428760839688,-0.13066987093250776,0.273616536492408,GBP_AUD,s2,True,long,289
125,0.05262705184157988,0.08908188237436451,-0.12197343761217457,0.22722754129533435,54,0.010797705008767753,0.13337856003467954,-0.2506242726592042,0.2722196826767397,GBP_AUD,s3,False,long,179
67,0.03848330567458934,0.12147191426566628,-0.19960164628611654,0.27656825763529524,30,-0.03289131399253079,0.18247254772869645,-0.3905375075407759,0.32475487955571425,GBP_AUD,s3,True,long,97
845,-0.011356476715037362,0.03403517701075185,-0.078065423656111,0.05535247022603627,363,-0.03224596792625057,0.04952955192256252,-0.12932388969447312,0.06483195384197196,GBP_AUD,r1,False,short,1208
443,0.05161469514425659,0.04721689611261575,-0.04093042123647029,0.14415981152498347,190,-0.029601272641882913,0.06770753965623307,-0.16230805036809973,0.10310550508433389,GBP_AUD,r1,True,short,633
372,-0.031819961809886985,0.05113212216919684,-0.1320389212615128,0.06839899764173882,160,0.010103394677516208,0.07681599978036222,-0.14045596489199375,0.16066275424702614,GBP_AUD,r2,False,short,532
190,0.04425166004793525,0.07230057327331332,-0.09745746356775885,0.18596078366362934,82,0.002960912755476391,0.10638902137793707,-0.20556156914528026,0.21148339465623303,GBP_AUD,r2,True,short,272
128,0.03235955837288834,0.08736378798146306,-0.13887346607077924,0.20359258281655593,56,0.014660054042994435,0.1315527138563065,-0.24318326511536634,0.2725033732013552,GBP_AUD,r3,False,short,184
64,0.06320938823771934,0.12390736636715423,-0.17964904984190294,0.30606782631734164,28,0.010101104330312003,0.18580119444530618,-0.3540692367824881,0.37427144544311214,GBP_AUD,r3,True,short,92
821,-0.06594941111412109,0.034148293609901334,-0.1328800665895277,0.0009812443612855215,352,0.1060362326097599,0.0500743865121846,0.007890435045878094,0.20418203017364173,GBP_CAD,s1,False,long,1173
422,-0.08511124014233097,0.04731026598383136,-0.17783936147064044,0.0076168811859784885,182,0.07236990544170151,0.07031500322195254,-0.06544750087332547,0.2101873117567285,GBP_CAD,s1,True,long,604
338,-0.0011775416474520402,0.053683864628841886,-0.10639791631998213,0.10404283302507805,145,0.09949321210096003,0.07937331168327152,-0.05607847879825216,0.2550649030001722,GBP_CAD,s2,False,long,483
194,0.019763930548389538,0.0712439435181356,-0.11987419874715621,0.1594020598439353,84,0.021125953369098806,0.1047937788919698,-0.18426985325916198,0.2265217599973596,GBP_CAD,s2,True,long,278
113,-0.008203243189592082,0.09345863489231186,-0.19138216757852333,0.17497568119933915,49,0.16151022195115092,0.1355217604616051,-0.10411242855359507,0.42713287245589693,GBP_CAD,s3,False,long,162
61,0.01639344262295082,0.1290820962952756,-0.23660746611578934,0.269394351361691,27,0.18775739703810324,0.18645378504740873,-0.17769202165481784,0.5532068157310244,GBP_CAD,s3,True,long,88
819,0.05254703689736113,0.03427918815018452,-0.014640171877000528,0.11973424567172278,352,-0.11281525223086396,0.049638145529705906,-0.21010601746908752,-0.01552448699264039,GBP_CAD,r1,False,short,1171
416,0.04543162985782095,0.04806891305701319,-0.0487834397339249,0.13964669944956679,179,-0.12740954296275397,0.06993971621756209,-0.26449138674917566,0.009672300823667712,GBP_CAD,r1,True,short,595
343,0.04489293949146019,0.05323047890188435,-0.05943879915623313,0.14922467813915352,147,0.040558092324924605,0.07712902841141683,-0.11061480336145238,0.1917309880113016,GBP_CAD,r2,False,short,490
189,0.05713793372605626,0.07161088594457798,-0.0832194027253166,0.19749527017742913,81,0.09732767801488451,0.10546033509389661,-0.10937457876915285,0.3040299347989219,GBP_CAD,r2,True,short,270
113,-0.0008554941865551341,0.09407597670195682,-0.1852444085223905,0.1835334201492802,49,-0.054553419919311355,0.12971997914082492,-0.30880457903532815,0.19969773919670547,GBP_CAD,r3,False,short,162
62,0.014569825111601119,0.12699615444078038,-0.23434263759232843,0.2634822878155307,28,-0.12736058501155376,0.16755321998749872,-0.4557648961870513,0.20104372616394375,GBP_CAD,r3,True,short,90
805,-0.05670064061649795,0.034454656993243425,-0.12423176832325505,0.010830487090259154,346,-0.06095732709288082,0.049686224513063315,-0.1583423271384849,0.03642767295272327,GBP_CHF,s1,False,long,1151
451,-0.05594656546706883,0.045953876067822585,-0.1460161625600011,0.03412303162586343,194,-0.021932008677881584,0.06566789776483262,-0.15064108829695352,0.10677707094119035,GBP_CHF,s1,True,long,645
364,-0.12118212801936362,0.05131662114769551,-0.2217627054688468,-0.02060155056988043,157,-0.0898384919939295,0.0745874499580731,-0.23602989391175278,0.05635290992389376,GBP_CHF,s2,False,long,521
193,-0.0916717910197456,0.07079725636427317,-0.230434413493721,0.04709083145422982,83,-0.1587460017939588,0.10616745740921825,-0.3668342183160266,0.04934221472810896,GBP_CHF,s2,True,long,276
132,0.023182992586161355,0.08620972457850685,-0.14578806758771207,0.19215405276003478,57,-0.2222638755694291,0.11763007320229402,-0.45281881904592536,0.008291067907067184,GBP_CHF,s3,False,long,189
75,-0.014708386982807718,0.11455384537409172,-0.23923392391602746,0.20981714995041204,33,0.035822904755821894,0.16177158966749497,-0.28124941099246825,0.35289522050411204,GBP_CHF,s3,True,long,108
809,-0.016253460636797744,0.03443503912870082,-0.08374613732905134,0.05123921605545586,347,0.10342622313764809,0.04947807041146835,0.006449205131170116,0.20040324114412605,GBP_CHF,r1,False,short,1156
430,0.00542087935011792,0.04680978454120914,-0.08632629835065199,0.09716805705088784,185,0.10245505452128957,0.06791722347753944,-0.030662703494687735,0.23557281253726686,GBP_CHF,r1,True,short,615
338,-0.04944583134970229,0.05331825158474392,-0.15394960445580036,0.05505794175639578,145,0.12647309413432836,0.07683727164080438,-0.02412795828164821,0.27707414655030493,GBP_CHF,r2,False,short,483
186,-0.06499843347660716,0.07175170986545397,-0.20563178481289693,0.0756349178596826,81,0.058453185048371624,0.1051213868061926,-0.14758473309176584,0.2644911031885091,GBP_CHF,r2,True,short,267
114,-0.02156151096278546,0.09329506562910851,-0.20441983959583815,0.1612968176702672,49,0.08224262626320264,0.13434010970087124,-0.18106398875050497,0.3455492412769102,GBP_CHF,r3,False,short,163
58,-0.030581433552618283,0.13016962737137908,-0.28571390320052126,0.2245510360952847,25,0.00486030209910512,0.19270075489730773,-0.37283317749961803,0.3825537816978282,GBP_CHF,r3,True,short,83
851,7.142166235434884e-05,0.033923501536565,-0.06641864134931305,0.06656148467402176,365,0.19078212949219184,0.04876141012449127,0.09520976564818895,0.2863544933361947,GBP_NZD,s1,False,long,1216
459,-0.041022207393999935,0.04630515496254198,-0.1317803111205822,0.04973589633258234,198,0.20680646054151414,0.06617957135327607,0.07709450068909304,0.3365184203939352,GBP_NZD,s1,True,long,657
350,0.03742038576601341,0.05289863534150123,-0.06626093950332901,0.14110171103535582,151,0.21982756349625093,0.07577147846530763,0.07131546570424799,0.3683396612882539,GBP_NZD,s2,False,long,501
208,0.006243099111485389,0.06847490309413386,-0.12796771095301698,0.14045390917598774,90,0.17533821011401812,0.0995702129077513,-0.019819407185174415,0.37049582741321063,GBP_NZD,s2,True,long,298
115,0.043205266073802075,0.09285651325051751,-0.13879349989721226,0.2252040320448164,50,0.11922094046626917,0.13635845264674223,-0.14804162672134558,0.38648350765388395,GBP_NZD,s3,False,long,165
68,0.02895008233069484,0.12053842101673881,-0.20730522286211323,0.2652053875235029,30,-0.14525748041722333,0.17756788937121573,-0.4932905435848062,0.20277558275035948,GBP_NZD,s3,True,long,98
874,0.0329163778051418,0.033618859863777516,-0.03297658752786213,0.09880934313814572,375,-0.14399281654490775,0.04935744161556556,-0.24073340211141625,-0.04725223097839926,GBP_NZD,r1,False,short,1249
487,0.051434518490092014,0.045060255183629536,-0.03688358166982187,0.1397526186500059,210,-0.16380388332722262,0.0658744972267939,-0.2929178978917386,-0.034689868762706605,GBP_NZD,r1,True,short,697
365,0.08395830794612914,0.0517673250890722,-0.017505649228452366,0.18542226512071064,157,-0.1124277847339037,0.07685180594113747,-0.26305732437853313,0.038201754910725735,GBP_NZD,r2,False,short,522
193,0.0016014948068095065,0.07137853289086465,-0.1383004296592852,0.14150341927290425,84,-0.2404139724668109,0.10471270368310097,-0.4456508716856888,-0.03517707324793301,GBP_NZD,r2,True,short,277
130,0.1881763144220208,0.08543251856016992,0.02072857804408773,0.35562405079995385,57,0.002598580256773931,0.1283110366655302,-0.24889105160766525,0.25408821212121313,GBP_NZD,r3,False,short,187
78,0.275859398072631,0.1089804164380421,0.06225778185406847,0.4894610142911935,34,-0.14870372739293772,0.16954193464012593,-0.4810059192875845,0.1835984645017091,GBP_NZD,r3,True,short,112
827,0.050670424217490094,0.03306353055121672,-0.014134095662894676,0.11547494409787487,355,0.13935393406107607,0.05090116921385423,0.03958764240192178,0.23912022572023037,CHF_JPY,s1,False,long,1182
446,0.047855352638073737,0.045375231534185316,-0.041080101168929475,0.13679080644507696,192,0.19752431334530196,0.06868173303340559,0.06290811659982701,0.33214051009077694,CHF_JPY,s1,True,long,638
355,0.07907386925775077,0.05098532295614227,-0.020857363736288076,0.17900510225178962,153,0.08994854564136529,0.07913634253804545,-0.0651586857332038,0.24505577701593437,CHF_JPY,s2,False,long,508
189,0.07928173411335387,0.06996726222851389,-0.05785409985453335,0.2164175680812411,82,0.11677632405270509,0.10724827001734871,-0.09343028518129838,0.3269829332867086,CHF_JPY,s2,True,long,271
130,0.2534385797326233,0.08164632249903482,0.09341178763451505,0.4134653718307315,56,-0.014481849699658276,0.13365975249187942,-0.2764549645837419,0.24749126518442538,CHF_JPY,s3,False,long,186
61,0.3633306371788403,0.1137913976037687,0.14029949787545362,0.586361776482227,27,0.037037037037037035,0.19598157859737708,-0.347086857013822,0.4211609310878961,CHF_JPY,s3,True,long,88
851,-0.0746824371541261,0.032519412580733396,-0.13842048581236355,-0.010944388495888649,365,-0.1747225364897614,0.05031042158367144,-0.27333096279375746,-0.07611411018576539,CHF_JPY,r1,False,short,1216
444,-0.042470452820707355,0.044461629109863274,-0.12961524587603937,0.04467434023462466,191,-0.1759394305667908,0.06980346009616724,-0.31275421235527856,-0.03912464877830302,CHF_JPY,r1,True,short,635
363,-0.04441848619327918,0.05047709134618687,-0.14335358523180544,0.05451661284524709,156,-0.2016778636676623,0.07676450643441574,-0.35213629627911713,-0.051219431056207465,CHF_JPY,r2,False,short,519
189,-0.13353633900312045,0.06953938850894277,-0.2698335404806483,0.0027608624744073773,81,-0.37822562423084827,0.10103586121449412,-0.5762559122112567,-0.1801953362504398,CHF_JPY,r2,True,short,270
128,-0.010204119667740773,0.08680268818442302,-0.18033738850920988,0.15992914917372836,56,-0.04868473994872665,0.13249346581494437,-0.30837193294601756,0.21100245304856427,CHF_JPY,r3,False,short,184
72,-0.14480858330817925,0.11360270044208359,-0.3674698761746631,0.07785270955830459,32,-0.125,0.1781966112418093,-0.4742653580339462,0.2242653580339462,CHF_JPY,r3,True,short,104
822,-0.06878001621653523,0.03470653613280104,-0.13680482703682528,-0.0007552053962451982,353,0.058091135700118125,0.05301347979152252,-0.04581528469126602,0.16199755609150226,NZD_JPY,s1,False,long,1175
430,-0.07566784495346969,0.0478477729060599,-0.1694494798493471,0.018113789942407713,185,0.14594594594594595,0.07293161555980186,0.0029999794487343134,0.2888919124431576,NZD_JPY,s1,True,long,615
387,0.016094494620162058,0.050806791632270816,-0.08348681697908873,0.11567580621941286,167,0.07741918464200752,0.07693112349025945,-0.07336581739890101,0.22820418668291603,NZD_JPY,s2,False,long,554
201,0.02022568453816652,0.07052081438744859,-0.11799511166123271,0.15844648073756573,87,0.15838810354838562,0.10587270036580486,-0.04912238916859191,0.36589859626536314,NZD_JPY,s2,True,long,288
158,-0.015751705057676226,0.07961199403786363,-0.17179121337188896,0.1402878032565365,69,-0.043478260869565216,0.121153138438128,-0.2809384122082961,0.19398189046916567,NZD_JPY,s3,False,long,227
90,-0.022222222222222223,0.10597361198146896,-0.22993050170590137,0.18548605726145692,39,-0.02564102564102564,0.16216808513683997,-0.343490472509232,0.29220842122718066,NZD_JPY,s3,True,long,129
865,-0.057455998815418845,0.03386756609280772,-0.12383642835732198,0.008924430726484293,371,-0.12498878796018191,0.051378026389415236,-0.22568971968343576,-0.024287856236928043,NZD_JPY,r1,False,short,1236
471,-0.04111156145643598,0.04601690811707984,-0.13130470136591246,0.04908157845304051,203,-0.2087233513952093,0.06830275103861891,-0.3425967434309024,-0.07484995935951624,NZD_JPY,r1,True,short,674
388,-0.0534002974088987,0.050513481533113816,-0.15240672121380178,0.04560612639600437,167,-0.0567787308646954,0.07705127479849817,-0.20779922946975182,0.09424176774036103,NZD_JPY,r2,False,short,555
213,-0.08258597965912606,0.06815403380793882,-0.21616788592268613,0.050995926604434,92,-0.07816843046517456,0.10395575582374966,-0.2819217118797239,0.12558485094937477,NZD_JPY,r2,True,short,305
130,-0.23658967893177774,0.08455808740506844,-0.4023235302457119,-0.07085582761784359,57,-0.017543859649122806,0.1336100544888405,-0.2794195664472502,0.24433184714900458,NZD_JPY,r3,False,short,187
68,-0.34642131831434325,0.11281268629468066,-0.5675341834519174,-0.12530845317676914,30,-0.06666666666666667,0.18528222234124034,-0.4298198224554977,0.2964864891221644,NZD_JPY,r3,True,short,98
825,-0.02018783893022325,0.03458385644463377,-0.08797219756170543,0.047596519701258944,354,0.09142035280717732,0.052956885631100584,-0.012375143029779823,0.19521584864413447,AUD_JPY,s1,False,long,1179
445,0.015586846804680712,0.04714792277696423,-0.07682308183816917,0.1079967754475306,191,0.13089005235602094,0.07192348983813279,-0.010079987726719336,0.2718600924387612,AUD_JPY,s1,True,long,636
376,-0.05705646982071131,0.05138242415015033,-0.15776602115500596,0.043653081513583346,162,0.16049382716049382,0.07778940081097356,0.008026601570985642,0.31296105275000197,AUD_JPY,s2,False,long,538
196,-0.027822615574425783,0.07112278275220066,-0.16722326976873908,0.11157803861988752,84,0.23809523809523808,0.10660763877761958,0.02914426609110371,0.44704621009937245,AUD_JPY,s2,True,long,280
158,0.041346707330886516,0.07927530357299131,-0.11403288767217645,0.1967263023339495,69,0.014492753623188406,0.12125507630928632,-0.22316719594301276,0.2521527031893896,AUD_JPY,s3,False,long,227
88,0.07423613361681897,0.10578874600373762,-0.13310980855050678,0.28158207578414474,39,-0.02564102564102564,0.16216808513683997,-0.343490472509232,0.29220842122718066,AUD_JPY,s3,True,long,127
837,-0.030830707449423775,0.03435363153865381,-0.09816382526518524,0.036502410366337695,359,-0.1688785152688717,0.05162035844788462,-0.27005441782672557,-0.06770261271101785,AUD_JPY,r1,False,short,1196
415,-0.07761737983531967,0.04878990761564778,-0.17324559876198933,0.018010839091349984,178,-0.21609851173260505,0.07297849826522772,-0.3591363683324514,-0.07306065513275872,AUD_JPY,r1,True,short,593
394,-0.0006179770305330844,0.050199983900111024,-0.09900994547475069,0.09777399141368452,169,-0.0002670197559404064,0.07664100467835383,-0.1504833889255139,0.1499493494136331,AUD_JPY,r2,False,short,563
196,0.05155088113474446,0.07117645515262852,-0.08795497096440744,0.19105673323389635,84,0.02657456231888181,0.10886805657566075,-0.18680682856941325,0.23995595320717686,AUD_JPY,r2,True,short,280
130,0.02001832107687207,0.0877418303860277,-0.15195566647974224,0.19199230863348637,57,-0.017543859649122806,0.1336100544888405,-0.2794195664472502,0.24433184714900458,AUD_JPY,r3,False,short,187
55,-0.22541124109102964,0.1315071118176867,-0.4831651802536956,0.03234269807163628,24,0.08333333333333333,0.20778914433245896,-0.3239333895582862,0.49060005622495284,AUD_JPY,r3,True,short,79
820,-0.04242975816767336,0.029025179328174625,-0.09931910965089563,0.014459593315548906,352,-0.05830801125639917,0.04427131193287835,-0.14507978264484073,0.028463760132042396,USD_SGD,s1,False,long,1172
407,-0.05973750691017396,0.041618214792555404,-0.14130920790358253,0.02183419408323463,175,-0.08907041506911323,0.0617077430796947,-0.21001759150531485,0.03187676136708838,USD_SGD,s1,True,long,582
378,-0.03352236347883444,0.04237211654888869,-0.11657171191465626,0.049526984956987395,163,-0.02727258874966316,0.06553743031238403,-0.15572595216193585,0.10118077466260955,USD_SGD,s2,False,long,541
192,-0.10143322119102853,0.05962156040994302,-0.21829147959451684,0.015425037212459788,83,0.03294521224481698,0.08987205072112484,-0.1432040071685877,0.20909443165822164,USD_SGD,s2,True,long,275
132,-0.014003199514762315,0.07201006582631704,-0.1551429285343437,0.12713652950481907,57,-0.2925266764095636,0.10928108511404173,-0.5067176032330853,-0.07833574958604181,USD_SGD,s3,False,long,189
75,-0.013857889719357044,0.09549104894469744,-0.20102034565096405,0.17330456621224993,33,-0.4281836096578323,0.13003752267604543,-0.6830571541028814,-0.17331006521278325,USD_SGD,s3,True,long,108
860,0.07858026340346191,0.028914002481158694,0.021908818540390874,0.13525170826653296,369,0.045876224657629146,0.04401081023875237,-0.0403849634103255,0.1321374127255838,USD_SGD,r1,False,short,1229
443,0.057419811171677174,0.04050506049178851,-0.021970107392228294,0.13680972973558264,191,0.04657486597925556,0.06206058283564234,-0.07506387637860343,0.16821360833711455,USD_SGD,r1,True,short,634
366,0.08151354497185742,0.043696393461875746,-0.004131386213419033,0.16715847615713386,158,-0.03311711756219033,0.06584630179658416,-0.16217586908349527,0.09594163395911462,USD_SGD,r2,False,short,524
194,0.11805470663595935,0.059853367229014263,0.0007421068670913911,0.2353673064048273,84,-0.03643361828216632,0.08676973029631437,-0.20650228966294248,0.13363505309860985,USD_SGD,r2,True,short,278
126,-0.031703291009335395,0.07790544672313847,-0.18439796658668678,0.120991384568016,55,-0.17068436445934812,0.10619722712752923,-0.3788309296293054,0.037462200710609156,USD_SGD,r3,False,short,181
62,-0.06789155023692015,0.10580621614946453,-0.2752717338898706,0.13948863341603032,28,-0.23321672370700414,0.16084959201063997,-0.5484819240478584,0.08204847663385023,USD_SGD,r3,True,short,90
844,-0.06251947029699452,0.03417040305689383,-0.12949346028850645,0.004454519694517392,362,0.06753870812319451,0.052246047950634075,-0.03486354586004828,0.1699409621064373,USD_PLN,s1,False,long,1206
468,-0.0917969948590301,0.04575164383484309,-0.18147021677532255,-0.002123772942737648,202,0.05943650463587642,0.07004405962175274,-0.07784985222275893,0.1967228614945118,USD_PLN,s1,True,long,670
330,-0.03395151187283232,0.054925964994012894,-0.14160640326109758,0.07370337951543296,142,0.05575792525595521,0.08298851998684446,-0.10689957391825994,0.21841542443017037,USD_PLN,s2,False,long,472
192,-0.037520827698097274,0.07191342870668171,-0.17847114796319344,0.10342949256699888,83,0.13851521514651113,0.10810032892769772,-0.07336142955177638,0.35039185984479865,USD_PLN,s2,True,long,275
115,0.0782608695652174,0.09337132229516841,-0.10474692213331267,0.2612686612637475,50,0.08,0.14239926622145274,-0.19910256179404734,0.35910256179404737,USD_PLN,s3,False,long,165
70,0.02857142857142857,0.12033670597080583,-0.20728851513135083,0.264431372274208,31,0.22580645161290322,0.17785869357535775,-0.12279658779479793,0.5744094910206043,USD_PLN,s3,True,long,101
823,0.03405350200063421,0.034674048342342535,-0.033907632750357165,0.10201463675162559,353,0.041045655523496906,0.05295372744262517,-0.06274365026404843,0.14483496131104223,USD_PLN,r1,False,short,1176
452,0.030800959654643672,0.04674814042874907,-0.0608253955857045,0.12242731489499185,194,0.07777469625835047,0.07157866933677105,-0.06251949564172078,0.21806888815842174,USD_PLN,r1,True,short,646
355,-0.023489238234838578,0.052952715673200805,-0.12727656095431217,0.080298084484635,153,0.18622060678222496,0.0794683776805555,0.030462586528336194,0.3419786270361137,USD_PLN,r2,False,short,508
201,0.03811602202304624,0.07023083575356774,-0.09953641605394653,0.175768460100039,87,0.12643678160919578,0.10696737930574199,-0.08321928183005853,0.33609284504845005,USD_PLN,r2,True,short,288
127,-0.04420659571879254,0.08798406021481378,-0.21665535373982756,0.12824216230224247,55,0.08314169679612288,0.13477491198632469,-0.18101713069707348,0.34730052428931923,USD_PLN,r3,False,short,182
79,-0.07106629944666648,0.11085501938525454,-0.2883421374417654,0.1462095385484324,34,0.10508215658196347,0.17137551768226433,-0.2308138580752746,0.4409781712392015,USD_PLN,r3,True,short,113
833,-0.05008444706979742,0.03425709438737224,-0.11722835206904701,0.017059457929452168,358,0.11125714978919857,0.05197944919248653,0.00937742937192497,0.21313687020647215,USD_CZK,s1,False,long,1191
458,-0.04253298759872624,0.046236093422596033,-0.13315573070701447,0.048089755509561974,197,0.08971026478345219,0.07068474621836278,-0.048831837804538855,0.22825236737144322,USD_CZK,s1,True,long,655
344,-0.034052374223498265,0.05350556053297596,-0.13892327286813114,0.07081852442113462,148,0.0447760651221333,0.08147689581270326,-0.11491865067076507,0.20447078091503168,USD_CZK,s2,False,long,492
191,-0.08847803871160899,0.0712121414546974,-0.22805383596281587,0.0510977585395979,82,0.13540040067327588,0.10913316166096361,-0.07850059618221278,0.34930139752876455,USD_CZK,s2,True,long,273
112,0.08754534543287489,0.0944015913443649,-0.09748177360208034,0.2725724644678301,49,-0.23682429704051502,0.13740648822190424,-0.5061410139554473,0.03249241987441728,USD_CZK,s3,False,long,161
59,0.0847457627118644,0.1308340720480021,-0.17168901850221968,0.3411805439259485,26,-0.17709194442250908,0.18949259497764545,-0.5484974305786942,0.194313541733676,USD_CZK,s3,True,long,85
822,0.0893621489824828,0.03428500636362235,0.022163536509783005,0.1565607614551826,353,-0.11057846652061891,0.05273062293606043,-0.21393048747529736,-0.007226445565940473,USD_CZK,r1,False,short,1175
421,0.07444121455788807,0.04791101274347895,-0.019464370419330662,0.1683467995351068,181,-0.18916486232440333,0.07286268757005214,-0.33197572996170555,-0.046353994687101135,USD_CZK,r1,True,short,602
336,0.04314367688393552,0.053750815686220824,-0.06220792186105729,0.14849527562892834,144,-0.013888888888888888,0.08361613500589882,-0.17777651350045057,0.14999873572267278,USD_CZK,r2,False,short,480
173,0.022765480419216135,0.07509891198869408,-0.12442838707862425,0.16995934791705652,75,-0.06666666666666667,0.11598902298689065,-0.29400515172097236,0.160671818387639,USD_CZK,r2,True,short,248
128,0.05307581569940749,0.0855808763503118,-0.11466270194720361,0.22081433334601858,55,0.21966733092350155,0.13149326251497537,-0.03805946360585016,0.47739412545285326,USD_CZK,r3,False,short,183
71,0.10393585613211162,0.1128863808184528,-0.11732145027205587,0.3251931625362791,31,0.38973236131588984,0.16493089036834738,0.066467816193929,0.7129969064378507,USD_CZK,r3,True,short,102
839,-0.0535361982616897,0.03433339142728375,-0.12082964545916583,0.013757248935786441,360,-0.020762171063226732,0.05270975500022669,-0.12407329086367105,0.08254894873721758,USD_HUF,s1,False,long,1199
473,-0.0587307687557197,0.045776468660437566,-0.14845264733017732,0.030991109818737927,203,-0.0318935053338011,0.07018946272775592,-0.1694648522802027,0.1056778416126005,USD_HUF,s1,True,long,676
338,-0.024712179520993895,0.05422996403988233,-0.13100290903916326,0.08157854999717548,145,-0.08860769108595544,0.08292453107213849,-0.2511397719873469,0.07392438981543599,USD_HUF,s2,False,long,483
179,-0.053969738636315934,0.07465818255236893,-0.20029977643895905,0.09236029916632718,78,-0.02564102564102564,0.11392310791466345,-0.24893031715376598,0.19764826587171472,USD_HUF,s2,True,long,257
91,-0.10951542040040937,0.10419160434277676,-0.31373096491225183,0.09470012411143308,40,-0.04620288018658845,0.1593937053570648,-0.35861454268643544,0.2662087823132585,USD_HUF,s3,False,long,131
54,-0.07407407407407428,0.13698319904900527,-0.3425611442101246,0.19441299606197604,24,0.08333333333333333,0.20778914433245896,-0.3239333895582862,0.49060005622495284,USD_HUF,s3,True,long,78
818,0.05942821185270809,0.034789230998179904,-0.008758680903724517,0.12761510460914072,351,0.04843304843304843,0.05338951849566093,-0.056210407818447,0.15307650468454387,USD_HUF,r1,False,short,1169
413,0.14547136342799594,0.048597568477721696,0.05022012921166141,0.24072259764433046,177,0.0847457627118644,0.07510667246196574,-0.06246331531358845,0.23195484073731726,USD_HUF,r1,True,short,590
357,0.015570821446527881,0.05277905655887744,-0.0878761294088719,0.11901777230192767,153,0.032679738562091505,0.08106738728267307,-0.1262123405119477,0.1915718176361307,USD_HUF,r2,False,short,510
196,0.02570576181632413,0.07140511612020618,-0.11424826577927998,0.16565978941192824,85,0.03529411764705882,0.10904096681323794,-0.17842617730688753,0.24901441260100515,USD_HUF,r2,True,short,281
126,-0.09523809523809541,0.08903615918110659,-0.26974896723306435,0.07927277675687351,55,-0.01818181818181818,0.13606026860996148,-0.2848599446573427,0.24849630829370634,USD_HUF,r3,False,short,181
73,0.041095890410958597,0.11775157039477283,-0.18969718756279613,0.2718889683847133,32,-0.0625,0.17925416718060672,-0.4138381676739892,0.2888381676739892,USD_HUF,r3,True,short,105
864,0.03766892171477022,0.031210772617701388,-0.0235041926159245,0.09884203604546495,371,0.0157265959343819,0.04768134897531505,-0.0777288480572356,0.1091820399259994,EUR_HUF,s1,False,long,1235
543,0.06525228962827248,0.039070226768191066,-0.011325354837382007,0.14182993409392697,234,-0.018095540611313528,0.06002982684534173,-0.13575400122818332,0.09956292000555625,EUR_HUF,s1,True,long,777
311,0.07327759562742475,0.051944248231579254,-0.028533130906470583,0.1750883221613201,134,0.01899751440134487,0.08049116749296284,-0.1387651738848623,0.17676020268755202,EUR_HUF,s2,False,long,445
205,0.060615991408867115,0.06446805579525448,-0.06574139794983166,0.1869733807675659,88,-0.11179853310800257,0.0972500495720693,-0.3024086302692584,0.07881156405325325,EUR_HUF,s2,True,long,293
96,-0.013864140794264743,0.09475291701207988,-0.1995798581379413,0.17185157654941183,42,0.24179508193834137,0.14103027858955175,-0.03462426409718006,0.5182144279738627,EUR_HUF,s3,False,long,138
68,-0.039467729448140094,0.11224641364642379,-0.25947070019513074,0.18053524129885054,30,0.23387909948388597,0.1690235537548527,-0.09740706587562531,0.5651652648433972,EUR_HUF,s3,True,long,98
884,-0.07460418692259126,0.030469421665316423,-0.13432425338661144,-0.01488412045857107,379,0.1131142192595751,0.0478900631539424,0.01924969547784801,0.2069787430413022,EUR_HUF,r1,False,short,1263
535,-0.07287194757389079,0.03924828259055277,-0.1497985814513742,0.004054686303592639,230,0.1633389942849573,0.06080819076664424,0.044154940382334584,0.28252304818758,EUR_HUF,r1,True,short,765
331,-0.13241285796735527,0.05027222848539887,-0.23094642579873706,-0.03387929013597349,143,0.04665100840498183,0.07818039373634152,-0.10658256331824756,0.1998845801282112,EUR_HUF,r2,False,short,474
201,-0.12780202749517747,0.06464518210330712,-0.2545065844176594,-0.0010974705726955192,87,-0.04034904412978989,0.10174891829703332,-0.2397769239919752,0.1590788357323954,EUR_HUF,r2,True,short,288
126,-0.17883571471243895,0.07992521118107149,-0.33548912862733904,-0.02218230079753883,55,0.11789554568887786,0.12760104375122433,-0.13220250006352183,0.3679935914412775,EUR_HUF,r3,False,short,181
86,-0.1916014106806245,0.09569790634911297,-0.37916930712488595,-0.004033514236363084,37,0.034844555212814765,0.16022709291264428,-0.279200546895968,0.34888965732159755,EUR_HUF,r3,True,short,123
916,-0.016365711137122232,0.02929265622256637,-0.07377931733335232,0.041047895059107845,393,-0.052168931687673996,0.03993417551203897,-0.13043991569127036,0.02610205231592238,EUR_PLN,s1,False,long,1309
599,-0.002377134950040853,0.036094605738450136,-0.07312256219740312,0.06836829229732141,258,-0.06527101442607416,0.049463912222597904,-0.16222028238236605,0.03167825353021772,EUR_PLN,s1,True,long,857
289,0.03629750472071635,0.05296981866380263,-0.06752333986033682,0.1401183493017695,125,-0.011065365415694441,0.06990466160740082,-0.14807850216620005,0.12594777133481116,EUR_PLN,s2,False,long,414
193,0.011412470011072762,0.06462776700303009,-0.11525795331486621,0.13808289333701174,83,-0.07953741656931432,0.08459975843425814,-0.24535294310046027,0.08627810996183163,EUR_PLN,s2,True,long,276
87,0.041358639907779875,0.09465843195546146,-0.1441718867249246,0.22688916654048435,38,-0.029535672444653768,0.13174436854388882,-0.28775463479067587,0.22868328990136833,EUR_PLN,s3,False,long,125
62,0.0631371547387677,0.10908513693936997,-0.15066971366239745,0.2769440231399328,27,-0.20017787110507665,0.1535030518741571,-0.5010438527784246,0.10068811056827129,EUR_PLN,s3,True,long,89
856,-0.002686078458836754,0.0305412723089203,-0.06254697218432054,0.057174815266647035,368,0.2108426625841103,0.040207552656640055,0.13203585937709578,0.2896494657911248,EUR_PLN,r1,False,short,1224
523,0.03969639045857219,0.0390354220081241,-0.036813036677351044,0.11620581759449543,225,0.1988941818062054,0.05150605900211458,0.09794230616206084,0.29984605745035,EUR_PLN,r1,True,short,748
331,-0.051053060524653825,0.04998718846998204,-0.14902794992581864,0.04692182887651098,143,0.2108762777120894,0.06608622319675636,0.08134728024644691,0.3404052751777319,EUR_PLN,r2,False,short,474
210,-0.010989508576143166,0.061803297026190675,-0.1321239707474769,0.11014495359519055,90,0.34312269952098157,0.07652088256801096,0.1931417696876801,0.49310362935428304,EUR_PLN,r2,True,short,300
109,-0.14875289457626234,0.08556206861813612,-0.3164545490678091,0.01894875991528444,47,0.009953936151757709,0.11770455941805624,-0.22074700030763253,0.24065487261114796,EUR_PLN,r3,False,short,156
67,-0.15786469191585598,0.10393283428515863,-0.3615730471147669,0.04584366328305495,30,0.016048290076855525,0.1410108203206326,-0.26033291775158435,0.29242949790529543,EUR_PLN,r3,True,short,97
824,0.13107068988535817,0.031653799260078774,0.06902924333560377,0.19311213643511255,354,-0.05245414846004355,0.048907509132174905,-0.14831286635910634,0.043404569439019255,EUR_SEK,s1,False,long,1178
482,0.16193048548942032,0.04116525271018869,0.08124659017745049,0.24261438080139014,208,-0.06259875545221397,0.0641367888448729,-0.18830686158816484,0.06310935068373691,EUR_SEK,s1,True,long,690
308,0.13363162823837008,0.051735167122320826,0.03223070067862126,0.23503255579811888,132,-0.03293200734951801,0.08172236735751395,-0.19310784737024536,0.12724383267120934,EUR_SEK,s2,False,long,440
196,0.20459906258483943,0.06448544750246843,0.07820758548000131,0.3309905396896775,85,-0.04407368339823193,0.10203578890938145,-0.24406382966061957,0.15591646286415572,EUR_SEK,s2,True,long,281
89,0.1222248432582214,0.09168872033161285,-0.05748504859173979,0.3019347351081826,39,0.010739308793363548,0.14544731803825542,-0.2743374345616171,0.29581605214834417,EUR_SEK,s3,False,long,128
57,0.1960751176144977,0.1124968464541662,-0.024418701435668044,0.41656893666466344,25,-0.015931354011218864,0.17783117300335385,-0.3644804530977924,0.3326177450753547,EUR_SEK,s3,True,long,82
833,-0.09668816075691916,0.03207321374154512,-0.1595516596903476,-0.033824661823490726,358,0.07112387150919787,0.049695843495863465,-0.026279981742694525,0.16852772476109026,EUR_SEK,r1,False,short,1191
482,-0.09067712908996692,0.042081423212814204,-0.17315671858708276,-0.008197539592851077,208,0.05954022317624962,0.06471815721471637,-0.06730736496459444,0.1863878113170937,EUR_SEK,r1,True,short,690
343,-0.007912446301005419,0.05069148146458954,-0.1072677499716009,0.09144285736959007,147,-0.0066973715724177214,0.0792540574018245,-0.16203532407999374,0.14864058093515828,EUR_SEK,r2,False,short,490
203,-0.0736185890387826,0.06561278726535387,-0.20221965207887618,0.05498247400131098,87,0.12085503502938864,0.1021519822587369,-0.07936285019773566,0.32107292025651296,EUR_SEK,r2,True,short,290
125,0.05761850351477656,0.08421259698190031,-0.10743818656974805,0.22267519359930119,54,-0.2106800750060878,0.127490682666971,-0.460561813033351,0.039201663021175365,EUR_SEK,r3,False,short,179
79,0.09739389318233949,0.10546841221394901,-0.10932419475700056,0.30411198112167953,35,-0.06790640143796406,0.1581246241950374,-0.37783066486023736,0.24201786198430925,EUR_SEK,r3,True,short,114
890,0.011070607779632988,0.03330340556617,-0.054204067130060214,0.0763452826893262,382,-0.05607788575371302,0.04931454004979808,-0.15273438425131725,0.04057861274389121,NZD_CAD,s1,False,long,1272
464,0.02197297735420647,0.046029360745266056,-0.06824456970651499,0.11219052441492794,200,-0.07794983227632787,0.067611970325207,-0.21046929411373358,0.05456962956107783,NZD_CAD,s1,True,long,664
368,0.003680824339307049,0.051776265800617345,-0.09780065662990294,0.10516230530851704,159,0.0710765062261892,0.07744702434947333,-0.08071966149877853,0.22287267395115695,NZD_CAD,s2,False,long,527
205,-0.014321138797467076,0.06949717001842876,-0.15053559203358743,0.12189331443865328,89,0.07675849602966044,0.10499250843302563,-0.12902682049906977,0.2825438125583907,NZD_CAD,s2,True,long,294
109,-0.03059567210085754,0.0952719386728763,-0.21732867189969507,0.15613732769798,48,-0.15110067626000936,0.14018246799699874,-0.42585831353412684,0.12365696101410814,NZD_CAD,s3,False,long,157
60,0.027751195683442132,0.12789830549049627,-0.22292948307793053,0.2784318744448148,27,-0.16260307741225247,0.19036045935579135,-0.5357095777496035,0.21050342292509858,NZD_CAD,s3,True,long,87
868,-0.02254588960887205,0.03361982536362205,-0.08844074732157126,0.04334896810382716,373,0.1097585101006593,0.05050394447752676,0.010770778924706848,0.20874624127661176,NZD_CAD,r1,False,short,1241
450,-0.02100832921816674,0.04667594411684586,-0.11249317968718463,0.07047652125085115,193,0.10953181344189371,0.06976895117453094,-0.027215330860186945,0.24627895774397435,NZD_CAD,r1,True,short,643
357,-0.0030945831147868898,0.052313481041620556,-0.10562900595636318,0.09943983972678941,153,0.12119733517961495,0.07935242933524063,-0.03433342631745667,0.2767280966766866,NZD_CAD,r2,False,short,510
201,-0.01863570047094925,0.06971184246903539,-0.1552709117102586,0.1179995107683601,87,0.11278833981820538,0.10537191774044706,-0.09374061895307084,0.3193172985894816,NZD_CAD,r2,True,short,288
113,-0.0071468920022366746,0.09434317986699157,-0.19205952454154016,0.1777657405370668,49,-0.11649988650751703,0.13981306361429335,-0.39053349119153197,0.15753371817649792,NZD_CAD,r3,False,short,162
57,-0.08434383853074989,0.13274469588438434,-0.3445234424641432,0.1758357654026434,25,-0.12,0.20264912204760885,-0.5171922792133133,0.27719227921331335,NZD_CAD,r3,True,short,82
907,0.0030209318320464176,0.03292002179639168,-0.061502310888881286,0.06754417455297412,389,-0.0343403466990556,0.04942738821918957,-0.13121802760866716,0.06253733421055596,NZD_CHF,s1,False,long,1296
487,0.007409050537541271,0.04486730547060666,-0.08053086818484778,0.09534896925993033,209,-0.1006263647799563,0.06698571046297212,-0.23191835728738164,0.030665627727469044,NZD_CHF,s1,True,long,696
370,0.019337029527050995,0.051507880021927924,-0.08161841531592774,0.12029247437002973,159,0.0490666915421517,0.07739687346500752,-0.10263118044926303,0.20076456353356645,NZD_CHF,s2,False,long,529
202,0.14201078364405267,0.06923350592777769,0.006313112025608414,0.27770845526249693,87,0.11427387178620356,0.10505723298929256,-0.09163830487280987,0.320186048445217,NZD_CHF,s2,True,long,289
125,-0.04423709749043851,0.0882191428244203,-0.2171466174263023,0.12867242244542526,55,-0.16696859226879016,0.12660987115578082,-0.41512393973412054,0.08118675519654026,NZD_CHF,s3,False,long,180
66,-0.08721761723651193,0.1205288660279112,-0.3234541946512179,0.149018960178194,29,-0.23044171773547104,0.18209992611387169,-0.5873575729186595,0.1264741374477175,NZD_CHF,s3,True,long,95
846,0.015543926208931306,0.0341891019931285,-0.05146671369760056,0.08255456611546316,363,-0.0029536628425707633,0.05169406183024539,-0.10427402402985173,0.09836669834471021,NZD_CHF,r1,False,short,1209
485,0.0329673939444188,0.045168243728235934,-0.05556236376292364,0.12149715165176123,208,-0.004466743355133919,0.06891846531554612,-0.1395469353736043,0.13061344866333646,NZD_CHF,r1,True,short,693
338,0.04122441626867655,0.05413560314172892,-0.06488136588911213,0.14733019842646522,145,0.09057105252042302,0.0814358547828695,-0.06904322285400119,0.25018532789484726,NZD_CHF,r2,False,short,483
185,-0.046299594319416146,0.07335193006487353,-0.19006937724656825,0.09747018860773597,80,0.051660032693266876,0.10853447109801148,-0.1610675306588356,0.2643875960453694,NZD_CHF,r2,True,short,265
105,0.06233668691663855,0.09669507315549092,-0.12718565646812366,0.2518590303014008,46,0.39130434782608675,0.1371844587385418,0.12242280869854483,0.6601858869536287,NZD_CHF,r3,False,short,151
60,0.0049473209800506845,0.1284920168177648,-0.2468970319827683,0.25679167394286967,26,0.5384615384615384,0.16853001769389728,0.2081427037814998,0.8687803731415771,NZD_CHF,r3,True,short,86
829,0.09101570088664425,0.03337817664041003,0.02559447467144059,0.15643692710184792,356,0.027536985644182492,0.05229538431435199,-0.0749619676119474,0.1300359389003124,EUR_NOK,s1,False,long,1185
490,0.05223755011548005,0.04365626394604794,-0.03332872721877392,0.13780382744973402,211,0.03548086171177966,0.06820019934848087,-0.09819152901124284,0.16915325243480217,EUR_NOK,s1,True,long,701
308,0.1823434217226831,0.05476620041573751,0.0750016689078376,0.2896851745375286,132,0.02926598491674255,0.08605997128610891,-0.13941155880403092,0.197943528637516,EUR_NOK,s2,False,long,440
184,0.1482684426246594,0.07184980943975934,0.007442816122731094,0.28909406912658775,79,0.0976705314441908,0.1106235075076112,-0.11915154327072713,0.31449260615910873,EUR_NOK,s2,True,long,263
98,0.1647677635850867,0.09620588978159389,-0.0237957803868373,0.3533313075570107,42,0.038071007155914535,0.15486291740767447,-0.2654603109631274,0.3416023252749565,EUR_NOK,s3,False,long,140
64,0.1286361138740108,0.12003342553264555,-0.10662940016997446,0.3639016279179961,28,-0.07142857142857142,0.19195851781663212,-0.4476672663491704,0.3048101234920275,EUR_NOK,s3,True,long,92
834,-0.05335531024186333,0.033706865384414086,-0.11942076639531493,0.012710145911588276,358,0.05425486471466472,0.05158806990225239,-0.046857752293749964,0.1553674817230794,EUR_NOK,r1,False,short,1192
487,-0.06205225776286112,0.04408199906642271,-0.14845297593304962,0.024348460407327396,209,0.02293475966197503,0.0675586643032281,-0.10948022237235205,0.1553497416963021,EUR_NOK,r1,True,short,696
350,-0.03530937441900794,0.05212787843822255,-0.13748001615792413,0.06686126731990827,150,-0.058003277705400036,0.08038800555250147,-0.21556376858830292,0.09955721317750285,EUR_NOK,r2,False,short,500
197,0.02696529609893779,0.06962754114655395,-0.10950468454830796,0.16343527674618355,85,0.027053039343411685,0.10576738452600316,-0.18025103432755452,0.2343571130143779,EUR_NOK,r2,True,short,282
123,-0.013677085803509223,0.08721452022062252,-0.18461754543592934,0.15726337382891092,53,-0.1212363589138684,0.1365685441527543,-0.38891070545326684,0.14643798762553,EUR_NOK,r3,False,short,176
74,-0.04066928353062727,0.11289097865652903,-0.2619356016974242,0.18059703463616963,33,-0.19471294007378867,0.17114238486841143,-0.5301520144158751,0.14072613426829775,EUR_NOK,r3,True,short,107
802,-0.0748129675810474,0.03523424413695104,-0.14387208608947144,-0.005753849072623371,345,-0.07246376811594203,0.05377464287207046,-0.17786206814520014,0.03293453191331608,USD_ZAR,s1,False,long,1147
412,0.0,0.04932636236669901,-0.09667967023873006,0.09667967023873006,177,-0.1412429378531073,0.07462217074378705,-0.2875023925109299,0.005016516804715321,USD_ZAR,s1,True,long,589
338,-0.005917159763313609,0.05447251742811677,-0.11268329392242248,0.10084897439579525,146,-0.12328767123287679,0.08241192373227912,-0.28481504174814387,0.038239699282390294,USD_ZAR,s2,False,long,484
180,0.11111111111111117,0.07428069671831952,-0.0344790544567951,0.25670127667901743,78,-1.4233628520835341e-16,0.11396057645963792,-0.22336272986089045,0.22336272986089017,USD_ZAR,s2,True,long,258
98,-0.24489795918367357,0.09844277156856011,-0.43784579145805136,-0.05195012690929576,43,-0.023255813953488372,0.15426161815606512,-0.325608585539376,0.2790969576323993,USD_ZAR,s3,False,long,141
54,-0.18518518518518537,0.13498472640279113,-0.449755248934656,0.07938487856428525,24,-0.16666666666666666,0.20559798491465375,-0.569638717099388,0.23630538376605467,USD_ZAR,s3,True,long,78
793,0.006305170239596509,0.03553274639965697,-0.06333901270373116,0.07594935318292417,341,0.11436950146627566,0.053876755250084576,0.008771061176109887,0.2199679417564414,USD_ZAR,r1,False,short,1134
407,0.11056511056511062,0.049324884464165386,0.01388833701534646,0.20724188411487476,175,0.005714285714285714,0.07580856663669487,-0.14287050489363623,0.15429907632220768,USD_ZAR,r1,True,short,582
354,-0.050847457627118585,0.053155779829932054,-0.1550327860937854,0.05333787083954824,152,0.14473684210526316,0.08052194166593123,-0.013086163559962033,0.3025598477704884,USD_ZAR,r2,False,short,506
179,0.016759776536312967,0.07494264135835213,-0.1301278005260572,0.16364735359868315,77,0.19480519480519481,0.11251028818903804,-0.025714970045319724,0.4153253596557094,USD_ZAR,r2,True,short,256
135,-0.22962962962962963,0.08407842080312555,-0.3944233344037557,-0.06483592485550355,58,0.2413793103448276,0.12853670569601286,-0.010552632819357616,0.49331125350901284,USD_ZAR,r3,False,short,193
73,-0.2054794520547945,0.11533635561931588,-0.43153870906865366,0.020579804959064613,32,0.0625,0.17925416718060672,-0.2888381676739892,0.4138381676739892,USD_ZAR,r3,True,short,105
826,0.044415742116164406,0.034722345233986,-0.02364005454244815,0.11247153877477696,355,0.02175774169359695,0.05306760112041495,-0.08225475650241634,0.12577023988961025,USD_NOK,s1,False,long,1181
461,0.03253796095444678,0.04660055236416724,-0.058799121679321005,0.12387504358821458,199,0.005025125628140704,0.07106600815945201,-0.13426425036438525,0.14431450162066664,USD_NOK,s1,True,long,660
310,0.05935142589689147,0.056597236847431356,-0.05157915832407398,0.17028201011785693,134,0.03525371866587251,0.0863574915168039,-0.13400696470706314,0.20451440203880816,USD_NOK,s2,False,long,444
182,0.09077282946375224,0.07364423102441585,-0.05356986334410281,0.2351155222716073,78,-0.02564102564102564,0.11392310791466345,-0.24893031715376598,0.19764826587171472,USD_NOK,s2,True,long,260
93,0.24731182795698936,0.10101855510534409,0.04931545995051495,0.44530819596346377,40,0.2,0.15689290811054724,-0.10751009989667254,0.5075100998966726,USD_NOK,s3,False,long,133
56,0.21428571428571427,0.13170777796132696,-0.04386153051848654,0.4724329590899151,24,0.08333333333333333,0.20778914433245896,-0.3239333895582862,0.49060005622495284,USD_NOK,s3,True,long,80
849,-0.045252855849498716,0.034182792301601296,-0.11225112876063725,0.02174541706163982,365,-0.06659474655625283,0.05205959742808083,-0.16863155751529124,0.03544206440278559,USD_NOK,r1,False,short,1214
463,-0.07726034054977322,0.046218361164890885,-0.16784832843295935,0.013327647333412906,199,-0.10078233131356161,0.07043945433035241,-0.23884366180105232,0.037278999173929114,USD_NOK,r1,True,short,662
354,0.00781813689347365,0.05296471872689097,-0.09599271181123266,0.11162898559817995,153,0.02614249131310152,0.08081739580740971,-0.13225960446942153,0.18454458709562455,USD_NOK,r2,False,short,507
200,0.059659516956838174,0.07032478064470338,-0.07817705310678046,0.1974960870204568,86,0.05813722291749457,0.1076482374268636,-0.15285332243915808,0.2691277682741472,USD_NOK,r2,True,short,286
128,0.03167510937356378,0.08799714779756013,-0.14079930030965407,0.2041495190567816,55,0.2727272727272727,0.1309240545132901,0.01611612588122413,0.5293384195733213,USD_NOK,r3,False,short,183
75,0.18771238666372117,0.11339435739173734,-0.034540553824084,0.40996532715152634,33,0.09090909090909091,0.17604469755488258,-0.25413851629847894,0.4359566981166608,USD_NOK,r3,True,short,108
