tr_n,tr_mean_r,tr_se_r,tr_ci_low_r,tr_ci_high_r,te_n,te_mean_r,te_se_r,te_ci_low_r,te_ci_high_r,pair,pattern,strict,direction,total_n
546,0.01145958737196576,0.0410796290991785,-0.0690564856624241,0.09197566040635562,235,-0.08701987673306334,0.06291960771175907,-0.21034230784811112,0.03630255438198443,EUR_USD,hammer,False,long,781
168,0.07479376162942139,0.07290664265061116,-0.06810325796577646,0.21769078122461924,72,-0.13254521769694597,0.11305550926896467,-0.35413401586411675,0.08904358047022479,EUR_USD,hammer,True,long,240
527,-0.0277147429707089,0.04185992322995054,-0.10976019250141196,0.054330706559994155,227,-0.021660664737910302,0.0650559756366181,-0.14917037698568178,0.10584904750986117,EUR_USD,shooting_star,False,short,754
169,-0.0347879614424616,0.07556510414268089,-0.18289556556211614,0.11331964267719294,73,0.05791267039516128,0.11498405768662714,-0.16745608267062795,0.2832814234609505,EUR_USD,shooting_star,True,short,242
318,0.03340722748093165,0.05388538623187941,-0.07220812953355199,0.1390225844954153,137,-0.013913155031835833,0.08254845786253595,-0.1757081324424063,0.14788182237873465,EUR_USD,bull_engulf,False,long,455
121,-0.03398213064896243,0.08703804007798965,-0.20457668920182215,0.13661242790389727,53,-0.0583441975844862,0.13591623455880725,-0.32474001731974844,0.20805162215077602,EUR_USD,bull_engulf,True,long,174
322,-0.004334910278125489,0.05421333502609263,-0.11059304692926704,0.10192322637301605,138,-0.07459910755996974,0.08136017233618731,-0.23406504533889685,0.08486683021895738,EUR_USD,bear_engulf,False,short,460
125,0.07715191464923805,0.08716239219935434,-0.09368637406149645,0.24799020335997257,55,-0.28845164752095587,0.12477757013597629,-0.5330156849874694,-0.04388761005444233,EUR_USD,bear_engulf,True,short,180
538,-0.058928682681509206,0.0425800937961558,-0.14238566652197457,0.024528301158956156,231,-0.041289327785056076,0.06428159137902943,-0.16728124688795376,0.0847025913178416,GBP_USD,hammer,False,long,769
158,-0.038197780268244955,0.07880710749705318,-0.1926597109624692,0.11626415042597928,69,0.011882632530466754,0.11750839605289433,-0.21843382373320613,0.24219908879413965,GBP_USD,hammer,True,long,227
484,0.013653173121155803,0.04509341372298302,-0.07472991777589091,0.10203626401820251,208,-0.06039394553280579,0.0678044163657541,-0.1932906016096838,0.07250271054407224,GBP_USD,shooting_star,False,short,692
148,0.0945945945945946,0.08210876570709165,-0.06633858619130503,0.2555277753804942,64,-0.10847584197451364,0.12179079476754102,-0.347185799718894,0.13023411576986677,GBP_USD,shooting_star,True,short,212
312,0.017089602598523844,0.05588180328475741,-0.09243873183960069,0.12661793703664836,134,0.10217849039925919,0.08469239633944378,-0.06381860642605061,0.268175587224569,GBP_USD,bull_engulf,False,long,446
130,0.17048105688878717,0.08561384594746249,0.0026779188317606895,0.33828419494581363,56,0.171502819580653,0.13073958436019992,-0.08474676576533885,0.42775240492664485,GBP_USD,bull_engulf,True,long,186
336,0.06041616906700049,0.053979561334919705,-0.045383771149442136,0.1662161092834431,144,-0.016903653261570777,0.08128862813098832,-0.1762293643983079,0.14242205787516632,GBP_USD,bear_engulf,False,short,480
139,-0.006048353601740289,0.08438534681505797,-0.1714436333592539,0.15934692615577334,60,-0.1404081775590847,0.12544065004782548,-0.38627185165282263,0.10545549653465325,GBP_USD,bear_engulf,True,short,199
530,-0.016205333749185136,0.0433998857433425,-0.10126910980613643,0.06885844230776617,228,0.10142113941355668,0.06579552921325302,-0.02753809784441924,0.2303803766715326,AUD_USD,hammer,False,long,758
169,0.11759795561378476,0.07638979849047346,-0.03212604942754323,0.26732196065511277,73,-0.032172199383027254,0.1170784828547489,-0.26164602577833507,0.19730162701228057,AUD_USD,hammer,True,long,242
547,-0.022086582980867395,0.04260023381617968,-0.10558304126057956,0.06140987529884477,235,-0.01125865258624239,0.06510164861085245,-0.1388578838635132,0.1163405786910284,AUD_USD,shooting_star,False,short,782
189,-0.029903150295687627,0.07211335776769817,-0.17124533152037605,0.11143903092900079,82,0.07317073170731707,0.11081326992011314,-0.1440232773361047,0.2903647407507388,AUD_USD,shooting_star,True,short,271
321,-0.018782668454991106,0.055633920889568284,-0.12782515339854494,0.09025981648856272,138,0.010785426357360633,0.08485327946361648,-0.15552700139132766,0.17709785410604892,AUD_USD,bull_engulf,False,long,459
136,-0.0011087829609852792,0.08544079578223143,-0.16857274269415887,0.16635517677218833,59,-0.17501813497620822,0.12826572372944786,-0.426418953485926,0.07638268353350958,AUD_USD,bull_engulf,True,long,195
322,-0.0009233343309819967,0.0554548862442034,-0.10961491136962068,0.10776824270765667,138,-0.014492753623188406,0.08542679284030948,-0.18192926759019498,0.15294376034381815,AUD_USD,bear_engulf,False,short,460
144,-0.11817317205477854,0.08209278561439848,-0.2790750318589995,0.04272868774944247,63,0.1746031746031746,0.1250492632872556,-0.07049338143984638,0.4196997306461956,AUD_USD,bear_engulf,True,short,207
513,0.024100442741064477,0.04274665943247507,-0.05968300974658666,0.10788389522871561,220,0.09197839105006178,0.06244522349909406,-0.030414247008162573,0.21437102910828615,USD_CAD,hammer,False,long,733
172,-0.009364685984501674,0.0747182191920112,-0.15581239560084365,0.13708302363184027,75,0.3036485536743922,0.1023028446816575,0.10313497809834352,0.5041621292504409,USD_CAD,hammer,True,long,247
534,-0.06162841387355374,0.04139677050261767,-0.14276608405868438,0.019509256311576885,230,-0.11701300646553263,0.060433329679660454,-0.2354623326376671,0.0014363197066018518,USD_CAD,shooting_star,False,short,764
179,0.00564230807611876,0.07302920541540077,-0.13749493453806674,0.14877955069030427,78,-0.05649325033656174,0.10708476689467465,-0.26637939345012407,0.15339289277700058,USD_CAD,shooting_star,True,short,257
340,0.05696081782544946,0.05229436799808558,-0.04553614345079827,0.1594577791016972,147,0.09127134629517798,0.07534587545517855,-0.056406569596971975,0.23894926218732793,USD_CAD,bull_engulf,False,long,487
146,0.10548778730002081,0.0799845117015929,-0.051281855635101264,0.2622574302351429,63,0.14191100027485307,0.11382451439841364,-0.08118504794603765,0.3650070484957438,USD_CAD,bull_engulf,True,long,209
323,0.02914358178789962,0.053808723213858406,-0.07632151571126285,0.13460867928706208,139,-0.12643426641661937,0.07653008380563305,-0.27643323067566017,0.023564697842421406,USD_CAD,bear_engulf,False,short,462
146,0.20557943041796767,0.07787100612352882,0.05295225841585119,0.3582066024200842,63,-0.18455328450740718,0.1120527660674225,-0.40417670599955524,0.0350701369847409,USD_CAD,bear_engulf,True,short,209
550,-0.040977176352145935,0.04101393037545636,-0.12136447988804039,0.039410127183748526,237,-0.09285176746112711,0.06392080062413671,-0.21813653668443506,0.032433001762180835,USD_CHF,hammer,False,long,787
183,-0.06607426215936192,0.07030039363266552,-0.20386303367938635,0.0717145093606625,79,-0.03019070521038245,0.11256378247912412,-0.25081571886946574,0.19043430844870082,USD_CHF,hammer,True,long,262
496,0.06859643912002915,0.043985875562869425,-0.017615876983194917,0.1548087552232532,214,0.09846036852119344,0.0671960836481726,-0.03324395542922487,0.23016469247161175,USD_CHF,shooting_star,False,short,710
170,0.08416502629830669,0.07531205745616215,-0.06344660631577112,0.2317766589123845,74,-0.13513513513513514,0.11596754950286203,-0.36243153216074475,0.09216126189047444,USD_CHF,shooting_star,True,short,244
309,-0.07606337757948602,0.05534953154236026,-0.18454845940251213,0.0324217042435401,133,-0.010544167031336815,0.08585332784427206,-0.17881668960611005,0.15772835554343642,USD_CHF,bull_engulf,False,long,442
134,-0.007306550901597635,0.08447550856469119,-0.17287854768839234,0.1582654458851971,58,0.050777870691898756,0.1311375441708055,-0.20625171588288,0.3078074572666775,USD_CHF,bull_engulf,True,long,192
299,0.06264439790090208,0.05594026298573473,-0.046998517551137986,0.17228731335294215,129,0.011869675682149429,0.08643026471883977,-0.15753364316677654,0.18127299453107537,USD_CHF,bear_engulf,False,short,428
121,0.0603350383139529,0.08899433479100195,-0.11409385787641094,0.23476393450431673,52,0.03221076837707716,0.13442990075112446,-0.23127183709512678,0.29569337384928107,USD_CHF,bear_engulf,True,short,173
519,0.006384664963579553,0.04391418752953786,-0.07968714259431466,0.09245647252147375,223,-0.05829596412556054,0.0670014649754681,-0.18961883547747801,0.07302690722635694,NZD_USD,hammer,False,long,742
167,0.017964071856287425,0.07760252806566795,-0.13413688315242175,0.1700650268649966,72,-0.05555555555555555,0.11849487896742977,-0.2878055183317179,0.1766944072206068,NZD_USD,hammer,True,long,239
527,-0.05502846299810247,0.043536005558182565,-0.1403590338921403,0.030302107895935355,226,0.0,0.06666666666666668,-0.13066666666666668,0.13066666666666668,NZD_USD,shooting_star,False,short,753
177,0.005649717514124294,0.07537663313065726,-0.14208848342196392,0.15338791845021252,76,-0.02631578947368421,0.11543006420769106,-0.2525587153207587,0.19992713637339027,NZD_USD,shooting_star,True,short,253
303,0.11551155115511551,0.057158345225982926,0.0034811945121889787,0.22754190779804204,130,-0.2,0.08626621856275074,-0.36908178838299144,-0.030918211617008556,NZD_USD,bull_engulf,False,long,433
129,0.16279069767441862,0.08720930232558138,-0.008139534883720906,0.3337209302325581,56,-0.17857142857142858,0.1326726830071908,-0.4386098872655225,0.08146703012266535,NZD_USD,bull_engulf,True,long,185
320,0.01875,0.05597940836988192,-0.09096964040496855,0.12846964040496855,138,0.057971014492753624,0.08529208559302492,-0.10920147326957522,0.22514350225508248,NZD_USD,bear_engulf,False,short,458
134,0.14925373134328357,0.08573974099310491,-0.018796161003202055,0.31730362368976917,58,-0.034482758620689655,0.13237446481895077,-0.2939367096658332,0.22497119242445385,NZD_USD,bear_engulf,True,short,192
458,-0.004366812227074282,0.0467775809641277,-0.09605087091676458,0.087317246462616,197,0.03083403239401626,0.0712140043844365,-0.10874541619947926,0.1704134809875118,USD_SEK,hammer,False,long,655
130,-0.07692307692307693,0.08778421571653164,-0.24898013972747893,0.09513398588132507,57,0.15789473684210525,0.1319543516901071,-0.10073579247050468,0.4165252661547152,USD_SEK,hammer,True,long,187
450,-0.017296534966731718,0.04709187132681061,-0.1095966027672805,0.07500353283381708,193,0.07772020725388601,0.07195048823469152,-0.06330274968610938,0.2187431641938814,USD_SEK,shooting_star,False,short,643
128,-0.05145768038738155,0.08832986088639234,-0.22458420772471055,0.12166884694994745,56,0.21428571428571427,0.13170777796132696,-0.04386153051848654,0.4724329590899151,USD_SEK,shooting_star,True,short,184
276,0.1174757203723186,0.059674196751052136,0.0005142947402564102,0.2344371460043808,119,-0.07563025210084033,0.09179380287080623,-0.25554610572762054,0.10428560152593987,USD_SEK,bull_engulf,False,long,395
117,0.23438716942529852,0.08947810235094243,0.05901008881745137,0.40976425003314565,51,-0.058823529411764705,0.1411764705882353,-0.3355294117647059,0.21788235294117647,USD_SEK,bull_engulf,True,long,168
326,-0.014562721682270298,0.055098864088446574,-0.12255649529562558,0.09343105193108499,140,-0.0361587826792387,0.0844609375528059,-0.20170222028273824,0.12938465492426085,USD_SEK,bear_engulf,False,short,466
125,-0.08891744163737905,0.08852569439763137,-0.26242780265673654,0.08459291938197844,55,-0.001131446819880345,0.13484471941356993,-0.26542709687047744,0.2631642032307167,USD_SEK,bear_engulf,True,short,180
492,-0.03263355921689723,0.04440692843392302,-0.11967113894738635,0.05440402051359189,211,0.05233182325616907,0.06850767294028173,-0.08194321570678313,0.18660686221912126,AUD_CHF,hammer,False,long,703
147,-0.03382539897838943,0.08133080721848998,-0.19323378112662978,0.12558298316985092,64,0.2366398840379368,0.12141394928250797,-0.0013314565557788205,0.4746112246316524,AUD_CHF,hammer,True,long,211
470,0.007720494196294437,0.04557390864288771,-0.08160436674376548,0.09704535513635434,202,0.02773200804221635,0.06988987353476864,-0.10925214408593018,0.16471616017036286,AUD_CHF,shooting_star,False,short,672
155,0.027725754285950636,0.08031393947812683,-0.12968956709117793,0.18514107566307922,67,-0.038592392004721206,0.12239436700661768,-0.27848535133769187,0.20130056732824944,AUD_CHF,shooting_star,True,short,222
290,-0.08123841021547751,0.057724127744298956,-0.19437770059430345,0.03190088016334844,125,0.04541843001144851,0.08734432746959063,-0.12577645182894912,0.21661331185184615,AUD_CHF,bull_engulf,False,long,415
112,-0.1833614802678621,0.09101923994288877,-0.3617591905559241,-0.004963769979800109,48,0.23348335782286034,0.1368472139152449,-0.03473718145101967,0.5017038970967403,AUD_CHF,bull_engulf,True,long,160
294,0.006873205154901907,0.05705550273964945,-0.10495558021481101,0.11870199052461482,126,0.1497116198321293,0.08808166404499612,-0.02292844169606309,0.32235168136032166,AUD_CHF,bear_engulf,False,short,420
119,-0.09281539494242651,0.08849811709599903,-0.2662717044505846,0.0806409145657316,52,0.2089166172855441,0.13558012819934537,-0.05682043398517281,0.474653668556261,AUD_CHF,bear_engulf,True,short,171
465,-0.08408560407538501,0.04315283189753979,-0.168665154594563,0.0004939464437929697,200,0.0848296911225937,0.05909019840431061,-0.0309870977498551,0.20064647999504248,AUD_NZD,hammer,False,long,665
144,-0.10626860185710518,0.07678106336021476,-0.2567594860431261,0.04422228232891573,62,0.036397413990519455,0.1061047805281425,-0.17156795584463982,0.24436278382567875,AUD_NZD,hammer,True,long,206
471,0.1919090078578647,0.04192268921613891,0.10974053699423242,0.27407747872149696,203,-0.14892067285055363,0.059515648662787364,-0.26557134422961687,-0.032270001471490395,AUD_NZD,shooting_star,False,short,674
130,0.16201914174288934,0.08212121196930613,0.00106156628304932,0.32297671720272936,56,-0.16425073934196632,0.11415486493258512,-0.38799427460983316,0.05949279592590051,AUD_NZD,shooting_star,True,short,186
320,-0.08064538665938462,0.052218188292693715,-0.1829930357130643,0.02170226239429507,138,0.09872194239795924,0.0690039369320015,-0.03652577398876371,0.23396965878468218,AUD_NZD,bull_engulf,False,long,458
132,-0.06234749144186035,0.08206105055189587,-0.22318715052357627,0.09849216763985555,57,0.01730496552407932,0.10840963030935817,-0.1951779098822627,0.22978784093042132,AUD_NZD,bull_engulf,True,long,189
302,-0.06384681280605697,0.05380802248862965,-0.16931053688377107,0.041616911271657134,130,-0.14979126606986776,0.07267135710704038,-0.29222712599966694,-0.007355406140068604,AUD_NZD,bear_engulf,False,short,432
120,-0.0695165449154102,0.08616568675716975,-0.2384012909594629,0.0993682011286425,52,-0.27992298342539784,0.11433912943448937,-0.504027677116997,-0.05581828973379868,AUD_NZD,bear_engulf,True,short,172
473,-0.07490923972581888,0.04488233147345347,-0.16287860941378768,0.013060129962149919,204,0.10314102949216171,0.06675714057366793,-0.027702966032227425,0.23398502501655083,AUD_CAD,hammer,False,long,677
147,-0.043685619756439656,0.07949634967808773,-0.19949846512549163,0.1121272256126123,63,0.08563670510379558,0.12359712476808335,-0.1566136594416478,0.3278870696492389,AUD_CAD,hammer,True,long,210
505,0.03855597514939112,0.04345250841840874,-0.04661094135069001,0.12372289164947224,217,-0.1000227627181996,0.0646777932266654,-0.2267912374424638,0.026745712006064598,AUD_CAD,shooting_star,False,short,722
159,0.055238771803745805,0.07776046801325674,-0.0971717455022374,0.20764928910972902,69,0.035485833062808364,0.11658505994032824,-0.193020884420235,0.2639925505458517,AUD_CAD,shooting_star,True,short,228
308,-0.0328848729226006,0.056206204227617546,-0.14304903320873097,0.07727928736352978,132,0.11091334135095293,0.08312581890607115,-0.05201326370494652,0.2738399464068524,AUD_CAD,bull_engulf,False,long,440
112,-0.14234027741264635,0.093113760817938,-0.3248432486158048,0.04016269379051213,48,-0.0032314621291378485,0.14163787813198842,-0.28084170326783514,0.2743787790095595,AUD_CAD,bull_engulf,True,long,160
310,0.05444033071405586,0.0557684970166643,-0.05486592343860617,0.1637465848667179,134,0.043015353954075276,0.08305836713285024,-0.1197790456263112,0.20580975353446174,AUD_CAD,bear_engulf,False,short,444
123,0.026183553072545152,0.08843228181533501,-0.14714371928551145,0.19951082543060178,53,0.10429902919350777,0.13364474611909802,-0.15764467319992437,0.3662427315869399,AUD_CAD,bear_engulf,True,short,176
485,-0.006512135732972809,0.044653176608350595,-0.09403236188533998,0.08100809041939436,208,-0.07644847379801455,0.067110745245644,-0.20798553447947682,0.05508858688344771,EUR_AUD,hammer,False,long,693
159,0.03405282553092423,0.07843822382242442,-0.11968609316102763,0.1877917442228761,69,-0.13807465217411288,0.11702357466051855,-0.3674408585087292,0.09129155416050347,EUR_AUD,hammer,True,long,228
511,-0.08257715324273386,0.042867507846700355,-0.16659746862226654,0.001443162136798834,220,0.17913588375203962,0.064585766603872,0.05254778120845052,0.3057239862956287,EUR_AUD,shooting_star,False,short,731
156,-0.07271962070554458,0.07655770965808253,-0.22277273163538636,0.0773334902242972,67,0.2610064294169647,0.11740755534123319,0.030887620948147676,0.4911252378857818,EUR_AUD,shooting_star,True,short,223
270,-0.10474304366637596,0.05916637431696169,-0.22070913732762087,0.011223049994868936,116,-0.15657931312624174,0.08936214124214233,-0.3317291099608407,0.018570483708357233,EUR_AUD,bull_engulf,False,long,386
110,-0.05698765611585991,0.09320766105809337,-0.2396746717897229,0.1256993595580031,48,-0.3122608831201732,0.13445269316544833,-0.5757881617244519,-0.04873360451589448,EUR_AUD,bull_engulf,True,long,158
311,-0.05589889156922317,0.05519187671240639,-0.1640749699255397,0.05227718678709336,134,0.05888912914029882,0.08330365339126693,-0.10438603150658435,0.22216428978718197,EUR_AUD,bear_engulf,False,short,445
130,-0.0752956599089658,0.08530961314122398,-0.2425025016657648,0.0919111818478332,56,-0.17593859090910363,0.127212471968522,-0.4252750359674068,0.0733978541491995,EUR_AUD,bear_engulf,True,short,186
508,0.04444986949901346,0.04266120975132575,-0.03916610161358501,0.12806584061161191,219,-0.02732749992004811,0.05846418051370778,-0.14191729372691536,0.08726229388681914,EUR_CAD,hammer,False,long,727
156,0.028837584996273424,0.07716820435156715,-0.12241209553279819,0.18008726552534504,67,0.11653577419880073,0.10633065105483558,-0.09187230186867701,0.3249438502662785,EUR_CAD,hammer,True,long,223
532,-0.016890571021009295,0.04122468013148435,-0.09769094407871863,0.06390980203670003,229,-0.03733907006493712,0.05959402229251908,-0.1541433537582745,0.07946521362840028,EUR_CAD,shooting_star,False,short,761
165,-0.010067280853197373,0.07366653583345391,-0.15445369108676704,0.13431912938037227,71,-0.06971852268865958,0.11035381392789392,-0.2860119979873317,0.1465749526100125,EUR_CAD,shooting_star,True,short,236
322,-0.07457413663204349,0.05369208850004577,-0.1798106300921332,0.030662356828046217,139,0.15409714519294027,0.07667129743215824,0.0038214022259101255,0.30437288815997043,EUR_CAD,bull_engulf,False,long,461
137,-0.0897338525894587,0.08236676521227565,-0.25117271240551897,0.07170500722660156,59,0.17964058549381054,0.12108237497805538,-0.05768086946317799,0.4169620404507991,EUR_CAD,bull_engulf,True,long,196
284,0.045748473947960056,0.057662123236306685,-0.06726928759520105,0.15876623549112118,123,-0.25516461428399106,0.07760013667997084,-0.40726088217673395,-0.1030683463912482,EUR_CAD,bear_engulf,False,short,407
123,0.07262266288260907,0.08865638744019155,-0.10114385650016636,0.2463891822653845,53,-0.07277639989332932,0.11947241841746986,-0.3069423399915703,0.1613895402049116,EUR_CAD,bear_engulf,True,short,176
533,-0.032333273258909945,0.035357270301471566,-0.10163352304979421,0.036966976531974324,229,-0.06851130777837734,0.05517328944204828,-0.17665095508479195,0.03962833952803728,EUR_CHF,hammer,False,long,762
143,-0.055817690988031535,0.06623445359462805,-0.18563722003350253,0.07400183805743944,62,-0.09298472841003504,0.10449224416297738,-0.2977895269694707,0.11182007014940061,EUR_CHF,hammer,True,long,205
480,-0.03516922035381851,0.03761727351391737,-0.10889907644109656,0.03856063573345953,207,0.0664794630888562,0.05996288044123185,-0.051047782575958225,0.18400670875367064,EUR_CHF,shooting_star,False,short,687
142,0.0006387822378086973,0.06864684166767014,-0.13390902743082478,0.13518659190644217,62,-0.045369485903432025,0.11512248565516126,-0.2710095577875481,0.18027058598068402,EUR_CHF,shooting_star,True,short,204
269,0.005097454364508585,0.0502334183127095,-0.09336004552840202,0.1035549542574192,116,-0.09402006379592659,0.07987174008329008,-0.2505686743591752,0.06252854676732197,EUR_CHF,bull_engulf,False,long,385
95,-0.006019190487626023,0.08364292977708347,-0.16995933285070963,0.15792095187545757,41,-0.12933832953470925,0.14126155627773743,-0.4062109798390746,0.1475343207696561,EUR_CHF,bull_engulf,True,long,136
275,-0.04201579815267908,0.04824057248248234,-0.13656732021834447,0.05253572391298631,118,0.08662646508884767,0.08029605235231302,-0.07075379752168584,0.24400672769938117,EUR_CHF,bear_engulf,False,short,393
120,-0.03737330228157361,0.07462481154395893,-0.18363793290773311,0.10889132834458588,52,0.05468095543452653,0.12327830464748624,-0.18694452167454648,0.29630643254359956,EUR_CHF,bear_engulf,True,short,172
503,-0.047227005987860726,0.0440333066733682,-0.1335322870676624,0.03907827509194095,216,-0.11189788834122882,0.06470627429263616,-0.2387221859547957,0.014926409272338043,EUR_NZD,hammer,False,long,719
158,-0.10786198704086336,0.07866205292698605,-0.26203961077775606,0.04631563669602931,69,-0.22038807605735497,0.1117346852108596,-0.43938805907063977,-0.001388093044070171,EUR_NZD,hammer,True,long,227
543,0.04463376357670388,0.04218685663898719,-0.03805247543571102,0.12732000258911877,233,0.08800777066008122,0.06341379156722574,-0.03628326081168122,0.21229880213184366,EUR_NZD,shooting_star,False,short,776
169,0.03374318272525132,0.07548525983826006,-0.1142079265577384,0.18169429200824103,73,-0.0462598563523932,0.11505505784367805,-0.27176776972600214,0.17924805702121577,EUR_NZD,shooting_star,True,short,242
338,0.06236825460816503,0.053026105792246085,-0.04156291274463729,0.16629942196096736,145,0.03942395067410792,0.08047088140415154,-0.1182989768780291,0.19714687822624494,EUR_NZD,bull_engulf,False,long,483
126,0.12074839891895586,0.08754109882870668,-0.050832154785309225,0.29232895262322095,55,0.050865274077525585,0.1305706225607154,-0.20505314614147654,0.30678369429652774,EUR_NZD,bull_engulf,True,long,181
278,-0.03989867559120053,0.05903804132790758,-0.1556132365938994,0.07581588541149833,120,-0.012104885292787937,0.08769091086923649,-0.18397907059649146,0.15976930001091558,EUR_NZD,bear_engulf,False,short,398
105,0.029869390214567415,0.09653560380393157,-0.15934039324113847,0.2190791736702733,46,-0.13761308849818346,0.13668415350693994,-0.4055140293717857,0.13028785237541882,EUR_NZD,bear_engulf,True,short,151
385,-0.06831945288671748,0.0392387656998611,-0.14522743365844523,0.008588527885010272,165,-0.08022355937063931,0.053450384977409324,-0.18498631392636158,0.024539195185082963,EUR_CZK,hammer,False,long,550
108,-0.09398387319668314,0.07270011812076732,-0.2364761047133871,0.04850835832002082,47,-0.1868023584617077,0.11108027997435391,-0.40451970721144137,0.03091499028802594,EUR_CZK,hammer,True,long,155
377,0.022640761970952324,0.039116625880266646,-0.054027824754370304,0.09930934869627496,162,0.007783397829414881,0.05020269653846105,-0.09061388738596877,0.10618068304479854,EUR_CZK,shooting_star,False,short,539
107,0.13573825506937076,0.07417834483181647,-0.009651300800989526,0.28112781093973105,47,-0.07697978605967136,0.0885868638382359,-0.2506100391826137,0.096650467063271,EUR_CZK,shooting_star,True,short,154
178,-0.1319983085556257,0.05390431453082,-0.23765076503603288,-0.026345852075218487,77,-0.102169230786459,0.08481931454567453,-0.26841508729598107,0.06407662572306307,EUR_CZK,bull_engulf,False,long,255
58,0.021392552912398635,0.09179645848178376,-0.15852850571189753,0.2013136115366948,25,-0.2714780100584349,0.12657903178757474,-0.5195729123620814,-0.02338310775478844,EUR_CZK,bull_engulf,True,long,83
195,0.08387230872337251,0.0523431796368775,-0.018720323364907393,0.1864649408116524,84,0.0021598118177266644,0.07790173966370179,-0.1505275979231288,0.15484722155858216,EUR_CZK,bear_engulf,False,short,279
60,0.11126394534728656,0.09041754221764794,-0.0659544373993034,0.2884823280938765,27,0.27976554978061474,0.13165159705823068,0.021728419546482636,0.5378026800147468,EUR_CZK,bear_engulf,True,short,87
576,0.010222785273482983,0.041498253331846376,-0.07111379125693591,0.09155936180390188,248,0.12939055719487563,0.0619444533342649,0.007979428659716431,0.2508016857300348,CAD_JPY,hammer,False,long,824
187,-0.034967155815863835,0.0728287898660335,-0.1777115839532895,0.10777727232156183,81,0.23635231864142076,0.10691293171386529,0.02680297248224478,0.44590166480059673,CAD_JPY,hammer,True,long,268
436,0.009183709774693846,0.047565305695832893,-0.08404428938913862,0.10241170893852632,188,-0.06640714984094638,0.07261223748110317,-0.20872713530390857,0.07591283562201583,CAD_JPY,shooting_star,False,short,624
121,0.09353202966179491,0.09014918848280719,-0.08316037976450719,0.270224439088097,52,-0.04777969557880614,0.13740712498722296,-0.31709766055376315,0.2215382693961509,CAD_JPY,shooting_star,True,short,173
317,0.015257547645511736,0.055866409030576054,-0.09424061405441733,0.12475570934544081,136,0.08684262630172963,0.08514742115315349,-0.08004631915845122,0.25373157176191047,CAD_JPY,bull_engulf,False,long,453
128,-0.011780142290542223,0.08814006453858107,-0.18453466878616112,0.16097438420507668,56,0.09195513455796323,0.13308139378374412,-0.16888439725817522,0.3527946663741017,CAD_JPY,bull_engulf,True,long,184
352,0.028849207016392285,0.053144038241919586,-0.0753131079377701,0.13301152197055469,151,-0.009351644761826247,0.08055348567845126,-0.1672364766915907,0.14853318716793823,CAD_JPY,bear_engulf,False,short,503
139,0.11321813432260872,0.08429089621219413,-0.051992022253291775,0.2784282908985092,60,-0.08811138989561064,0.12867904533390964,-0.3403223187500735,0.16409953895885226,CAD_JPY,bear_engulf,True,short,199
538,-0.023737877957988044,0.042476878025731635,-0.10699255888842205,0.059516802972445965,231,-0.09795244586883925,0.06125508076781536,-0.21801240417375736,0.022107512436078863,CAD_CHF,hammer,False,long,769
157,-0.07723524755103273,0.078295120657139,-0.23069368403902518,0.07622318893695973,68,-0.12840600533198043,0.11539920065811028,-0.3545884386218766,0.09777642795791572,CAD_CHF,hammer,True,long,225
419,0.0491393588296802,0.04761876249373156,-0.04419341565803365,0.14247213331739406,180,0.07292594551359577,0.07037528313544705,-0.06500960943188044,0.21086150045907198,CAD_CHF,shooting_star,False,short,599
123,-0.011364805009302079,0.08671405173570845,-0.18132434641129064,0.1585947363926865,54,0.13741900747142927,0.12893152673165878,-0.11528678492262195,0.3901247998654805,CAD_CHF,shooting_star,True,short,177
316,-0.126833013095433,0.0545656430335374,-0.2337816734411663,-0.019884352749699685,136,-0.015684367796659292,0.08139833313604257,-0.17522510074330272,0.14385636514998412,CAD_CHF,bull_engulf,False,long,452
127,-0.15913971155273962,0.08645728033226868,-0.32859598100398624,0.010316557898506995,55,0.07981211738830274,0.1274900713515076,-0.17006842246065218,0.32969265723725766,CAD_CHF,bull_engulf,True,long,182
299,0.06055812048070112,0.057034685131600746,-0.05122986237723635,0.1723461033386386,129,0.1315190082126175,0.08182394039002786,-0.02885591495183709,0.2918939313770721,CAD_CHF,bear_engulf,False,short,428
122,-0.033982024843693844,0.08937420955414338,-0.20915547556981487,0.1411914258824272,53,0.03719391874167342,0.1329629146305791,-0.22341339393426166,0.2978012314176085,CAD_CHF,bear_engulf,True,short,175
666,0.06382604565861408,0.03719510021277267,-0.009076350758420351,0.1367284420756485,286,0.1354848235559441,0.057661342267105835,0.022468592712416663,0.24850105439947154,USD_JPY,hammer,False,long,952
220,-0.05349620723237533,0.06478121602931135,-0.18046739064982556,0.0734749761850749,95,0.27791483142805795,0.09732628748637834,0.0871553079547564,0.4686743549013595,USD_JPY,hammer,True,long,315
441,-0.060365235005850844,0.045615644177837825,-0.14977189759441298,0.029041427582711297,190,-0.08614429305215901,0.07202315882391092,-0.2273096843470244,0.05502109824270637,USD_JPY,shooting_star,False,short,631
131,-0.06722913879996173,0.08577297594263787,-0.23534417164753196,0.1008858940476085,57,0.12280701754385964,0.13261911333657098,-0.13712644459581946,0.38274047968353875,USD_JPY,shooting_star,True,short,188
291,0.14237384216792554,0.05573333575957069,0.033136504079166976,0.2516111802566841,125,0.19447654385761395,0.08696004434027402,0.02403485695067689,0.364918230764551,USD_JPY,bull_engulf,False,long,416
111,0.05088681325076697,0.09133580299613064,-0.1281313606216491,0.22990498712318302,48,0.08266400880355577,0.14200728086399134,-0.19567026168986723,0.3609982792969788,USD_JPY,bull_engulf,True,long,159
309,-0.07591417552347682,0.05466581396856276,-0.1830591709018598,0.03123081985490618,133,-0.13421521128883013,0.08538093610950431,-0.3015618460634586,0.03313142348579831,USD_JPY,bear_engulf,False,short,442
115,-0.06588439200633339,0.08947823379660771,-0.24126173024768452,0.10949294623501774,50,0.04,0.14274281139196338,-0.23977591032824822,0.3197759103282482,USD_JPY,bear_engulf,True,short,165
450,0.042045314786468994,0.045215076951070333,-0.04657623603762886,0.13066686561056684,193,0.031178756665932627,0.059911975533505406,-0.08624871537973797,0.14860622871160323,EUR_GBP,hammer,False,long,643
125,0.13853635290814065,0.08377689886576252,-0.025666368868753897,0.3027390746850352,54,0.0985583100425387,0.12225826097555977,-0.14106788146955843,0.33818450155463586,EUR_GBP,hammer,True,long,179
537,-0.02511445156101348,0.04175081926980645,-0.10694605732983412,0.05671715420780715,231,0.001346563605532046,0.05447838713267073,-0.10543107517450258,0.10812420238556668,EUR_GBP,shooting_star,False,short,768
172,0.026456212137826216,0.07396882139267313,-0.11852267779181312,0.17143510206746554,74,0.013651323256017535,0.09167424836303296,-0.16603020353552708,0.19333285004756215,EUR_GBP,shooting_star,True,short,246
243,-0.007707407206792002,0.06059618709348295,-0.1264759339100186,0.11106111949643459,105,0.11239359483676521,0.07795388845230813,-0.040396026529758725,0.26518321620328916,EUR_GBP,bull_engulf,False,long,348
98,-0.029407971329545264,0.09354066373683273,-0.2127476722537374,0.15393172959464688,42,0.19837658250762016,0.13092074974018025,-0.058228086983133115,0.45498125199837347,EUR_GBP,bull_engulf,True,long,140
270,-0.07300729461480368,0.058648979589096976,-0.18795929460943375,0.04194470537982639,116,-0.14573269956705118,0.07597467106860115,-0.29464305486150943,0.0031776557274070805,EUR_GBP,bear_engulf,False,short,386
99,-0.045827789389258695,0.09573936412787237,-0.23347694307988853,0.14182136430137116,43,-0.015602015938772015,0.13430863601558043,-0.2788469425293097,0.24764291065176564,EUR_GBP,bear_engulf,True,short,142
624,-0.054542395413940715,0.039087528358059974,-0.13115395099573826,0.022069160167856837,268,0.09002958586481319,0.05917181510716842,-0.02594717174523692,0.2060063434748633,EUR_JPY,hammer,False,long,892
211,-0.06467925376888198,0.06646903236252451,-0.19495855719943,0.06560004966166605,91,0.27703104949188007,0.09823899502762169,0.08448261923774156,0.46957947974601855,EUR_JPY,hammer,True,long,302
479,-0.015836570982470096,0.04472795514573163,-0.10350336306810409,0.0718302211031639,206,-0.17117812628629506,0.06734769155938951,-0.3031796017426985,-0.039176650829891635,EUR_JPY,shooting_star,False,short,685
144,-0.0323768637365581,0.08161159286006771,-0.19233558574229082,0.12758185826917462,62,0.0071319228453840195,0.12525483403006854,-0.2383675518535503,0.25263139754431835,EUR_JPY,shooting_star,True,short,206
294,0.009464901634507621,0.05708512236817831,-0.10242193820712187,0.12135174147613711,127,0.11139339594883589,0.08724107168935923,-0.0595991045623082,0.28238589645997997,EUR_JPY,bull_engulf,False,long,421
107,0.02386578816397365,0.09455560626814416,-0.1614632001215889,0.20919477644953619,47,0.264725030203114,0.1408670496350346,-0.011374387081553805,0.5408244474877818,EUR_JPY,bull_engulf,True,long,154
294,-0.020663566934478093,0.05668035111355114,-0.1317570551170383,0.09042992124808213,126,-0.15133778074074106,0.08719161278674586,-0.322233341802763,0.019557780321280832,EUR_JPY,bear_engulf,False,short,420
125,0.07140406449884458,0.08698461559540623,-0.09908578206815162,0.2418939110658408,54,-0.13429177622459973,0.1349088387741092,-0.3987131002218538,0.1301295477726543,EUR_JPY,bear_engulf,True,short,179
611,0.04579633277630782,0.040119442027718645,-0.03283777359802073,0.12443043915063637,262,0.2844668780621038,0.058232171979491536,0.17033182098230037,0.3986019351419072,GBP_JPY,hammer,False,long,873
199,0.07738599758384597,0.07052476349432178,-0.060842538865024734,0.2156145340327167,86,0.22615270253003594,0.1031964410692001,0.023887678034403753,0.42841772702566816,GBP_JPY,hammer,True,long,285
425,0.002780214591349101,0.04840751097280752,-0.09209850691535365,0.09765893609805185,183,-0.11069146487426587,0.07275935067776541,-0.25329979220268606,0.03191686245415434,GBP_JPY,shooting_star,False,short,608
127,0.12303594394148107,0.08810582070111828,-0.04965146463271075,0.2957233525156729,55,-0.24510425672169922,0.12965843828702336,-0.499234795764265,0.009026282320866552,GBP_JPY,shooting_star,True,short,182
278,-0.1253182173806254,0.05921590136202225,-0.241381384050189,-0.009255050711061794,120,0.2258251698372828,0.0879344745664073,0.05347359968712451,0.3981767399874411,GBP_JPY,bull_engulf,False,long,398
113,0.023001434938642765,0.0937282034522213,-0.16070584382771097,0.2067087137049965,49,0.2653061224489796,0.13916511935699852,-0.007457511490737478,0.5380697563886967,GBP_JPY,bull_engulf,True,long,162
299,-0.007806525617982408,0.057559184960443495,-0.12062252814045166,0.10500947690448684,129,-0.21477086009188692,0.08576578686036414,-0.3828718023382006,-0.04666991784557323,GBP_JPY,bear_engulf,False,short,428
122,0.030564435605082547,0.09017949371642195,-0.14618737207910448,0.20731624328926956,53,-0.09433962264150944,0.13805656836684024,-0.36493049664051636,0.17625125135749745,GBP_JPY,bear_engulf,True,short,175
528,-0.02222441756424396,0.0430854273935713,-0.10667185525564371,0.0622230201271558,227,0.09958931980682256,0.06378186276795503,-0.025423131218369283,0.2246017708320144,GBP_AUD,hammer,False,long,755
153,0.054355095473035124,0.08075155170840743,-0.10391794587544345,0.2126281368215137,66,-0.003499103121402918,0.12148745156812343,-0.24161450819492483,0.234616301952119,GBP_AUD,hammer,True,long,219
510,0.002768213795460977,0.04382563618380316,-0.08313003312479321,0.08866646071571517,220,-0.09045938595891514,0.06499683354292861,-0.2178531797030552,0.036934407785224915,GBP_AUD,shooting_star,False,short,730
161,0.035868771159406815,0.07837010216861895,-0.11773662909108631,0.18947417140989994,69,-0.19807828633180438,0.1134340167815521,-0.4204089592236465,0.024252386560037725,GBP_AUD,shooting_star,True,short,230
311,-0.030189980571616003,0.05644923847921662,-0.14083048799088058,0.08045052684764856,134,0.08464672343944248,0.08237816748600452,-0.07681448483312638,0.24610793171201134,GBP_AUD,bull_engulf,False,long,445
125,0.0002771614601665888,0.08926749474611972,-0.17468712824222807,0.17524145116256126,55,0.07785235987757243,0.12951349480861366,-0.1759940899473103,0.3316988097024552,GBP_AUD,bull_engulf,True,long,180
293,-0.07603914330256424,0.05782471948416884,-0.18937559349153515,0.037297306886406686,126,0.041804430045361926,0.08549227129490725,-0.12576042169265628,0.2093692817833801,GBP_AUD,bear_engulf,False,short,419
120,-0.0460693177379065,0.0910554766081189,-0.2245380518898195,0.13239941641400654,52,-0.08109687124753018,0.13496174467555974,-0.34562189081162725,0.1834281483165669,GBP_AUD,bear_engulf,True,short,172
525,-0.08942189852668726,0.04261602795806071,-0.17294931332448626,-0.005894483728888275,226,0.09955448970648706,0.06318651835828737,-0.024291086275756185,0.2234000656887303,GBP_CAD,hammer,False,long,751
170,-0.07062620613989458,0.07545365629530687,-0.21851537247869607,0.0772629601989069,73,-0.029414232615667554,0.11428382550964512,-0.25341053061457197,0.19458206538323689,GBP_CAD,hammer,True,long,243
499,-0.004175173146477318,0.043852200241468776,-0.09012548561975613,0.08177513932680149,214,-0.08784046898951008,0.06482533555368276,-0.2148981266747283,0.03921718869570813,GBP_CAD,shooting_star,False,short,713
159,-0.04084253112466952,0.07729490917838694,-0.19234055311430792,0.1106554908649689,69,-0.07385266525213355,0.11238226249283591,-0.2941218997380919,0.14641656923382482,GBP_CAD,shooting_star,True,short,228
329,0.027380353174987777,0.05415448096448283,-0.07876242951539858,0.13352313586537412,142,0.0767004699924681,0.07913464952877902,-0.07840344308393879,0.231804383068875,GBP_CAD,bull_engulf,False,long,471
135,-0.02701181530575282,0.0845446261698848,-0.192719282598727,0.1386956519872214,59,0.18058458858787643,0.12119829355444872,-0.05696406677884305,0.41813324395459595,GBP_CAD,bull_engulf,True,long,194
296,-0.033833575614703335,0.057462530225369006,-0.1464601348564266,0.07879298362701992,127,-0.07771404209753092,0.08420276795125704,-0.2427514672819947,0.08732338308693287,GBP_CAD,bear_engulf,False,short,423
109,-0.0542011943736696,0.0948715075403807,-0.24014934915281577,0.13174696040547657,47,-0.1511944165773436,0.14169434529124217,-0.4289153333481782,0.12652650019349107,GBP_CAD,bear_engulf,True,short,156
561,0.01887712063363504,0.04092086530732675,-0.061327775368725385,0.09908201663599547,241,-0.023286112500924452,0.0597429220197297,-0.14038223965959468,0.09381001465774576,GBP_CHF,hammer,False,long,802
165,-0.022333954229879365,0.0755388822791205,-0.17039016349695554,0.12572225503719683,72,-0.06745503287530424,0.11037395094346204,-0.28378797672448985,0.14887791097388137,GBP_CHF,hammer,True,long,237
446,0.03846960947794893,0.046464734718182944,-0.052601270569689634,0.1295404895255875,192,0.027781757451283362,0.06631129179016704,-0.10218837445744403,0.15775188936001075,GBP_CHF,shooting_star,False,short,638
131,0.08712835890114434,0.08583422902779386,-0.08110672999333163,0.2553634477956203,57,-0.15054134190771334,0.12594174254127996,-0.39738715728862206,0.09630447347319537,GBP_CHF,shooting_star,True,short,188
284,-0.05610001986801292,0.0578242241514566,-0.16943549920486786,0.057235459468842016,123,-0.1339365767194144,0.08342601447518053,-0.2974515650907682,0.029578411651939446,GBP_CHF,bull_engulf,False,long,407
107,-0.05371882834649358,0.0928698348794921,-0.2357437047102981,0.12830604801731094,46,-0.24887542720487782,0.13617656984757165,-0.5157815041061182,0.01803064969636259,GBP_CHF,bull_engulf,True,long,153
294,0.009851876581764056,0.05719542087844894,-0.10225114833999588,0.12195490150352398,127,0.026319469822829296,0.084009244347003,-0.1383386490972966,0.19097758874295517,GBP_CHF,bear_engulf,False,short,421
125,-0.01338321101051379,0.08745867735240621,-0.18480221862122997,0.1580357966002024,54,0.06552589407414143,0.13106753286904596,-0.19136647034918863,0.3224182584974715,GBP_CHF,bear_engulf,True,short,179
525,-0.0419383292289911,0.043313817860737576,-0.12683341223603675,0.04295675377805455,225,0.09666332200321247,0.06275025525467907,-0.026327178295958514,0.21965382230238345,GBP_NZD,hammer,False,long,750
171,-0.04198124807937821,0.07607710691648382,-0.19109237763568648,0.10712988147693008,74,0.13209199961725177,0.10659385723760574,-0.07683196056845548,0.341015959802959,GBP_NZD,hammer,True,long,245
479,-0.0037178966611644392,0.04533759563894381,-0.0925795841134943,0.08514379079116542,206,-0.08332123200915914,0.06532357814161573,-0.21135544516672597,0.04471298114840769,GBP_NZD,shooting_star,False,short,685
157,0.030592583766196002,0.07913763358096805,-0.12451717805250137,0.18570234558489337,68,-0.04638767409869004,0.11335196489345635,-0.2685575252898645,0.1757821770924844,GBP_NZD,shooting_star,True,short,225
314,-0.09897189667200228,0.05585397460380864,-0.20844568689546722,0.010501893551462665,135,0.21848888303911398,0.08112844773892397,0.05947712547082301,0.37750064060740496,GBP_NZD,bull_engulf,False,long,449
136,-0.02287677422142505,0.08547230775887178,-0.19040249742881374,0.14464894898596362,59,0.13396293934201545,0.12237683380401679,-0.10589565491385744,0.37382153359788833,GBP_NZD,bull_engulf,True,long,195
317,-0.03085038943268152,0.05599322450544858,-0.14059710946336074,0.0788963305979977,137,-0.19136667127029364,0.0813941837793037,-0.3508992714777289,-0.03183407106285838,GBP_NZD,bear_engulf,False,short,454
129,-0.009688820778050283,0.08774598835343049,-0.18167095795077404,0.16229331639467348,56,-0.16093146382088158,0.12949573294573022,-0.4147431003945128,0.09288017275274962,GBP_NZD,bear_engulf,True,short,185
569,0.01279298715039833,0.04002633477719987,-0.06565862901291342,0.09124460331371007,245,0.1382623103566084,0.06261023209871404,0.01554625544312889,0.26097836527008794,CHF_JPY,hammer,False,long,814
180,-0.0008425309123163786,0.07097831254454759,-0.13996002349962963,0.1382749616749969,78,0.21456304894390835,0.11060848703181485,-0.0022295856384487445,0.4313556835262654,CHF_JPY,hammer,True,long,258
434,-0.11577986246379116,0.04515897115450869,-0.20429144592662818,-0.027268279000954132,186,-0.17902455714257426,0.06981321005411198,-0.31585844884863373,-0.042190665436514785,CHF_JPY,shooting_star,False,short,620
128,-0.10596927194756195,0.08503089680872636,-0.2726298296926656,0.06069128579754171,55,-0.2713892189568531,0.12635963108983633,-0.5190540958929323,-0.023724342020773864,CHF_JPY,shooting_star,True,short,183
287,-0.02648785162965809,0.056624420455498065,-0.1374717157224343,0.08449601246311811,123,0.27665841001599045,0.08640410424944721,0.10730636568707394,0.44601045434490694,CHF_JPY,bull_engulf,False,long,410
104,-0.11691303810186991,0.09512440184925636,-0.30335686572641235,0.06953078952267254,45,0.3333333333333333,0.14213381090374028,0.054751063962002355,0.6119156027046643,CHF_JPY,bull_engulf,True,long,149
302,-0.05716716814311986,0.05354472128554487,-0.1621148218627878,0.04778048557654808,130,-0.25123214364475643,0.08254569324485062,-0.4130217024046636,-0.08944258488484924,CHF_JPY,bear_engulf,False,short,432
127,0.006135964145934602,0.08418984123831139,-0.15887612468115572,0.1711480529730249,55,-0.3347970536572075,0.12365594958773894,-0.5771627148491758,-0.09243139246523921,CHF_JPY,bear_engulf,True,short,182
573,0.025382163899804123,0.04177292458497331,-0.05649276828674356,0.1072570960863518,246,0.1724110901429896,0.06268524333085429,0.0495480132145152,0.29527416707146403,NZD_JPY,hammer,False,long,819
189,0.13227513227513227,0.07229164077884698,-0.009416483651407792,0.2739667482016723,82,0.07317073170731707,0.11081326992011314,-0.1440232773361047,0.2903647407507388,NZD_JPY,hammer,True,long,271
420,-0.03962812710615929,0.04858631698055557,-0.1348573083880482,0.055601054175729636,181,-0.16166450636170768,0.07314537903684457,-0.30502944927392306,-0.018299563449492323,NZD_JPY,shooting_star,False,short,601
121,-0.11278946675674587,0.09003901245984691,-0.2892659311780458,0.06368699766455407,53,-0.3256844462541338,0.12837576773949502,-0.5773009510235441,-0.07406794148472357,NZD_JPY,shooting_star,True,short,174
287,0.08013937282229969,0.058941053904705276,-0.03538509283092266,0.19566383847552205,124,0.1527830402847443,0.08874083649774295,-0.021148999250831885,0.32671507982032044,NZD_JPY,bull_engulf,False,long,411
122,0.04918032786885246,0.09079908322937595,-0.1287858752607244,0.22714653099842932,53,0.3584905660377358,0.12945778299551675,0.104753311366523,0.6122278207089487,NZD_JPY,bull_engulf,True,long,175
330,0.07628302276362892,0.05488982356813754,-0.03130103142992066,0.1838670769571785,142,0.0,0.0842151921066519,-0.16506177652903772,0.16506177652903772,NZD_JPY,bear_engulf,False,short,472
133,-0.05884663524813876,0.08656948259966478,-0.22852282114348174,0.1108295506472042,58,-0.034482758620689655,0.13237446481895077,-0.2939367096658332,0.22497119242445385,NZD_JPY,bear_engulf,True,short,191
569,0.006405699891699191,0.04172010797372074,-0.07536571173679346,0.08817711152019184,244,0.1758695025511388,0.06301750951429912,0.05235518390311254,0.29938382119916507,AUD_JPY,hammer,False,long,813
193,0.08108558448582416,0.07159488819810109,-0.05924039638245397,0.22141156535410228,83,0.13253012048192772,0.10945740719484282,-0.0820063976199642,0.34706663858381964,AUD_JPY,hammer,True,long,276
439,-0.010296137910908018,0.047630265447012,-0.10365145818705153,0.0830591823652355,189,-0.1615728721512977,0.07168176743818044,-0.3020691363301314,-0.021076607972464023,AUD_JPY,shooting_star,False,short,628
128,-0.078125,0.08846443675218811,-0.2515152960342887,0.09526529603428868,56,0.07969155648937032,0.13259592010747384,-0.1801964469212784,0.33957955990001903,AUD_JPY,shooting_star,True,short,184
301,0.003553429124304201,0.057412550609621874,-0.10897517007055467,0.11608202831916307,129,0.08527131782945736,0.08806641680233926,-0.0873388591031276,0.2578814947620423,AUD_JPY,bull_engulf,False,long,430
105,0.056794612771918405,0.097431598107693,-0.13417131951915987,0.2477605450629967,45,-0.06666666666666667,0.15042028661807097,-0.36149042843808576,0.22815709510475246,AUD_JPY,bull_engulf,True,long,150
326,-0.038795500649651996,0.05517495393787877,-0.1469384103678944,0.0693474090685904,141,0.01274310699222413,0.08422072685127212,-0.1523295176362692,0.17781573162071748,AUD_JPY,bear_engulf,False,short,467
123,-0.02192936720736974,0.09032465246783411,-0.1989656860443246,0.15510695162958513,53,0.05660377358490566,0.13845271428402697,-0.2147635464117872,0.3279710935815985,AUD_JPY,bear_engulf,True,short,176
452,-0.025687076007699042,0.03927131491323991,-0.10265885323764926,0.05128470122225118,194,0.025201926694952803,0.05859223925942423,-0.08963886225351868,0.1400427156434243,USD_SGD,hammer,False,long,646
153,-0.03977848794596773,0.06709356143491058,-0.17128186835839246,0.09172489246645701,66,-0.06412583737897859,0.10006793930732118,-0.2602589984213281,0.13200732366337092,USD_SGD,hammer,True,long,219
500,0.00966351837235855,0.03760353000711097,-0.06403940044157894,0.08336643718629605,215,-0.021013986883463686,0.057748839076690504,-0.13420171147377707,0.0921737377068497,USD_SGD,shooting_star,False,short,715
163,-0.02004733343021938,0.06392681156337877,-0.1453438840944418,0.10524921723400302,71,0.007759332918235098,0.10083855337912442,-0.18988423170484875,0.20540289754131896,USD_SGD,shooting_star,True,short,234
321,-0.04846625373633652,0.04635901813981976,-0.13932992929038324,0.04239742181771021,138,-0.1701987488205443,0.06995179846923527,-0.30730427382024544,-0.033093223820843176,USD_SGD,bull_engulf,False,long,459
130,-0.03355108239897197,0.07275157517507372,-0.17614416974211647,0.10904200494417252,57,0.01580155718813533,0.11679424537420748,-0.2131151637453113,0.24471827812158198,USD_SGD,bull_engulf,True,long,187
311,0.05699676929879708,0.04766806330258561,-0.036432634774270715,0.15042617337186487,134,0.01131755307329422,0.07049294698931433,-0.12684862302576186,0.14948372917235028,USD_SGD,bear_engulf,False,short,445
116,0.08579730166019675,0.0775271726660926,-0.06615595676534475,0.23775056008573825,50,-0.054297615303380044,0.1068204217185578,-0.26366564187175334,0.15507041126499324,USD_SGD,bear_engulf,True,short,166
466,-0.041063540497588535,0.04615986576754585,-0.1315368774019784,0.04940979640680132,200,-0.11000000000000015,0.07045794212180909,-0.24809756655874596,0.02809756655874565,USD_PLN,hammer,False,long,666
130,0.052379182507601825,0.0875968511250264,-0.11931064569744992,0.22406901071265356,56,0.03571428571428571,0.13475395017289296,-0.2284034566245845,0.2998320280531559,USD_PLN,hammer,True,long,186
415,0.038298731949234936,0.048825659182783684,-0.05739956004902109,0.13399702394749097,178,-0.005934940447744463,0.0748437709583337,-0.1526287315260785,0.1407588506305896,USD_PLN,shooting_star,False,short,593
125,0.04555249181060664,0.08894127469152552,-0.12877240658478337,0.21987739020599664,55,-0.09090909090909091,0.13551927136362363,-0.35652686278179324,0.1747086809636114,USD_PLN,shooting_star,True,short,180
277,0.01561663902747445,0.05992097148344051,-0.10182846508006894,0.13306174313501784,119,-0.1675762346507194,0.09036383763580817,-0.34468935641690346,0.009536887115464604,USD_PLN,bull_engulf,False,long,396
116,-0.01283022822262913,0.09293617447628229,-0.19498513019614241,0.16932467375088414,50,-0.17883143846871197,0.13909969948307685,-0.4514668494555426,0.09380397251811867,USD_PLN,bull_engulf,True,long,166
280,-0.00697594797630616,0.05960125604321598,-0.12379440982100948,0.10984251386839716,121,-0.012495876436283365,0.09008980365070518,-0.18907189159166551,0.1640801387190988,USD_PLN,bear_engulf,False,short,401
113,-0.14586985703752117,0.09273325202117622,-0.32762703099902657,0.0358873169239842,49,-0.06986113797376362,0.14299629350827056,-0.3501338732499739,0.21041159730244666,USD_PLN,bear_engulf,True,short,162
452,-0.019473897922260744,0.04655606321378325,-0.11072378182127592,0.07177598597675443,194,-0.029971934169146213,0.07136650255842515,-0.1698502791836595,0.10990641084536708,USD_CZK,hammer,False,long,646
125,-0.04687481917127565,0.08921750011411325,-0.22174111939493762,0.12799148105238634,55,0.06970435124941551,0.13454051284522628,-0.19399505392722796,0.333403756426059,USD_CZK,hammer,True,long,180
422,0.11075234903103902,0.047559833236747805,0.01753507588701332,0.2039696221750647,182,-0.0974444300314488,0.07368993467564147,-0.2418767019957061,0.046987841932808486,USD_CZK,shooting_star,False,short,604
115,0.10685068337964376,0.0915861222640704,-0.07265811625793422,0.28635948301722175,50,0.034627574260602055,0.1421051082350521,-0.24389843788010004,0.31315358640130414,USD_CZK,shooting_star,True,short,165
294,-0.04388324329707403,0.05770688464655225,-0.15698873720431644,0.06922225061016837,127,0.08953579383632684,0.08793281697351857,-0.08281252743176953,0.2618841151044232,USD_CZK,bull_engulf,False,long,421
109,0.061538105690652274,0.09458088639313258,-0.12384043163988759,0.24691664302119212,47,-0.013382003889074269,0.14385348203322812,-0.2953348286742014,0.26857082089605283,USD_CZK,bull_engulf,True,long,156
301,0.04562596127496017,0.0569592284142114,-0.06601412641689418,0.1572660489668145,129,0.06267306121664687,0.08767129445075392,-0.10916267590683079,0.23450879834012453,USD_CZK,bear_engulf,False,short,430
116,0.08265971718458057,0.09198883320670379,-0.09763839590055884,0.26295783026971997,51,0.09803921568627451,0.14074006623471655,-0.17781131413376994,0.3738897455063189,USD_CZK,bear_engulf,True,short,167
461,-0.08162904449478514,0.046286144286854035,-0.17234988729701906,0.009091798307448759,199,0.15577889447236182,0.07019931710065869,0.0181882329550708,0.29336955598965286,USD_HUF,hammer,False,long,660
135,0.021155799640813686,0.08595351526834244,-0.1473130902851375,0.18962468956676487,58,0.13793103448275862,0.13118722590563484,-0.11919592829228565,0.3950579972578029,USD_HUF,hammer,True,long,193
438,0.03541121531014642,0.04768401168514108,-0.058049447592730105,0.12887187821302293,188,-0.0851063829787234,0.07286192727983505,-0.22791576044720008,0.05770299448975329,USD_HUF,shooting_star,False,short,626
132,0.06377595794727013,0.08697280444443371,-0.10669073876381995,0.2342426546583602,57,-0.19298245614035087,0.13111866024589802,-0.449975030222311,0.06401011794160927,USD_HUF,shooting_star,True,short,189
270,0.04006849673372372,0.060812736758602985,-0.07912446731313813,0.15926146078058556,116,-0.10344827586206896,0.09275017657178389,-0.2852386219427654,0.07834207021862745,USD_HUF,bull_engulf,False,long,386
100,0.059999999999999894,0.10032271160931835,-0.13663251475426408,0.25663251475426385,44,-0.13636363636363635,0.15107405843505764,-0.4324687908963493,0.1597415181690766,USD_HUF,bull_engulf,True,long,144
297,0.05803505334953901,0.05781392202615163,-0.05528023382171819,0.17135034052079623,128,-0.09193169192145015,0.08821658864880529,-0.2648362056731085,0.08097282183020821,USD_HUF,bear_engulf,False,short,425
116,0.05172413793103439,0.09312565674377313,-0.13080214928676093,0.2342504251488297,50,-0.03534513131891238,0.1421787014713427,-0.31401538620274405,0.2433251235649193,USD_HUF,bear_engulf,True,short,166
433,0.07938102832692251,0.044466458132422074,-0.007773229612624749,0.16653528626646977,186,-0.13093315111225576,0.06716715668667088,-0.26258077821813064,0.0007144759936191514,EUR_HUF,hammer,False,long,619
121,0.04591357295274095,0.08422908208527373,-0.11917542793439556,0.21100257383987747,52,-0.10274223085607218,0.12861618698739613,-0.3548299573513686,0.14934549563922425,EUR_HUF,hammer,True,long,173
424,-0.09984551904847787,0.04509976026854246,-0.1882410491748211,-0.01144998892213464,183,0.013594461924716089,0.07106681654061943,-0.125696498494898,0.15288542234433017,EUR_HUF,shooting_star,False,short,607
146,-0.016160085604009597,0.0781812791893598,-0.1693953928151548,0.1370752216071356,63,-0.07196950800688945,0.12019094666186665,-0.3075437634641481,0.16360474745036918,EUR_HUF,shooting_star,True,short,209
206,0.08975132785378859,0.06383989550335695,-0.03537486733279102,0.2148775230403682,89,-0.1525275187099749,0.10152555711977854,-0.35151761066474085,0.04646257324479103,EUR_HUF,bull_engulf,False,long,295
72,0.03781511113594063,0.10561817805049628,-0.16919651784303208,0.24482674011491334,31,-0.027740012172080733,0.17721740947161496,-0.37508613473644603,0.3196061103922846,EUR_HUF,bull_engulf,True,long,103
193,-0.1368934011404816,0.06409564409713447,-0.2625208635708651,-0.011265938710098039,83,0.06908375210993001,0.10529057009228665,-0.13728576527095182,0.27545326949081184,EUR_HUF,bear_engulf,False,short,276
69,-0.025297153754645856,0.11140874817120569,-0.243658300170209,0.19306399266091728,30,0.0857779995329112,0.17848425475129848,-0.2640511397796338,0.4356071388454562,EUR_HUF,bear_engulf,True,short,99
434,0.08144833762969751,0.04331236291533887,-0.003443893684366664,0.1663405689437617,187,-0.11580223937178208,0.05723668590274474,-0.22798614374116177,-0.003618335002402384,EUR_PLN,hammer,False,long,621
136,0.04989622795262782,0.07858257078554386,-0.10412561078703814,0.2039180666922938,59,-0.1473322518561362,0.10156979699758009,-0.34640905397139315,0.05174455025912078,EUR_PLN,hammer,True,long,195
418,0.06437225656588351,0.04353332614989282,-0.020953062687906407,0.1496975758196734,180,-0.020554012266091555,0.05675300569179107,-0.13178990342200206,0.09068187888981893,EUR_PLN,shooting_star,False,short,598
113,0.07069734784710291,0.08359706182883628,-0.09315289333741619,0.234547589031622,49,0.12186200702745136,0.10096255488859192,-0.07602460055418879,0.3197486146090915,EUR_PLN,shooting_star,True,short,162
221,-0.012066220337832166,0.06037629919240785,-0.13040376675495155,0.10627132607928721,96,-0.019870568705508726,0.08259154192868234,-0.18174999088572613,0.14200885347470865,EUR_PLN,bull_engulf,False,long,317
78,-0.011235572540609912,0.10386266372319798,-0.21480639343807795,0.1923352483568581,34,0.18820268407408758,0.11654789234033976,-0.040231184912978335,0.4166365530611535,EUR_PLN,bull_engulf,True,long,112
242,-0.05701402175153563,0.056767134025733086,-0.16827760444197248,0.054249560938901216,104,0.11194832103365834,0.07580680841548464,-0.03663302346069153,0.2605296655280082,EUR_PLN,bear_engulf,False,short,346
93,-0.07841876066388188,0.09335024714546195,-0.2613852450689873,0.10454772374122352,41,0.06759297239642456,0.11765162522930085,-0.1630042130530051,0.29819015784585423,EUR_PLN,bear_engulf,True,short,134
448,0.11395079053253043,0.043054510212164915,0.0295639505166872,0.19833763054837367,192,-0.0769485208315267,0.06878321218842368,-0.2117636167208371,0.0578665750577837,EUR_SEK,hammer,False,long,640
133,0.17320905859741872,0.07816063346769167,0.020014217000743045,0.3264039001940944,57,-0.03359452538490356,0.12854808413683108,-0.28554877029309245,0.21835971952328534,EUR_SEK,hammer,True,long,190
454,-0.13511611153665978,0.043289372892480665,-0.2199632824059219,-0.05026894066739768,195,0.09994100201111841,0.0661752758161865,-0.029762538588607113,0.22964454261084394,EUR_SEK,shooting_star,False,short,649
136,-0.23753641427412178,0.07814823927325182,-0.39070696324969534,-0.08436586529854823,59,0.14949509671409414,0.12594389592940713,-0.09735493930754385,0.39634513273573213,EUR_SEK,shooting_star,True,short,195
239,0.10667994335234283,0.05878402981396076,-0.00853675508302025,0.2218966417877059,103,-0.2716661957048911,0.0903709445901855,-0.4487932471016547,-0.09453914430812749,EUR_SEK,bull_engulf,False,long,342
86,0.03259579404941334,0.0992502194055337,-0.1619346359854327,0.2271262240842594,37,-0.24717325063908924,0.15549184471662095,-0.5519372662836664,0.05759076500548782,EUR_SEK,bull_engulf,True,long,123
259,-0.11935566038549761,0.056278506545481215,-0.22966153321464078,-0.009049787556354424,111,-0.04026639157799374,0.08629985795865658,-0.20941411317696063,0.12888133002097313,EUR_SEK,bear_engulf,False,short,370
89,-0.06830425619148414,0.09666383368731556,-0.25776537021862267,0.12115685783565436,39,-0.07108938691470232,0.14775662285741614,-0.36069236771523794,0.21851359388583333,EUR_SEK,bear_engulf,True,short,128
514,-0.02693914411401892,0.04380175095620855,-0.11279057598818767,0.05891228776014984,221,-0.010328010282399965,0.0650719034387632,-0.13786894102237585,0.11721292045757592,NZD_CAD,hammer,False,long,735
155,-0.06596343736510162,0.07964132819974372,-0.2220604406365993,0.09013356590639608,67,-0.14032830359556936,0.11986775101201952,-0.3752690955791276,0.09461248838798889,NZD_CAD,hammer,True,long,222
475,-0.0006289302624244448,0.04556405331933571,-0.08993447476832243,0.08867661424347355,205,0.06457180593636375,0.06763281392070164,-0.06798850934821146,0.19713212122093896,NZD_CAD,shooting_star,False,short,680
157,0.12862503906728992,0.07915119483780764,-0.026511302814813037,0.28376138094939285,68,0.039187143906907806,0.11852201865264457,-0.19311601265227554,0.27149030046609113,NZD_CAD,shooting_star,True,short,225
289,-0.07727796133031153,0.05824481639939443,-0.1914378014731246,0.036881878812501545,124,-0.14576871189191798,0.08687209028730512,-0.316038008855036,0.024500585071200065,NZD_CAD,bull_engulf,False,long,413
118,0.019336057545851885,0.09224292482539148,-0.16146007511191543,0.2001321902036192,51,-0.20855097569433856,0.13164648919070196,-0.4665780945081144,0.049476143119437266,NZD_CAD,bull_engulf,True,long,169
315,0.030059277275955292,0.055633438934805254,-0.078982263036263,0.13910081758817358,136,-0.08507814470611208,0.08395887545740656,-0.24963754060262894,0.07948125119040478,NZD_CAD,bear_engulf,False,short,451
136,0.029702633710995966,0.08516540088397456,-0.13722155202159417,0.1966268194435861,59,0.049820413860513675,0.12824463111186013,-0.2015390631187322,0.30117989083975955,NZD_CAD,bear_engulf,True,short,195
468,-0.029132188534592113,0.04583153073206535,-0.1189619887694402,0.06069761170025598,202,0.043622975134611046,0.0694964774808249,-0.09259012072780573,0.17983607099702784,NZD_CHF,hammer,False,long,670
143,-0.11110787472761072,0.08257747284717094,-0.2729597215080658,0.05074397205284434,62,-0.0472332569601272,0.12686138883788486,-0.29588157908238155,0.20141506516212712,NZD_CHF,hammer,True,long,205
454,-0.044834652175416954,0.04655455981129585,-0.1360815894055568,0.04641228505472291,196,-0.007447467705568947,0.07031878107455432,-0.14527227861169542,0.13037734320055752,NZD_CHF,shooting_star,False,short,650
138,-0.19014833501040104,0.08290481806971466,-0.35264177842704175,-0.027654891593760333,60,-0.11676230226700064,0.1263044964186348,-0.36431911524752486,0.1307945107135236,NZD_CHF,shooting_star,True,short,198
265,0.020578399845278834,0.06097845476595357,-0.09893937149599016,0.14009617118654782,114,-0.15720682246770867,0.09134165609538132,-0.33623646841465604,0.021822823479238723,NZD_CHF,bull_engulf,False,long,379
104,-0.036642812011344485,0.09830425620081726,-0.2293191541649463,0.15603353014225735,45,-0.17924400736838583,0.1466091050374536,-0.4665978532417949,0.10810983850502323,NZD_CHF,bull_engulf,True,long,149
279,-0.012131562534070236,0.059405250423068115,-0.12856585336328374,0.10430272829514327,120,0.05086119236772684,0.09052081391183231,-0.12655960289946447,0.22828198763491817,NZD_CHF,bear_engulf,False,short,399
113,-0.14013086775983885,0.09207479060372141,-0.32059745734313283,0.0403357218234551,49,0.07258336681569226,0.14276554797789087,-0.20723710722097383,0.3524038408523584,NZD_CHF,bear_engulf,True,short,162
410,0.12263410887659833,0.04774580179548429,0.029052337357449123,0.21621588039574752,177,-0.0656409415558587,0.07417631431333667,-0.21102651760999858,0.07974463449828118,EUR_NOK,hammer,False,long,587
119,0.1947985522480956,0.0872291098080404,0.023829497024336427,0.36576760747185477,52,-0.08427603723025946,0.13634930487675026,-0.35152067478869,0.18296860032817108,EUR_NOK,hammer,True,long,171
494,-0.029240137425838093,0.04372492527462618,-0.1149409909641054,0.05646071611242922,213,-0.0044452234153776,0.06680415281547224,-0.13538136293370318,0.126490916102948,EUR_NOK,shooting_star,False,short,707
152,0.037490621694395126,0.07893106328188378,-0.11721426233809706,0.19219550572688732,66,0.1548352385533563,0.12093119950478669,-0.08218991247602561,0.39186038958273817,EUR_NOK,shooting_star,True,short,218
249,0.028708971897390217,0.06182503381576505,-0.09246809438150927,0.1498860381762897,107,-0.11959363211463027,0.09471211422855816,-0.30522937600260425,0.06604211177334372,EUR_NOK,bull_engulf,False,long,356
102,0.11840687831504834,0.09652960365216129,-0.07079114484318777,0.30760490147328445,45,-0.1111111111111111,0.14982219165849828,-0.40476260676176773,0.18254038453954552,EUR_NOK,bull_engulf,True,long,147
251,-0.1139095886014217,0.06075897085746817,-0.23299717148205928,0.005177994279215906,108,0.10980806951994569,0.09510000089479455,-0.07658793223385162,0.296204071273743,EUR_NOK,bear_engulf,False,short,359
93,-0.1267386715631986,0.09959304075312171,-0.3219410314393172,0.06846368831291996,40,0.5464817877038535,0.12877413008944635,0.29408449272853865,0.7988790826791683,EUR_NOK,bear_engulf,True,short,133
473,-0.05708245243128959,0.045953679552986154,-0.14715166435514246,0.03298675949256327,203,-0.08374384236453201,0.07011260281571483,-0.22116454388333306,0.05367685915426905,USD_ZAR,hammer,False,long,676
129,-0.0077519379844960415,0.08838569186815023,-0.18098789404607052,0.1654840180770784,56,-0.10714285714285714,0.13406378455884793,-0.3699078748781991,0.1556221605924848,USD_ZAR,hammer,True,long,185
478,0.05439330543933055,0.04571907125663139,-0.035216074223666974,0.14400268510232805,206,0.03883495145631073,0.06979034270132034,-0.09795412023827714,0.1756240231508986,USD_ZAR,shooting_star,False,short,684
170,0.023529411764705816,0.07690178038974434,-0.12719807779919307,0.17425690132860472,73,-0.09589041095890397,0.11730806007913362,-0.32581420871400585,0.13403338679619792,USD_ZAR,shooting_star,True,short,243
298,-0.08053691275167785,0.057837395592331094,-0.1938982081126468,0.03282438260929109,128,-0.109375,0.08820328655361016,-0.28225344164507593,0.06350344164507593,USD_ZAR,bull_engulf,False,long,426
131,-0.25190839694656497,0.08487738484461034,-0.41826807124200127,-0.0855487226511287,57,-0.08771929824561403,0.13311550601392982,-0.3486256900329165,0.17318709354168843,USD_ZAR,bull_engulf,True,long,188
312,0.08333333333333333,0.05650756303578259,-0.027421490216800543,0.1940881568834672,134,0.22388059701492513,0.08450997531013187,0.05824104540706668,0.3895201486227836,USD_ZAR,bear_engulf,False,short,446
122,0.08196721311475427,0.09060318422396821,-0.09561502796422341,0.259549454193732,53,0.132075471698113,0.1374602089120647,-0.13734653776953382,0.40149748116575984,USD_ZAR,bear_engulf,True,short,175
440,-0.008654899901835418,0.04759876642692111,-0.10194848209860079,0.08463868229492995,189,0.12169312169312169,0.07239044488980247,-0.020192150290891137,0.26357839367713454,USD_NOK,hammer,False,long,629
135,-0.0336607492131537,0.0861122699338318,-0.20244079828346404,0.13511929985715662,58,0.10344827586206896,0.1317426021905984,-0.15476722443150392,0.3616637761556418,USD_NOK,hammer,True,long,193
481,-0.027689785928965434,0.04551936350334808,-0.11690773839552768,0.0615281665375968,207,-0.06280193236714976,0.06953576705171692,-0.19909203578851492,0.0734881710542154,USD_NOK,shooting_star,False,short,688
149,-0.020134228187919535,0.08218283065475139,-0.18121257627123227,0.14094411989539318,65,-0.13846153846153847,0.12379597645716217,-0.3811016523175763,0.10417857539449937,USD_NOK,shooting_star,True,short,214
286,0.06343923517586501,0.05868670358871684,-0.051586703858019986,0.17846517420975,123,0.1126790601881207,0.08959534632721816,-0.0629278186132269,0.2882859389894683,USD_NOK,bull_engulf,False,long,409
128,0.09369175612164021,0.08776537611140885,-0.07832838105672113,0.26571189330000156,56,0.14285714285714285,0.13345696185626107,-0.11871850238112885,0.40443278809541455,USD_NOK,bull_engulf,True,long,184
292,-0.09329330280041853,0.05827036389632014,-0.207503216037206,0.020916610436368943,126,-0.06349206349206349,0.08926225441354346,-0.23844608214260868,0.1114619551584817,USD_NOK,bear_engulf,False,short,418
107,-0.09571630296936648,0.0962523371345546,-0.2843708837530935,0.09293827781436054,46,-0.13043478260869565,0.14779766706066041,-0.4201182100475901,0.15924864483019877,USD_NOK,bear_engulf,True,short,153
